y,y_prob
0,0.7865084353108693
0,0.6384837992627109
0,0.8547633768426647
0,0.765761770917128
0,0.7964120978226704
0,0.7399110476013673
0,0.5968141066041128
0,0.8964136853025483
0,0.9061424617297216
0,0.7683092803299135
0,0.7399914826646552
0,0.8384512133917249
0,0.8382073470020833
0,0.7609819646630878
0,0.8553890705333452
0,0.9100195766187538
0,0.6330447450239974
0,0.6013089947448647
0,0.8362684888416813
0,0.6418838037992337
0,0.8873997634335603
0,0.7965286468470485
0,0.696001556182592
0,0.7851383893179578
0,0.5236289896271487
0,0.7215860880660487
0,0.7447678196819225
0,0.8207565848075677
0,0.8940959545772523
0,0.749990752963893
0,0.8519696233007444
0,0.911923252358167
0,0.6623108112540541
0,0.6598043104146116
0,0.511532464763916
0,0.9234240548486713
0,0.8002868079726179
0,0.7847311358169352
0,0.8143901298209606
0,0.7969114561782078
0,0.8886220298842182
0,0.6690569286998496
0,0.9303245739937578
0,0.8788020748513993
0,0.7550480619345492
0,0.8478591513765761
0,0.8652676609086941
0,0.698770239678951
0,0.7723654017788475
0,0.4996290263917904
0,0.8141065251799358
0,0.6241725671805813
0,0.8608104679152806
0,0.7363702922970528
0,0.7336786487895631
0,0.8173616318245864
0,0.6224505725489792
0,0.9022203138745138
0,0.8505762889294048
0,0.8512316899503672
0,0.8041339450102645
0,0.8037892253638683
0,0.9145169652067032
0,0.795564728866827
0,0.7960885516167907
0,0.8167669495325819
0,0.8146327194174645
0,0.8879632161743655
0,0.9707312153067986
0,0.7468568757986477
0,0.8628674024263073
0,0.8574283291994542
0,0.7352894344185167
0,0.7437422385341332
0,0.8352141784943551
0,0.7203367746469437
0,0.7574819024062086
0,0.8176691201899311
0,0.7465528625933863
0,0.8701811277104815
0,0.6859448225415263
0,0.6691109647004453
0,0.7105802208783447
0,0.783628325353161
0,0.7205582548252172
0,0.6893961256276275
0,0.7241983517045277
0,0.7318512996710574
0,0.8035154783555374
0,0.8496627555993275
0,0.842325803060555
0,0.6397490424874754
0,0.8899889964621308
0,0.8319361294199218
0,0.8754877774962397
0,0.8326199322495065
0,0.7782483309461067
0,0.9009521047205815
0,0.7123321358882928
0,0.8084172473299917
0,0.9236762781170116
0,0.8834173610133922
0,0.8566831821283363
0,0.7169069427822587
0,0.8303805644619002
0,0.9679930012700549
0,0.919742291460986
0,0.5790968610235405
0,0.9107392546084788
0,0.8460228806487591
0,0.913132272367256
0,0.7447871037229523
0,0.9299876175899099
0,0.7959851747245393
0,0.6806240230598262
0,0.7912080851492221
0,0.7766763654844153
0,0.7852517831759367
0,0.8152971177004501
0,0.6916775220702065
0,0.5829190611812776
0,0.8761822919226885
0,0.5776727298158807
0,0.7860804968400662
0,0.8427649297828306
0,0.6522581086016765
0,0.6554756445367323
0,0.7676629010822178
0,0.9269786372123993
0,0.47418734084455433
0,0.9204502833817736
0,0.7917850089215845
0,0.8936537951429693
0,0.9590350467205898
0,0.884685606889999
0,0.9456433019070509
0,0.9320342107806655
0,0.9328568210718414
0,0.8702042293541568
0,0.7504928479984432
0,0.9274561583276191
0,0.9232185444082169
0,0.7827872916322666
0,0.842995157321885
0,0.744208108581607
0,0.8537379752404634
0,0.6670072108169217
0,0.871431896752769
0,0.8707253130844111
0,0.5324336758000195
0,0.3603323414963166
0,0.7087594704443317
0,0.5551837890172678
0,0.5721696820348782
0,0.8282167662860381
0,0.4948370382121362
0,0.8235579450310273
0,0.5233820350366725
0,0.826390702421706
0,0.7497394723150169
0,0.915690708665826
0,0.8881400342517239
0,0.8111695145455905
0,0.6587684492458284
0,0.9274491515617014
0,0.8477669409386399
0,0.9058067401642438
0,0.7471676358432188
0,0.6515678021392487
0,0.904936062710331
0,0.8014957012466466
0,0.7599094635036002
0,0.8244025394843387
0,0.9261033401358438
0,0.7456386077779682
0,0.7362093473530518
0,0.7454176003077051
0,0.8373012946217799
0,0.9405098852107129
0,0.8406100726281065
0,0.8767046462136869
0,0.7783504431697359
0,0.8922199420607668
0,0.7844936449293446
0,0.6583043173162263
0,0.716585238637353
0,0.7511239085963831
0,0.9393454091103209
0,0.8200618434312094
0,0.898019791773308
0,0.7821084948086292
0,0.9590422122810357
0,0.7840651648635925
0,0.8938218396774624
0,0.8625861223884294
0,0.9053573558713275
0,0.6870354054438923
0,0.5782664875077408
0,0.7322987310505602
0,0.6986034301425966
0,0.2905135507128838
0,0.7135953651669431
0,0.8900319373433113
0,0.796390422991666
0,0.7578223637927949
0,0.7323714465804322
0,0.7533976778611996
0,0.6536818412102402
0,0.7514175883770791
0,0.8465477017595793
0,0.6384228288030309
0,0.5191125505081913
0,0.640855909097999
0,0.5534811292103307
0,0.5615721518242196
0,0.9173307570697723
0,0.7348986921506045
0,0.5527409706376071
0,0.7414348370794834
0,0.6513653523011277
0,0.49734886898590697
0,0.6246377320370777
0,0.662416566554052
0,0.8227570154644579
0,0.7766731544328304
0,0.9363121421078701
0,0.8869106824585453
0,0.7781907075100455
0,0.733592728031591
0,0.8155559383658629
0,0.8443018509940066
0,0.6038751876616416
0,0.4795951897144978
0,0.5539820089021262
0,0.2568413162342955
0,0.30261632431858226
0,0.7277453243091502
0,0.5172212653698376
0,0.942783960273556
0,0.8437524929619217
0,0.47024629138681384
0,0.8471202619065811
0,0.8889230455205464
0,0.8620645152143315
0,0.7207054096636469
0,0.6232477536718215
0,0.5423708440559304
0,0.9639034603060808
0,0.8697685023371384
0,0.8006225285645443
0,0.812389580522453
0,0.6491930518276637
0,0.8575847172320289
0,0.7595829478123194
0,0.7177429785202867
0,0.8574247438222715
0,0.8950100671938518
0,0.8158603383886135
0,0.9315786448991018
0,0.5826555683607688
0,0.7885761149105177
0,0.7933156224165837
0,0.8521921591575013
0,0.889417332201151
0,0.7548894058374103
0,0.34103709177581654
0,0.9107762130625481
0,0.772271927988154
0,0.6032019867220424
0,0.8698943087409804
0,0.7845318834358175
0,0.8280180486066547
0,0.7087065656428198
0,0.7026518454098787
0,0.5052018971730335
0,0.6399561142361486
0,0.5196892773200957
0,0.8263949521071758
0,0.5752953360491224
0,0.7307772178478057
0,0.7889049816189998
0,0.21027983675230966
0,0.8710575655990505
0,0.9629912377917248
0,0.7245766951539476
0,0.6170131662450646
0,0.8448627162393282
0,0.7302587932534041
0,0.4259264994884974
0,0.6767101462049203
0,0.9048502115697957
0,0.7581968669073103
0,0.6033803013514231
0,0.677967066742512
0,0.5510172352787412
0,0.30936112459530374
0,0.9091039069604626
0,0.3382544216940247
0,0.6078448824448156
0,0.4891330493089123
0,0.3127865942599375
0,0.8244489831247535
0,0.9190754265940029
0,0.7230388259773186
0,0.5553080913721643
0,0.8489505755298744
0,0.7855758233482973
0,0.8049869384773843
0,0.44423670985031327
0,0.6177500967513869
0,0.7261045560632395
0,0.8877023888430535
0,0.740711660205394
0,0.9183140693585577
0,0.7599349427093205
0,0.6571733368847537
0,0.781687625774082
0,0.8041788537474871
0,0.7694743973867181
0,0.9052855458535003
0,0.8595219855337269
0,0.5450417752035899
0,0.6685941925091837
0,0.8310210734204045
0,0.9128271820130054
0,0.8632053937126282
0,0.798687511231275
0,0.8514026833986944
0,0.8582852886160642
0,0.8958792825665506
0,0.7987659447479744
0,0.815141349767813
0,0.9285675296738052
0,0.7590842208520873
0,0.7978448484980383
0,0.9399812119340785
0,0.8107709910034694
0,0.885895511333592
0,0.7428889978420529
0,0.8697900357186981
0,0.9049338507737771
0,0.906763619935259
0,0.8499725930084403
0,0.8774636023745235
0,0.6640675998634371
0,0.9186385437911598
0,0.8296661564578032
0,0.7945906997568938
0,0.8205276661773448
0,0.45668145355339396
0,0.8229280360295983
0,0.6876072341536553
0,0.7914742454953757
0,0.706977461130573
0,0.4860727231363045
0,0.8982539026509155
0,0.7591841260318339
0,0.8074480915696566
0,0.7166506315607533
0,0.6193149180858443
0,0.7745494779630354
0,0.6369800750622392
0,0.9049473492088463
0,0.9332529851205389
0,0.7513686786805394
0,0.9420134631833924
0,0.8203785066680672
0,0.7112888152308254
0,0.8844669277029658
0,0.8596590762378431
0,0.6923841801639827
0,0.830523633412899
0,0.850834956742839
0,0.8534209024360043
0,0.8453171850069691
0,0.8645024521361823
0,0.8092574543336806
0,0.9188800393138051
0,0.8889760966024096
0,0.8710701962491751
0,0.7891574600304168
0,0.881098282464752
0,0.8188735830598531
0,0.774903334873076
0,0.8972653928772556
0,0.5508952137844347
0,0.9193370895468969
0,0.7585080234819362
0,0.886773464028617
0,0.8611156769545485
0,0.8525517790693068
0,0.9505249860390241
0,0.8555158085146174
0,0.7178334366407985
0,0.7166924361210437
0,0.7707651001521013
0,0.6046323710927578
0,0.6205463058439971
0,0.608909948918575
0,0.7768155143557992
0,0.9142062083461902
0,0.7326156402467996
0,0.8348927508710559
0,0.8891045976938441
0,0.8736096974758889
0,0.8978192882151533
0,0.8746710556798725
0,0.8923944075586877
0,0.3168437679181298
0,0.7182977889412293
0,0.7968745885160121
0,0.7215621959621367
0,0.8481120409459233
0,0.6796055742147105
0,0.8427824813126471
0,0.7219831331902516
0,0.5778544188459703
0,0.5984861370061675
0,0.9041573035790056
0,0.7246441930802525
0,0.6542716382009344
0,0.2771526155336972
0,0.6193358669092469
0,0.7450724804834745
0,0.674836226626206
0,0.9107450767500884
0,0.7476595177256524
0,0.364219271122516
0,0.6089620731213907
0,0.6390403522750712
0,0.9049523339718457
0,0.7551419229040474
0,0.7212983035810945
0,0.7973661998556849
0,0.8250606481574613
0,0.43836643508256534
0,0.7066328907095011
0,0.7757949588830465
0,0.8731389780678229
0,0.7575276860722008
0,0.9002543955535839
0,0.586550857295691
0,0.9452609854332907
0,0.7768306693179624
0,0.8568302930771275
0,0.6557395139065757
0,0.7967329754298474
0,0.7731807981429781
0,0.8283095182546755
0,0.8018332663638394
0,0.846793243700865
0,0.6171249385081008
0,0.8627712442387996
0,0.8302951062182197
0,0.6953606522668746
0,0.7716834160379099
0,0.4485119086930379
0,0.8907529796677373
0,0.6803833532912336
0,0.8608635883381213
0,0.9455350053836247
0,0.7923142910707451
0,0.8195333849385046
0,0.4473995059691788
0,0.5132566683138211
0,0.6782857940027721
0,0.8755849432540364
0,0.676022002529972
0,0.6901766202133512
0,0.7751741756146413
0,0.7039224882136432
0,0.6464344550121588
0,0.9292538919470206
0,0.8810552908275167
0,0.7664365093834128
0,0.45375110042475425
0,0.8208989152435491
0,0.4501525386307845
0,0.6479098629056257
0,0.7150638240208522
0,0.9126714854471575
0,0.8547288224581894
0,0.7700839453051838
0,0.778431136195844
0,0.7378926848392728
0,0.8336005657109036
0,0.532290896267261
0,0.3115792272072803
0,0.7753576049033337
0,0.9474712012435331
0,0.6737986500085955
0,0.3993343545316097
0,0.7880206320603117
0,0.7790342052777383
0,0.7896534811399705
0,0.8850379808827226
0,0.8275318043213067
0,0.8891292785258488
0,0.9834078967355853
0,0.5863392728048914
0,0.7981310448113432
0,0.9585079179280324
0,0.6824295560495003
0,0.7919376672960704
0,0.8846176839598359
0,0.5572760384847207
0,0.8197867377377012
0,0.6267956623255262
0,0.9224015842028805
0,0.8553945115804643
0,0.8490027756536273
0,0.7023488832929603
0,0.7319481457731393
0,0.4203200999654419
0,0.7567902952179242
0,0.8483382018465901
0,0.6949433913336331
0,0.8883709660149792
0,0.8685764978585538
0,0.7554470970293442
0,0.5583005546203621
0,0.7228939076025419
0,0.6365647065279152
0,0.8600072510633864
0,0.4238861186538251
0,0.5690719364516362
0,0.5471677042031746
0,0.9003012755623069
0,0.5539838899467405
0,0.6306232084201048
0,0.8468097435804102
0,0.6450552681727441
0,0.8693545451935044
0,0.8209480822977377
0,0.4348406253096769
0,0.788364285534292
0,0.6850876990911937
0,0.5086615310098092
0,0.6539217596750527
0,0.7049062528050837
0,0.5611464103393785
0,0.8574225048132447
0,0.8440490402384733
0,0.7917440325369188
0,0.6724258292057788
0,0.6463088561718769
0,0.9617560165273812
0,0.8864230166698495
0,0.734656628709498
0,0.8670924472456167
0,0.7934669846783373
0,0.7686081043855513
0,0.857641933643422
0,0.8496045629784753
0,0.9311769096686775
0,0.5777477589256983
0,0.7434433585778699
0,0.8356690555175149
0,0.6835437574055876
0,0.4779840590693752
0,0.48810577793262294
0,0.9206248115483723
0,0.8340616513423296
0,0.7033492214128221
0,0.8810083520666849
0,0.6788598006084062
0,0.6949238584786002
0,0.7708278261757079
0,0.556540438595301
0,0.8282886910306294
0,0.8674644536219646
0,0.5227930108979253
0,0.7455252820630274
0,0.502808610779076
0,0.681712290016441
0,0.8171893402943105
0,0.6420590105853566
0,0.5243108014346041
0,0.3446892126021876
0,0.8379511106624076
0,0.7867769424455355
0,0.853271631124155
0,0.3650195063948975
0,0.7288007097302994
0,0.8522032487854917
0,0.8092549129583029
0,0.7292597773577979
0,0.7580153641829908
0,0.6777174798335862
0,0.8890571513322265
0,0.6243031453573907
0,0.6669062930145496
0,0.6063410096691444
0,0.39664324229356124
0,0.8468342320319833
0,0.5789355378298372
0,0.6876382798260168
0,0.7354614837631496
0,0.8423359779236824
0,0.7428991209438026
0,0.5030735472142361
0,0.7739098101730236
0,0.5752136071393591
0,0.8695382116140615
0,0.8898624107061425
0,0.6745189967328978
0,0.8658486794587384
0,0.8491250528807422
0,0.6624979387917037
0,0.6972828792592118
0,0.5315386144423633
0,0.43746173122975196
0,0.4540599312508238
0,0.9043627702789253
0,0.9685331604579862
0,0.4671874374753666
0,0.392495048939507
0,0.5011391377389367
0,0.673910249532771
0,0.5048879870857664
0,0.5589836427167263
0,0.6312563528632894
0,0.7687319346736483
0,0.4528982494984457
0,0.4261517424970936
0,0.8291876080397783
0,0.809756891407143
0,0.6455430218107345
0,0.4916711613040772
0,0.25038379682675893
0,0.5170662816318463
0,0.5408071261786487
0,0.6407535619341124
0,0.4656570171708254
0,0.4478113511385862
0,0.23347443892357053
0,0.2416793611862327
0,0.7971532557999524
0,0.6878680826684413
0,0.23250669726006362
0,0.5393427372953377
0,0.6612141031485861
0,0.5698626772790651
0,0.7180671867462978
0,0.34588394570992564
0,0.8094917420802153
0,0.5617312438496808
0,0.33274573858894835
0,0.7352935224365366
0,0.741320241500905
0,0.7359082862365854
0,0.7253024602971513
0,0.7349781932991933
0,0.5185399177082252
0,0.8330958921445514
0,0.5368435388402955
0,0.9192246039877099
0,0.4959975457051847
0,0.774862773854009
0,0.5319928698717054
0,0.8355406695790413
0,0.6448581228317691
0,0.539854280679191
0,0.7926986712728572
0,0.7194472982416402
0,0.6840376659445117
0,0.7569848912872449
0,0.6852663161344195
0,0.6805729063486025
0,0.6658250515298415
0,0.8876315407503079
0,0.8660130449771903
0,0.6800654833825124
0,0.731196697921919
0,0.5737203368871695
0,0.835087246412464
0,0.7327110136710097
0,0.250039344994122
0,0.7052798098159685
0,0.5675226571115012
0,0.7320031524219502
0,0.5410728528622702
0,0.39557500034455473
0,0.554715569029958
0,0.5536679362978612
0,0.7053117233444197
0,0.6242898768695911
0,0.8761199757250661
0,0.37034537530070605
0,0.20128464055225584
0,0.14639410715144638
0,0.417315762666912
0,0.2604475692346065
0,0.3978856588233009
0,0.028028379784129653
0,0.3002172982717024
0,0.3915253319379593
0,0.44734444525757516
0,0.16469706010840293
0,0.3176395405300292
0,0.6901623729617147
0,0.7683023833234248
0,0.6129280028734557
0,0.4711900878800814
0,0.7082320457758634
0,0.2569979259085254
0,0.6088866478486223
0,0.20254183908744863
0,0.7017525432120056
0,0.47354022030573434
0,0.8947929805975138
0,0.6244055629325405
0,0.5217730969700285
0,0.679588591994425
0,0.35982232314356166
0,0.3420387945524667
0,0.7021497843786456
0,0.7555655603338527
0,0.4620769591173804
0,0.775050184323082
0,0.48032275436750566
0,0.885870877113441
0,0.8386027876884975
0,0.5737892834937238
0,0.5061422630638973
0,0.7467802875654536
0,0.7402812661252461
0,0.8417803566503926
0,0.5839919617351669
0,0.5012001423426584
0,0.695573554286819
0,0.6961166864532836
0,0.7342966569659812
0,0.5150738004907031
0,0.6462231670349275
0,0.817929049406594
0,0.6658868668602729
0,0.610997148082072
0,0.5516803378813712
0,0.7332106443923924
0,0.466291171523041
0,0.30024423097590663
0,0.33150338003932694
0,0.37667387227634264
0,0.4277671919573408
0,0.5669709345478763
0,0.689903966062885
0,0.15424589874640202
0,0.4040984241193886
0,0.8264159050600286
0,0.3857991432453113
0,0.816619326934445
0,0.5727401029948995
0,0.5404596543528633
0,0.14176962071306162
0,0.2754531138438419
0,0.3305872632892754
0,0.49434201246784604
0,0.316859511879403
0,0.7243899778868236
0,0.5969661015938257
0,0.7969848022649263
0,0.7631203146054711
0,0.6465925499018906
0,0.5893476768300019
0,0.5352051930112991
0,0.6647707498061104
0,0.6872157716814881
0,0.856603460286486
0,0.565793230074207
0,0.4803652460469542
0,0.8499541178058423
0,0.9031267381885116
0,0.9011374961479421
0,0.7541774528600621
0,0.5744576359050482
0,0.7130122078063588
0,0.716679210179457
0,0.9352601067677639
0,0.5472635395503687
0,0.6623148076358303
0,0.8587838396605844
0,0.473929732002074
0,0.5985780649521547
0,0.45596598413921563
0,0.6058857999067895
0,0.7775551918852424
0,0.48197343370411133
0,0.8008685199999289
0,0.658854732054792
0,0.7705235081219333
0,0.0930181387343861
0,0.40935467707955886
0,0.7483821496797287
0,0.5762956643934228
0,0.6958155964203622
0,0.7816062320737286
0,0.8837573833255173
0,0.7425607100021139
0,0.2848687470988651
0,0.6370673924416286
0,0.5264093569994234
0,0.8528719304840273
0,0.6956540817710318
0,0.4358582994316722
0,0.7775180992089161
0,0.7405752820073347
0,0.853731231578961
0,0.4971569296158493
0,0.7169960572191915
0,0.5953409278152111
0,0.6428120305877534
0,0.6247804498766846
0,0.6047339112345526
0,0.8154018909377172
0,0.7339441648100128
0,0.43978367832421833
0,0.8771476092598396
0,0.9834096239215285
0,0.5554333458337074
0,0.4824090161832671
0,0.3258878149909802
0,0.6678518062725318
0,0.4054406164065382
0,0.48922520000070024
0,0.6707727303739884
0,0.7590965560163346
0,0.3100046718850212
0,0.6707588167967832
0,0.6347823454132213
0,0.9243941645696058
0,0.3638306606551568
0,0.40996814875837106
0,0.5247088346243808
0,0.5164851808019597
0,0.3423112881422109
0,0.5420410523058736
0,0.8320229903101173
0,0.6589631820191871
0,0.4115774798575127
0,0.4932535298698678
0,0.5860432426360553
0,0.8659520839486416
0,0.4088119925249135
0,0.735617965335786
0,0.504769261604055
0,0.5966000061373687
0,0.7960039457015512
0,0.7039804417273137
0,0.5686771008424749
0,0.48347776733974507
0,0.8562916376417723
0,0.6180436257815342
0,0.8538801387706404
0,0.6897612914628235
0,0.6027077266901991
0,0.9792861258782023
0,0.5017053509748887
0,0.6898859614106465
0,0.8702346008861421
0,0.8787125587022185
0,0.6533759502788288
0,0.7442865759553653
0,0.754502396307903
0,0.8963836764487588
0,0.7172622546149886
0,0.7016143768595545
0,0.8181901924825844
0,0.7199509270411204
0,0.8186621412956012
0,0.5148149182554027
0,0.6807054348584053
0,0.6127710386778198
0,0.43574267039041625
0,0.6100523924320345
0,0.7778593761740656
0,0.6472650962456993
0,0.4597804822234965
0,0.7687355689498926
0,0.3730640147803701
0,0.8103377099421455
0,0.7235145017049556
0,0.7888119500918002
0,0.32823843845189565
0,0.5384126858663355
0,0.9184107548499272
0,0.81873048218714
0,0.4269537636200108
0,0.7973998280120458
0,0.40627161272325124
0,0.7217512435221645
0,0.6805051462810252
0,0.5433524959217542
0,0.7999777856611867
0,0.5960619814800177
0,0.5627488972898635
0,0.7121337074441665
0,0.7634763841006674
0,0.9443231439209682
0,0.6780078745556782
0,0.9480726798547554
0,0.555826076295449
0,0.6871500222794188
0,0.6106288815870894
0,0.8843526966308884
0,0.7244035403705138
0,0.743205991904011
0,0.6522869385073762
0,0.7745749797145033
0,0.6378735803183597
0,0.8972583937390172
0,0.6864924235571721
0,0.6118248012337972
0,0.7596549140608154
0,0.8284100462187312
0,0.595472443117664
0,0.5333797790642344
0,0.35512547095785757
0,0.8259384010341702
0,0.7014325026588992
0,0.6482575516595358
0,0.8475419309170812
0,0.7637922141121
0,0.8246182721744965
0,0.8182987867251228
0,0.8791413605784778
0,0.7882135568547781
0,0.876819821052486
0,0.6564586890300365
0,0.4616212206806439
0,0.8036693200577639
0,0.711877541292702
0,0.6620868282861777
0,0.6469460378715064
0,0.7438829034193558
0,0.3485784431123932
0,0.7098508990194183
0,0.9231350754637262
0,0.8712237632759855
0,0.7103539862654307
0,0.6477694992403857
0,0.7127445792781644
0,0.74291111990882
0,0.5848240064774537
0,0.478171906288338
0,0.5855250181428923
0,0.8774712489566084
0,0.9001859825870973
0,0.9610251030229485
0,0.8062135143989824
0,0.8480825815566041
0,0.46022544524771053
0,0.7424910134655568
0,0.8639335887983997
0,0.7497994835559332
0,0.8925474094010105
0,0.830106408248916
0,0.9434827194544907
0,0.7648456392864024
0,0.6932035368649884
0,0.7358498714776526
0,0.7440167577116431
0,0.7548987097455151
0,0.7086600930482274
0,0.5732608169891245
0,0.701685333921878
0,0.6456632572103191
0,0.710706885295441
0,0.8758668483022097
0,0.8443804758148364
0,0.820071003860711
0,0.7414631500398979
0,0.7067939718272535
0,0.5373213248419875
0,0.5685987080680736
0,0.798727091171344
0,0.8806853526343206
0,0.5922733231994929
0,0.7121936384840861
0,0.9119854585339184
0,0.9482816234782517
0,0.5888235805368744
0,0.5967916673767462
0,0.8739741673275736
0,0.9101978826678405
0,0.8181858602037584
0,0.8719581928976627
0,0.877619060461717
0,0.7786934115251252
0,0.9344123439465948
0,0.9116990465376548
0,0.8797655018631757
0,0.709146851949292
0,0.6452283499758747
0,0.5951766781218742
0,0.5796632162731109
0,0.621783135923617
0,0.46722214151474983
0,0.5426249625552644
0,0.4673341763701339
0,0.7890368690398581
0,0.8488336316491361
0,0.8765642143706045
0,0.6222070324238593
0,0.9255779148190993
0,0.9218696736944595
0,0.9727329658163925
0,0.7878312986524749
0,0.6073491049824953
0,0.6556828813969604
0,0.8314246615438816
0,0.8377811992554646
0,0.7185292770141452
0,0.6222494344361846
0,0.8589756254714654
0,0.7692090103066637
0,0.7901726963535385
0,0.6603773804506418
0,0.6995583496401475
0,0.908924619127573
0,0.7028875744748327
0,0.5716719092315957
0,0.7027219858860568
0,0.8051029760779567
0,0.6407944009611861
0,0.6215678992205635
0,0.859888331984619
0,0.7684320671748299
0,0.8648353770358976
0,0.8836475303792294
0,0.9482590916607346
0,0.5944756898894181
0,0.6417249492832403
0,0.7082251295795886
0,0.8301732968781069
0,0.7684965938299626
0,0.8450146428986909
0,0.5672451812300647
0,0.8444122172951746
0,0.6698641354819639
0,0.6086785438727768
0,0.9218731746604942
0,0.8742897556306509
0,0.7630702840045646
0,0.8413523891261027
0,0.778265603938034
0,0.7352775440359492
0,0.8238449904187137
0,0.8233184706141456
0,0.8497172618759637
0,0.7606080771567683
0,0.8115168313992505
0,0.7830782508534201
0,0.5437112295210678
0,0.6387586258356266
0,0.5256298455586775
0,0.7289764958636186
0,0.7090088044067978
0,0.8577186241813113
0,0.7939549413140625
0,0.8795267427322754
0,0.8765046583069446
0,0.9021279297574621
0,0.6853567924269611
0,0.8048867422502528
0,0.8815713334020225
0,0.8109659860656395
0,0.5146187939438315
0,0.7023283704054246
0,0.8807132144913721
0,0.9022548994702717
0,0.8829552249909922
0,0.6650203069173353
0,0.7568408454057425
0,0.7972138536266172
0,0.6818602461382473
0,0.9171012806315957
0,0.6712145210713852
0,0.7731513559694414
0,0.594548033240463
0,0.918977159996191
0,0.5177995804793611
0,0.8603311177025361
0,0.6266973344618526
0,0.7869273286632805
0,0.8024978159780548
0,0.8339917051020879
0,0.8926897628877619
0,0.7628213507869638
0,0.6918996280026656
0,0.7506543965391327
0,0.8251872175436309
0,0.6670765971837537
0,0.6227947718315036
0,0.8214312655918258
0,0.7084417362243851
0,0.8009183842458646
0,0.8781814602233857
0,0.8093176191891898
0,0.8957584040040638
0,0.7714296001411892
0,0.7921499430842688
0,0.8033263031772852
0,0.8127776182848246
0,0.79179126253897
0,0.43124581666364353
0,0.7557954337406776
0,0.6314591267956844
0,0.7960095351492517
0,0.9263127391185293
0,0.779837060755064
0,0.7183764574229342
0,0.6516367643139225
0,0.9173427307421499
0,0.8856359674736035
0,0.5775104154192753
0,0.6531363858166676
0,0.6277588197300369
0,0.5043516538859705
0,0.8492168242489064
0,0.6663588224828397
0,0.8274158373626663
0,0.8013207293952614
0,0.8239316750206312
0,0.9022823974238667
0,0.7628835351848726
0,0.6512374213942861
0,0.9150345836434494
0,0.8649945750184379
0,0.8518251318587904
0,0.4491948058824311
0,0.5953336421884469
0,0.7091636297816001
0,0.8330612212069056
0,0.8480542468785489
0,0.9206101473714298
0,0.8515677598358352
0,0.9228923105945441
0,0.8807560667215335
0,0.6970596723661813
0,0.7695394948921632
0,0.8803934085200031
0,0.8017067133161526
0,0.6676762147393559
0,0.5701819981542511
0,0.6068297922604374
0,0.5800815767709356
0,0.7181493096387646
0,0.8454028132354819
0,0.8247969095587727
0,0.822302683167633
0,0.7313659072704881
0,0.872104997219182
0,0.840018733996824
0,0.9101692247681029
0,0.5986933549573198
0,0.8032688902859012
0,0.8428958388628017
0,0.7933730653352716
0,0.872164671870912
0,0.7949328076346079
0,0.6707347462624424
0,0.8605870336189062
0,0.6567944935967188
0,0.6883707738132887
0,0.7074300859896653
0,0.8522320222188555
0,0.9298633940378682
0,0.7112588306292809
0,0.9373921167956039
0,0.826536563895963
0,0.8634547166538185
0,0.8638389911645072
0,0.863653168178692
0,0.8162193390732074
0,0.6256291346281275
0,0.7160902849861546
0,0.832006483968592
0,0.6025897858739862
0,0.7678806563355993
0,0.7738710439790322
0,0.8362708506427055
0,0.6067456713170643
0,0.8628521193316824
0,0.7243613885386962
0,0.5205982775786133
0,0.8770918265573187
0,0.7254301101090911
0,0.8725398158288323
0,0.7587319122103803
0,0.7921005737609067
0,0.6237623183049777
0,0.8216734056704667
0,0.9254282307944117
0,0.8881125784933478
0,0.692757221674019
0,0.7592448855044822
0,0.6443149813924799
0,0.843310091625775
0,0.7583962268525236
0,0.6544521912580965
0,0.6825057556804046
0,0.8926601201517621
0,0.8093185253880506
0,0.5048347806170225
0,0.6815134920275573
0,0.7891134429987433
0,0.8840673352954472
0,0.620025501818538
0,0.556886199399321
0,0.7768706127360542
0,0.861909584814833
0,0.5055111753710787
0,0.8565825110933116
0,0.7556898383427184
0,0.7249920558946312
0,0.49841131201867617
0,0.6935154172583022
0,0.46799275668093265
0,0.9187790072433851
0,0.5326326858412344
0,0.8197501294593155
0,0.7019446150864004
0,0.6596368260405872
0,0.7585482313530939
0,0.8431233361492401
0,0.8584420879522167
0,0.7543703323400501
0,0.678420491757906
0,0.7725881071065026
0,0.5897190261935367
0,0.8346495218022593
0,0.7094429656547141
0,0.8000941294506873
0,0.913518274014192
0,0.8032320314536731
0,0.7868883641553154
0,0.48228480755294156
0,0.551186280140462
0,0.5740353407946023
0,0.548662938352836
0,0.887940056237779
0,0.7742069695016097
0,0.7211167926535366
0,0.6236384248800944
0,0.6374016605461977
0,0.5367057632978001
0,0.47269040752689806
0,0.6155030445462075
0,0.5975557681804292
0,0.7537601515249428
0,0.7758992653062113
0,0.6583514420185415
0,0.8684787381775718
0,0.650306299926841
0,0.5851484181067252
0,0.5909697876309499
0,0.7788546467477047
0,0.8226976520481607
0,0.7752288505502518
0,0.7377286169710796
0,0.46407816095537
0,0.6172339594863798
0,0.8982011667663568
0,0.88184261425512
0,0.6405375638797749
0,0.6660212314584512
0,0.602317108565601
0,0.5214211490246493
0,0.4899422580722337
0,0.6169598456304787
0,0.5393285356676979
0,0.6777996448025496
0,0.5986805663488277
0,0.7258986302865298
0,0.7797371630209089
0,0.5993306303269221
0,0.4594700856515881
0,0.5328208782623907
0,0.6666975168905612
0,0.6382796042334019
0,0.4803688750906593
0,0.7634714126455294
0,0.8092369009541156
0,0.8868618337130267
0,0.7433895493601922
0,0.7835740280689634
0,0.7929214430312705
0,0.7807826102130369
0,0.6941033742303591
0,0.7341071171459366
0,0.9135707531372309
0,0.5804978710190307
0,0.8917885887777676
0,0.8556098090693143
0,0.8156524919702168
0,0.8288395193172956
0,0.6885650618163915
0,0.7789411948085996
0,0.7337621808008415
0,0.8398470899790433
0,0.8310810422827262
0,0.8163605541893643
0,0.8517832635989877
0,0.8029063393739251
0,0.7113025706246894
0,0.6453064998555742
0,0.8985998915718298
0,0.9547456101098034
0,0.8851691792417429
0,0.7505853039316343
0,0.619427351438774
0,0.8841384820859279
0,0.9522688276666237
0,0.8417121787834863
0,0.8155233441813184
0,0.812308465883959
0,0.5778702646613608
0,0.8218214901674359
0,0.7365254775735912
0,0.7643136412160184
0,0.9656368897469484
1,0.9181159583989712
1,0.9472591117194201
1,0.9620067359822836
1,0.6746609355917318
1,0.8458932626222458
1,0.836711111076024
1,0.892418197328868
1,0.9224098541524366
1,0.9275180241011215
1,0.6981187640059255
1,0.9014205405192842
1,0.8827022057237153
1,0.8409324216526184
1,0.842907545577098
1,0.9135940277801137
1,0.9544125556108276
1,0.697542443532001
1,0.7688241955187263
1,0.8716864767184462
1,0.7519828092643492
1,0.9557820002620729
1,0.8930396412788891
1,0.9289072443644327
1,0.9221623848157705
1,0.6334870643207602
1,0.8019510893736724
1,0.7674738532527561
1,0.9337473435262279
1,0.8919520549613827
1,0.9515269241533264
1,0.8319441032665403
1,0.8840720388949076
1,0.8544332568192551
1,0.8722395754155265
1,0.6658873256119218
1,0.9189534615455541
1,0.8743920478745408
1,0.7050233184265892
1,0.7806923613553811
1,0.7906205750215292
1,0.9212850405340358
1,0.8198940459020214
1,0.8927166119382904
1,0.8319399793952296
1,0.9190804541277577
1,0.9316972370608759
1,0.8339237142851824
1,0.8922845064458659
1,0.9276493813585532
1,0.7702419242108919
1,0.8633198796932692
1,0.7754755052890807
1,0.9223601955796417
1,0.6890578652288329
1,0.8478814463659538
1,0.8770054405038945
1,0.7823031972900837
1,0.9366410959631511
1,0.900958212653854
1,0.896990227979835
1,0.9045756956251497
1,0.885022020311615
1,0.8079581979394201
1,0.7457040162772587
1,0.8470420487359995
1,0.8861780386001433
1,0.8501604311354658
1,0.9234625857147574
1,0.9768035311010469
1,0.8547985621412314
1,0.9359699886823128
1,0.8523049037948277
1,0.7379685268252285
1,0.8471408928655717
1,0.8318650607863181
1,0.8812569305712654
1,0.9113250361297355
1,0.9258141331907894
1,0.8661744615742691
1,0.788435753723674
1,0.7980522958318899
1,0.9353962943779895
1,0.7751357216190531
1,0.75465101022347
1,0.5363742436299279
1,0.7992143368476988
1,0.741219547357657
1,0.861671460244958
1,0.8103109406206491
1,0.8987454312731528
1,0.8857744532106865
1,0.8479934094824617
1,0.961772000331606
1,0.925846079151834
1,0.9305625314919985
1,0.8957985532570276
1,0.7289111973698551
1,0.9385231262238778
1,0.7585174345718019
1,0.7825547129082511
1,0.9577152633393592
1,0.9139284168550441
1,0.8556767410925351
1,0.9247786798354436
1,0.9359374162252462
1,0.9789806376779814
1,0.9105991280063658
1,0.8187513790797212
1,0.9713418455159673
1,0.8841229130314802
1,0.8862707445893055
1,0.567620885635754
1,0.948411907564931
1,0.8860346948162403
1,0.8336756041428554
1,0.8893161185173055
1,0.6054525491896369
1,0.7118855144095654
1,0.8858913640316942
1,0.8642389161445447
1,0.7258046343463231
1,0.9115416095778361
1,0.8318517499184894
1,0.8666866966831692
1,0.8624619341966082
1,0.666246117228034
1,0.8501779246631174
1,0.8510681312100733
1,0.9414875897694279
1,0.5910146320651979
1,0.9669264607272045
1,0.7548067063913371
1,0.9310499850200722
1,0.9675056942844742
1,0.9267782573033827
1,0.9572109944330613
1,0.9167849988412454
1,0.93374127940406
1,0.9502712942786979
1,0.9057988133060333
1,0.9528364586198514
1,0.9289675270702491
1,0.8233470382890179
1,0.9168568799255692
1,0.7753090296735026
1,0.893758473072114
1,0.7198970187800195
1,0.8988470411970428
1,0.9595245356514328
1,0.7765262057332027
1,0.6427345081316304
1,0.7935884487571956
1,0.8401341891963924
1,0.755217080850334
1,0.825630917247452
1,0.5907942745923028
1,0.9199484756634538
1,0.5972787285167873
1,0.9518723240863739
1,0.9013093694244414
1,0.8878802333682966
1,0.8963792495527734
1,0.8885227093708581
1,0.7464884313602839
1,0.9161907188494227
1,0.9056974415304965
1,0.9027992929969009
1,0.9204956304131828
1,0.5810473572250602
1,0.9191816158950333
1,0.917930738017497
1,0.7581228848720263
1,0.8557118608262735
1,0.9755214612995022
1,0.782868108014671
1,0.8396092078375301
1,0.8721090173871051
1,0.8838899765556475
1,0.9714874349267145
1,0.9398460551455037
1,0.8966083148583361
1,0.8837370731816263
1,0.8882464416967336
1,0.8002678977180113
1,0.7550107978212154
1,0.9090921057653989
1,0.9156703235973587
1,0.964591140844631
1,0.8765716037979734
1,0.9401891814844774
1,0.8521212944244978
1,0.9601199670481222
1,0.8684659698970071
1,0.9266684802990139
1,0.9025063852644816
1,0.9734172542414283
1,0.7434242077034837
1,0.6671881447550951
1,0.6729484847546942
1,0.7843355638066356
1,0.5033089870290633
1,0.7310358728663902
1,0.9645780401104902
1,0.8302646048839495
1,0.8520863881621991
1,0.8760509978320935
1,0.6847853289908874
1,0.7009211800582186
1,0.875561142659484
1,0.7701428972207536
1,0.7441625283576191
1,0.5129438536149173
1,0.7551098521362
1,0.6075831760572079
1,0.791807328905312
1,0.7914822661878667
1,0.7688981260832091
1,0.5824353752407783
1,0.6300396712338937
1,0.8671302523651285
1,0.7623416559953384
1,0.6154302709903946
1,0.7574042192928182
1,0.8980108128638318
1,0.9556148778186425
1,0.9555487238618315
1,0.9304942770183018
1,0.7987451176917101
1,0.8791399207140894
1,0.8947293111905452
1,0.916563183131589
1,0.67467050506168
1,0.6267358907799964
1,0.603446152840407
1,0.4470710090484839
1,0.6107325845220046
1,0.7764895177762999
1,0.7536986123859085
1,0.9635172840138957
1,0.8273498013184453
1,0.6433255796854018
1,0.9000142960245227
1,0.8602920752493727
1,0.7900097643175371
1,0.7806389702272271
1,0.6359432187590763
1,0.6633155806727807
1,0.9881393030608269
1,0.8582360995788241
1,0.7722222877032583
1,0.8776327795952515
1,0.7128530658032785
1,0.8889108583397022
1,0.8051108383943449
1,0.7124414731066555
1,0.8728316967102999
1,0.9340123990978055
1,0.8591751617534441
1,0.9161290319170565
1,0.7148764856921057
1,0.8372041941160286
1,0.7758488720343938
1,0.8192225460546382
1,0.8903635864152202
1,0.77105310980273
1,0.8239274017184922
1,0.943662199746304
1,0.8687440143066318
1,0.5963916481510803
1,0.9388785270223536
1,0.857199650416353
1,0.9650804773670276
1,0.7056957613272107
1,0.8243489457733636
1,0.49318009074182384
1,0.7174317167174477
1,0.641664795617807
1,0.8248553447229979
1,0.6367514629832705
1,0.7417104066639549
1,0.8586833198966418
1,0.2196891084345685
1,0.8800867700420852
1,0.9062331791167197
1,0.8411517618452475
1,0.5264569520088596
1,0.9508331766572516
1,0.7373279303577993
1,0.8712817503222063
1,0.6711137950733628
1,0.8558394850475106
1,0.7514960796835778
1,0.7115247775040567
1,0.6800481758297315
1,0.8024532068898399
1,0.5332286671186374
1,0.8902138885959788
1,0.4899478721117678
1,0.8346819114627534
1,0.4259238138295255
1,0.5852666244219279
1,0.947686692853602
1,0.8777816090926269
1,0.8305042979441022
1,0.1402238953704054
1,0.9281119018834662
1,0.952115473985278
1,0.8670785459425638
1,0.5146730893986334
1,0.8533791315143248
1,0.8378798535916461
1,0.9282442972983395
1,0.826095423473235
1,0.9459804627527182
1,0.9164804982363376
1,0.845111448330336
1,0.6519600865838527
1,0.8661612434082492
1,0.8814012048325106
1,0.9702110656121088
1,0.932569300021557
1,0.7760171383471715
1,0.8260225529878069
1,0.8287180727664163
1,0.8911157313676094
1,0.7675138581970805
1,0.8973838606733137
1,0.8124834622460643
1,0.8782402366242734
1,0.9065749471734171
1,0.8044185128100894
1,0.8273155361942954
1,0.928018713937064
1,0.918093722154978
1,0.9063870645566104
1,0.8673522433456423
1,0.9359466328000912
1,0.9193156827125083
1,0.8918912519033751
1,0.636056010364636
1,0.9248284810111689
1,0.9010529147033037
1,0.8857496654365747
1,0.8504401733985709
1,0.8257041539010876
1,0.8882242530650031
1,0.9102702244870879
1,0.8995777771065983
1,0.832703581456578
1,0.6401315729503952
1,0.7926313605987416
1,0.9134960907830084
1,0.8403585658803839
1,0.7637695621045643
1,0.6558733959806414
1,0.9496808679795377
1,0.8908161967815558
1,0.9460876923977213
1,0.9007921136964118
1,0.7236777895089692
1,0.7507195107093825
1,0.6668370416759869
1,0.9491616707768771
1,0.9290255640347919
1,0.7699508051054366
1,0.9450526047942144
1,0.8140481002655887
1,0.6946100755335358
1,0.8498959065370562
1,0.8299407420596326
1,0.882171289192233
1,0.7764537748652242
1,0.8471392131957873
1,0.9228047139793129
1,0.8800614760723257
1,0.9415386656615223
1,0.8161721174686026
1,0.9414242092273772
1,0.809412383966608
1,0.8499811164294784
1,0.7776293973902128
1,0.8278595943716679
1,0.8785214839036969
1,0.8272020279912226
1,0.9262870520826589
1,0.5623201732061868
1,0.9132915618604008
1,0.8973031672737908
1,0.8943502614301511
1,0.870973727117314
1,0.9615189166476401
1,0.947701071830929
1,0.9169339066804327
1,0.8429828944784447
1,0.7939856789024475
1,0.7943631111198152
1,0.7267890336867872
1,0.6918090379610584
1,0.7114087442927371
1,0.8249509800532883
1,0.9204701568043884
1,0.8104276911735371
1,0.9407010483511355
1,0.7863026460822451
1,0.9293879098509028
1,0.8834928990194253
1,0.8919941801391131
1,0.9110675063108353
1,0.5055973016430301
1,0.7339285712154883
1,0.9338503817377596
1,0.7742755250217818
1,0.8720886434097748
1,0.8663122963985335
1,0.8343816622151483
1,0.898602453144362
1,0.8265818977716939
1,0.7479452775634943
1,0.9258722334143035
1,0.9218522573692339
1,0.7246351909933225
1,0.3191109164837983
1,0.6508506681547729
1,0.8429669451948436
1,0.6899883372829788
1,0.9499872337208973
1,0.8258202951366519
1,0.37024401699510007
1,0.7436501543382238
1,0.7117584456217452
1,0.9193420775993667
1,0.8042629949490029
1,0.8053822337174101
1,0.7914756313488037
1,0.8441740271952303
1,0.5841701934805731
1,0.7574313067773294
1,0.6862379667716025
1,0.9049985824681873
1,0.6386461565832545
1,0.9559565290429175
1,0.5440870750451349
1,0.9622978616046708
1,0.7845766828298429
1,0.9552833347621622
1,0.8444178541889357
1,0.7661546228977891
1,0.834960132514465
1,0.7796543235135974
1,0.7812515600035106
1,0.9331150680624437
1,0.7599866395203413
1,0.9119583593423651
1,0.8718179208448268
1,0.9264017456938676
1,0.8280375272518276
1,0.7421662724818868
1,0.9479143796953378
1,0.871098675171456
1,0.92839826496115
1,0.9187427662139162
1,0.806203000714082
1,0.6855730360285233
1,0.7154770408606086
1,0.6023909526913461
1,0.7388778302678217
1,0.9517541411785937
1,0.6940523352832428
1,0.6909152488130347
1,0.7697821925531533
1,0.7858692612912107
1,0.6485364861156412
1,0.9443478915069797
1,0.9005718931851042
1,0.8160718174363397
1,0.6303799504943187
1,0.7425553637217048
1,0.58358089206094
1,0.709691455711234
1,0.5492229700012471
1,0.9490695677621174
1,0.8979331484722047
1,0.6684471132409412
1,0.8562382011963587
1,0.8718851045633254
1,0.7301068058066796
1,0.4221645715806215
1,0.17253232464572957
1,0.8408766346903822
1,0.908099113196424
1,0.7176442173655895
1,0.5632526188282957
1,0.7874447007174753
1,0.8581577362065177
1,0.7821301137812813
1,0.9507980960369492
1,0.9128918447501961
1,0.912195694234771
1,0.9190091755749134
1,0.5689410226541274
1,0.8489102160749339
1,0.9124706426485883
1,0.803100956271751
1,0.924817651753048
1,0.9059177062523724
1,0.6043217544537578
1,0.7778162134050793
1,0.6828119438453806
1,0.8532170285887422
1,0.8446599007478601
1,0.9295589943516747
1,0.8658125945348649
1,0.8317338279997014
1,0.5051706429910823
1,0.8721418744620272
1,0.8727233996213113
1,0.8557786187522336
1,0.8778669030468602
1,0.816647550632184
1,0.7394858461477565
1,0.5677128959058846
1,0.911753461372318
1,0.7355402456944202
1,0.9192103367042015
1,0.6258551188326816
1,0.6122553089686588
1,0.5794378707713359
1,0.8591995681770069
1,0.7337010852853828
1,0.8100076883438267
1,0.9373470864270103
1,0.7712425230038614
1,0.9123732991096735
1,0.8951327945462381
1,0.6598354546549892
1,0.9109331401402885
1,0.8172951933427791
1,0.6659441808682895
1,0.7686376834814009
1,0.7167182856729885
1,0.7115828789956484
1,0.812822661270627
1,0.8162044746001331
1,0.8708031600824189
1,0.7113320620647902
1,0.7323483843014506
1,0.8862275952611995
1,0.8546129921083636
1,0.7883336794213178
1,0.8653902671810951
1,0.899121700522294
1,0.7414589563069764
1,0.8783371413486957
1,0.9192851057750729
1,0.9132810255099063
1,0.8132835486145976
1,0.8039393563463513
1,0.8890286808821347
1,0.8656883572306934
1,0.4065489755897995
1,0.5091769615858436
1,0.9068680883875495
1,0.8396835549618554
1,0.8319780488907086
1,0.9263248859038731
1,0.7833302758950266
1,0.5459138848392172
1,0.7601508208598439
1,0.8451275357567078
1,0.8274344714604507
1,0.8881215286040964
1,0.7354916463772264
1,0.7691999419180974
1,0.7902008215672109
1,0.838480273164645
1,0.8928494094596894
1,0.8192779811588384
1,0.41108147530772604
1,0.5154923594462192
1,0.8446222769030359
1,0.923113512247101
1,0.9256129408153618
1,0.7326375295332819
1,0.8121776355020582
1,0.8859669012811973
1,0.8043614146693278
1,0.7075983712770236
1,0.6569170167420002
1,0.9138196958466288
1,0.8763003231161665
1,0.6186519846870484
1,0.8675314526671963
1,0.8163864147838573
1,0.6939406341099533
1,0.8892101966366411
1,0.8302875803780811
1,0.6953821014388283
1,0.7636417630598918
1,0.7909092514838243
1,0.7599863793954614
1,0.7063401004957707
1,0.8162889206557027
1,0.8443530585141114
1,0.8777431155293823
1,0.8624247931007742
1,0.8672019015663979
1,0.9581021669609123
1,0.8597770306717668
1,0.6634575673590358
1,0.6108846104412925
1,0.692427643613705
1,0.7613799681016121
1,0.6993773213560054
1,0.9424716220517897
1,0.9637995110726862
1,0.7201805875014637
1,0.8433313774207519
1,0.5271808062032234
1,0.7819638748811286
1,0.5016620101018086
1,0.5664020455188766
1,0.7360935103255268
1,0.6775366605747893
1,0.537526231781824
1,0.5731191907789557
1,0.8951038318565927
1,0.898714173199657
1,0.7352658642099639
1,0.5938654491833677
1,0.5691721174052026
1,0.7244830745281508
1,0.7608831961101327
1,0.6138223961283741
1,0.5182764180549677
1,0.4459754058547583
1,0.43856008554305215
1,0.2939123518058168
1,0.8159555433622532
1,0.5566386806743469
1,0.3533337963782317
1,0.8585145084151644
1,0.7780383346651248
1,0.7123104884707713
1,0.7626350568333972
1,0.7109955849557382
1,0.8488691832038759
1,0.6710929014887771
1,0.6512282805871837
1,0.6210665461584745
1,0.7905089150254274
1,0.7297784453401007
1,0.8084522414759271
1,0.6862788057727996
1,0.6736654928476155
1,0.7713510378801581
1,0.39901317744983217
1,0.9163222941975614
1,0.5699427839662794
1,0.6572747501319227
1,0.5748305372768456
1,0.8852442479301321
1,0.6894549767108765
1,0.6656630741719775
1,0.855743730560153
1,0.7237386468312664
1,0.8314425808063797
1,0.8895441035378022
1,0.7282099068907931
1,0.6829085475963386
1,0.7202420953554074
1,0.8751034764389921
1,0.8503969328513701
1,0.741525307106069
1,0.8429679232033015
1,0.6618826892007982
1,0.9122107487324721
1,0.8139290061532856
1,0.5287918226233622
1,0.8585326419985602
1,0.6812018021727159
1,0.8187228818409187
1,0.8648564007151324
1,0.460306146986611
1,0.7837814907226617
1,0.5419272978336382
1,0.8486748360043629
1,0.8130146320013296
1,0.9508306730527134
1,0.3628495089292242
1,0.5454174611799963
1,0.2843951656573202
1,0.5187847469796947
1,0.29844072810578387
1,0.45877950423471114
1,0.022732782778472065
1,0.5738849934109549
1,0.4381186451499235
1,0.5487635284548812
1,0.47211650116161386
1,0.531068501289243
1,0.7430052069691846
1,0.8252068400070869
1,0.8808379638341506
1,0.7780805814366054
1,0.8001982453101194
1,0.5459458181379859
1,0.6861429082730635
1,0.5811288174682397
1,0.7771683851557337
1,0.6272300305931965
1,0.9141582894411371
1,0.7080923869640725
1,0.7097291690951005
1,0.8724152149567375
1,0.6554634753831874
1,0.5996888392866463
1,0.6691186411172823
1,0.8834382026278998
1,0.5540322709723208
1,0.8038376470298004
1,0.8462934764054929
1,0.9167306063611692
1,0.9029251426731847
1,0.5359588959088765
1,0.7313314286284512
1,0.8519018795144966
1,0.8845693893034295
1,0.8895117922089149
1,0.7208963134454655
1,0.6419242991992324
1,0.7849385685411858
1,0.6613698277988679
1,0.9104283218613065
1,0.584887772621081
1,0.6814177771774355
1,0.7966554095148166
1,0.732675446586954
1,0.7311666829419423
1,0.45751105817088566
1,0.8736236338407877
1,0.5718899299033509
1,0.5036930027255846
1,0.41306885994995457
1,0.5214365726683428
1,0.5828537577630627
1,0.622729976110383
1,0.6563677606812228
1,0.5544395916966144
1,0.6693148659371527
1,0.8393549490390176
1,0.6554154883484528
1,0.7963889141445505
1,0.6627795371919294
1,0.7537456187491864
1,0.14165539023816137
1,0.4759288301897342
1,0.5112426947297705
1,0.7302490253196322
1,0.33945782961404014
1,0.7152831609465387
1,0.6305011112239075
1,0.7194637977514872
1,0.8425451211872025
1,0.6364150955465264
1,0.7676633854671977
1,0.6397857809284142
1,0.8194567140113351
1,0.7581042125889579
1,0.9000625967599067
1,0.753189054265211
1,0.6136736966108218
1,0.8663465197254202
1,0.7883878666158123
1,0.8954504327403219
1,0.8458784548984873
1,0.4915520062882874
1,0.8385022153896976
1,0.7370650465298617
1,0.9211540560115884
1,0.7265138743582417
1,0.7530544843350819
1,0.6657066383716171
1,0.5342266708342596
1,0.6275093589633752
1,0.6287493090113572
1,0.8055542338027831
1,0.9061722123149626
1,0.7251930368498956
1,0.8982050493247818
1,0.6830069153997769
1,0.8354689868088788
1,0.3036943550222982
1,0.7253999210570541
1,0.7236440821183904
1,0.7911308361803064
1,0.6323764051565239
1,0.7908980220855284
1,0.8282993475290328
1,0.728818252750093
1,0.5474912054345825
1,0.7916619254769742
1,0.6456918265896371
1,0.9011905481259085
1,0.8311331823488348
1,0.5000667846433926
1,0.82475029092241
1,0.6983940947794076
1,0.7934301254285313
1,0.543202062904115
1,0.7669977628100236
1,0.5276997533151833
1,0.6696917350783929
1,0.7667467642546693
1,0.6429744399399827
1,0.9134043622885286
1,0.7095712458749556
1,0.44615285200153354
1,0.8226055552763647
1,0.977863651983465
1,0.7255202517076156
1,0.5241393051576535
1,0.4416567138008727
1,0.7208567876180199
1,0.46147807731577156
1,0.7387410905109125
1,0.7235510899856183
1,0.7636444265716855
1,0.3476128010207877
1,0.8266010110464443
1,0.827548019427282
1,0.9699606880541631
1,0.305802084112294
1,0.3810374546375892
1,0.6535633511380063
1,0.6464169628366278
1,0.7064177851630569
1,0.7363551971242911
1,0.8851881100288346
1,0.7110405761328051
1,0.6664482579911603
1,0.4651553341818996
1,0.6249146674813516
1,0.7900080949564621
1,0.5998247524230937
1,0.8247008114213444
1,0.6962644796913584
1,0.7156715355211541
1,0.8406697777621717
1,0.6778887331459906
1,0.7964371127228513
1,0.33754968894944287
1,0.8524816196772342
1,0.7733063045516207
1,0.8820534160390557
1,0.8424715141583308
1,0.8498061038861409
1,0.964499202770668
1,0.8702644303902668
1,0.7370200365908003
1,0.9537754378105529
1,0.7358443082573409
1,0.6473332356867966
1,0.8663951133112909
1,0.9479097592342877
1,0.9545424279485519
1,0.811840219459752
1,0.7757504294039039
1,0.9055561060113654
1,0.7882533519823971
1,0.7950487249966582
1,0.586517856690393
1,0.8023407058128555
1,0.6669559904364754
1,0.516328724333903
1,0.7823837648705085
1,0.7715023868508107
1,0.6749233477374167
1,0.5402353297046756
1,0.8805081994980744
1,0.478636187362991
1,0.8283216522229137
1,0.8105351684276639
1,0.8854375026812881
1,0.5660944963450442
1,0.7513447547651254
1,0.8788717852465122
1,0.8835880663599225
1,0.8016054078432752
1,0.8282924579083526
1,0.6356606022907985
1,0.7234662313325272
1,0.6142006989332001
1,0.6575282392671314
1,0.8398510618805699
1,0.5518152915185941
1,0.6256075747203907
1,0.8609644220751503
1,0.8465161299855837
1,0.9165670359442784
1,0.720487230730435
1,0.9505937683268516
1,0.687991353535367
1,0.7049135237168029
1,0.7533747358449795
1,0.8445556418765412
1,0.7846892807555181
1,0.7276630111495616
1,0.7742943612137301
1,0.8008846661365929
1,0.738400891001911
1,0.9328775216208561
1,0.7752798137089957
1,0.6155745955532657
1,0.7440591187526003
1,0.8478692310488599
1,0.6678016359137869
1,0.7770785492611634
1,0.500813600513766
1,0.9190399252260117
1,0.7889182056169668
1,0.7606655637047024
1,0.9550831452034227
1,0.8390930064506134
1,0.9559501213224683
1,0.9582583147260809
1,0.9196260445942939
1,0.8706102454747459
1,0.9150934147288432
1,0.9178069587119927
1,0.7818889082334712
1,0.8852090685969239
1,0.6911661909656862
1,0.7069068164921902
1,0.6074223229740111
1,0.7273360263874222
1,0.4903204025572127
1,0.8951747376102547
1,0.9687245608189125
1,0.899010437943995
1,0.8190940507526386
1,0.8278898973131391
1,0.7426731772185793
1,0.8266561632614116
1,0.7524278800088826
1,0.5176080023884707
1,0.6626059635601922
1,0.9211275008585658
1,0.9579979477995104
1,0.9622618814846235
1,0.8538034545062171
1,0.8922029147412595
1,0.49519930355184183
1,0.7416958395380036
1,0.901758157833354
1,0.8716748198747273
1,0.9456597465578314
1,0.8186251231430853
1,0.971965458334766
1,0.8059433437097425
1,0.8650851665769381
1,0.8489342066275087
1,0.8900564361734951
1,0.9326539404814908
1,0.848884315854499
1,0.5927627428564919
1,0.6731828434443877
1,0.7268071757703931
1,0.8146042098821715
1,0.9208221293627044
1,0.8628750345618127
1,0.9546771766329767
1,0.8411710217909818
1,0.8367964434875219
1,0.6599329984404427
1,0.7159181154456673
1,0.8529481264666781
1,0.9014571268500278
1,0.7164482164807683
1,0.717563545970201
1,0.8908688396347704
1,0.9404014091036692
1,0.6670037482379668
1,0.7517641643615146
1,0.9439878812985549
1,0.9062941674111947
1,0.9100866331346374
1,0.7850748455014026
1,0.9547551400313187
1,0.8340622013065321
1,0.9455473025944721
1,0.902476096702024
1,0.8338421701803089
1,0.741211082334249
1,0.7040157432944619
1,0.8596267663177922
1,0.6359917437656414
1,0.7656356448379008
1,0.7818400942391145
1,0.6871429572691723
1,0.678105478486079
1,0.7643859523771684
1,0.9081890883846543
1,0.9251225001210537
1,0.730567405710011
1,0.978255723745328
1,0.9708340528445476
1,0.9676677790005676
1,0.8915602241026298
1,0.7333223592990515
1,0.9111232618206707
1,0.932112465649696
1,0.9351724144873291
1,0.7962118163535559
1,0.8530933294302752
1,0.8978779928064486
1,0.8572230373583475
1,0.861189655294425
1,0.6736272266889421
1,0.8557005778087968
1,0.9247706033870278
1,0.800909453235451
1,0.6808278229714384
1,0.8800557406640515
1,0.8817205683718439
1,0.6607514410108248
1,0.7290384833384129
1,0.8749193055127816
1,0.8654784139841417
1,0.9681340397149941
1,0.9415716102481727
1,0.9627586374649059
1,0.7516043517418856
1,0.8271379677117741
1,0.7464497536744636
1,0.8649458344501063
1,0.8216551801147745
1,0.9363595141169068
1,0.7410068204347403
1,0.9093707023437807
1,0.8963925562859472
1,0.7476655706652144
1,0.9364270711193717
1,0.8507106090462705
1,0.8150509392635854
1,0.8621251843817314
1,0.7909159471885495
1,0.8445051461491649
1,0.8651462993167326
1,0.8141614172416799
1,0.83990361473382
1,0.8754647505460031
1,0.8898954339852266
1,0.9105803329355833
1,0.715400184853424
1,0.8927210707091837
1,0.6162306171295261
1,0.8867125286567187
1,0.5300401951497494
1,0.8659690200941014
1,0.8599406277412373
1,0.9312772808259616
1,0.9161926306299136
1,0.94324582358778
1,0.868602649939398
1,0.847002273912043
1,0.915967508511167
1,0.8731469740538532
1,0.8120181970402982
1,0.7713934074361074
1,0.9485329810031996
1,0.9335576991498155
1,0.9010347886245651
1,0.7895304456974044
1,0.7798971406069486
1,0.8368330116199695
1,0.7774366417689698
1,0.9507661727286726
1,0.9022874245761845
1,0.8654639501065483
1,0.7891031443539344
1,0.9517930119660579
1,0.7574636565104449
1,0.9273829757548249
1,0.8953624656917055
1,0.8941286565587633
1,0.8726416623104474
1,0.9135703686163572
1,0.9092977616205407
1,0.8784082745870089
1,0.9507184064394685
1,0.8388352931128626
1,0.9060988187133296
1,0.7526441227280489
1,0.6686449670664119
1,0.8538871399667143
1,0.8142777949221606
1,0.899526146268792
1,0.9440722482540763
1,0.8966589618508737
1,0.9071637385392145
1,0.9039678884660619
1,0.7686856950374871
1,0.9163359912381944
1,0.8555643917205913
1,0.9240531071994986
1,0.4514035065510951
1,0.8380129872271599
1,0.732423256301783
1,0.8029327682752816
1,0.9689301413906328
1,0.9344228538899053
1,0.7421262127096715
1,0.7840753664785747
1,0.9391185844420842
1,0.9485429241678152
1,0.7488446907991188
1,0.7719868265126593
1,0.7249540173642832
1,0.6861818912462818
1,0.8989234829904418
1,0.8698049647872257
1,0.9045519045818106
1,0.9095016565718272
1,0.9225875440330664
1,0.9210088878009874
1,0.9170298881408059
1,0.8002043548835456
1,0.9177170397415683
1,0.9219814217521379
1,0.9116031699472318
1,0.5239045037901844
1,0.5849756328214027
1,0.8730000615979356
1,0.9251562819913062
1,0.9379283330839845
1,0.9161974777560317
1,0.944428411766876
1,0.9640432391250113
1,0.9163486388690881
1,0.824981865086231
1,0.8492560079450945
1,0.8903151951630155
1,0.8402338333891421
1,0.8170167408077164
1,0.6871433563086156
1,0.7162954298256557
1,0.6923823092807382
1,0.8783900230268497
1,0.8616996158427991
1,0.8267001934811296
1,0.752003773430887
1,0.8367498695476171
1,0.9512224262508138
1,0.9189496835077257
1,0.9173652015097771
1,0.746807953352962
1,0.8409932531732287
1,0.876302090546626
1,0.8503384535132998
1,0.9308485835031403
1,0.8766513959768644
1,0.8507989746947208
1,0.8444176829550801
1,0.5867311713191894
1,0.8381506426115057
1,0.7671425139450332
1,0.9165339803810109
1,0.9445503878982612
1,0.8473010378065243
1,0.9640269382956157
1,0.9059094889024226
1,0.9139798887177039
1,0.9265689821565644
1,0.8535665828748937
1,0.9007550441273117
1,0.7196319068935106
1,0.7841902720621916
1,0.9173025284908968
1,0.8244423572240991
1,0.8618315826337688
1,0.8139794772647148
1,0.8733731205056445
1,0.6529639656665257
1,0.9241017830266504
1,0.8707615165243248
1,0.6766276644152521
1,0.9289822478720536
1,0.8263958253069558
1,0.9294177394176405
1,0.8852314715702244
1,0.6876448098246604
1,0.8070753246661536
1,0.8533067730118031
1,0.9809573951034137
1,0.9659650575538015
1,0.8532813950808394
1,0.889514581811816
1,0.7603078284250061
1,0.8617729510304591
1,0.9241333275349326
1,0.8411615616122763
1,0.6520508795019783
1,0.9378529150308691
1,0.934977999282168
1,0.7127735775508935
1,0.753836264152806
1,0.8486104203173832
1,0.8455014808516917
1,0.7963258883443128
1,0.7734231359029451
1,0.8637970625432524
1,0.9068599152717407
1,0.88572024513237
1,0.8878306622979804
1,0.8705119848888514
1,0.8451332315061034
1,0.5816537613478454
1,0.8195558297376162
1,0.6247539121659395
1,0.9230189042020492
1,0.7667228324286545
1,0.8549399298352494
1,0.8921917580030757
1,0.8317466372265385
1,0.9126826796737583
1,0.9057184965057191
1,0.9309589306870711
1,0.8382580587515305
1,0.6689377627299355
1,0.8892873852002771
1,0.8862875440479846
1,0.8960053600004189
1,0.8268745280652334
1,0.9009708715892097
1,0.9632966598826911
1,0.8026319415687226
1,0.7609943738631286
1,0.8343201902984089
1,0.700354973316903
1,0.6892377884664448
1,0.7635669363662333
1,0.9310328717523358
1,0.8439417390750613
1,0.7529467404821341
1,0.809224028182725
1,0.8233202922487239
1,0.5372286379995249
1,0.601908510945103
1,0.841698541792318
1,0.773897853950423
1,0.9568321706908062
1,0.8056977058143285
1,0.7799584670425852
1,0.9162068745275505
1,0.7077372405469343
1,0.7516292159437133
1,0.8708308422700203
1,0.860392776296602
1,0.8545996419814672
1,0.7552232591468256
1,0.8587350483236595
1,0.7240923004360861
1,0.8799260283880304
1,0.9267801545841473
1,0.8986658550400757
1,0.7601229899915767
1,0.8964115331506013
1,0.7099592447018834
1,0.713123710863304
1,0.824847366582394
1,0.7643942528558493
1,0.7378440736740746
1,0.8092640633804474
1,0.8544777229558079
1,0.9043921293985732
1,0.8565820561058991
1,0.6273706036597964
1,0.6750088843532003
1,0.6527773293435718
1,0.8213201863933256
1,0.8547272568770002
1,0.6910504807293596
1,0.7920444059768039
1,0.8509096938433416
1,0.9430918733302522
1,0.8602470829015919
1,0.7398298508608387
1,0.8447145755382269
1,0.8367473282850183
1,0.8965112538581165
1,0.8496937065690813
1,0.9401025883138179
1,0.8618227617796071
1,0.9265624647997441
1,0.8882115030464427
1,0.9345037458552253
1,0.8871843149213068
1,0.7803182528000425
1,0.8001735775384963
1,0.8243896671537451
1,0.908224038595515
1,0.8929735145087911
1,0.9421167274550399
1,0.8465765901625582
1,0.8204149887872658
1,0.8338965777799512
1,0.7120474932047346
1,0.9049062814194468
1,0.9733521062523965
1,0.9292662559054412
1,0.8372293881979859
1,0.9290971377823585
1,0.9454062221999737
1,0.9671705084796489
1,0.8776760466560016
1,0.8672480134723565
1,0.9182014727463426
1,0.8245681863132198
1,0.9180124291523207
1,0.901768731619675
1,0.7695587557208053
1,0.9787021347591847
1,0.8632131397926041
1,0.9831134971589901
1,0.9813086601100023
1,0.8997005750209964
1,0.9803784892636139
1,0.9631392672652461
1,0.9078808524563302
1,0.9123761903581314
1,0.9306845670744686
1,0.8116223063874834
1,0.9441695618261219
1,0.959420181085498
1,0.9861861815193932
1,0.9675624604328709
1,0.9398657114562559
1,0.9791979862369652
1,0.9003815784755091
1,0.9128324489051489
1,0.9475635329842802
1,0.8798692835515259
1,0.9474237781837369
1,0.9883306501944586
1,0.9687299228470949
1,0.9795416446560101
1,0.7300678380971931
1,0.9671184303432919
1,0.8251144166211369
1,0.9697067850562777
1,0.9394049485883957
1,0.9862409696312675
1,0.9890485333952997
1,0.9462685477569281
1,0.9128403410721523
1,0.9465307123862681
1,0.8692011826885461
1,0.9628468464224408
1,0.911702104533218
1,0.8928211710322209
1,0.9767909656128625
1,0.9276920738379771
1,0.9720520984564012
1,0.8554277986198304
1,0.8455027182867836
1,0.9721556964033954
1,0.8836700658971072
1,0.9789669574015321
1,0.9475337298784999
1,0.8845449818091533
1,0.950209322893281
1,0.9615200766853914
1,0.9435101912361126
1,0.8976938925993072
1,0.9587677607190283
1,0.7822935772107092
1,0.9190163240744302
1,0.9858260005648234
1,0.9042615585505703
1,0.9419733165307467
1,0.9638160606036513
1,0.891721745488548
1,0.9582209398752745
1,0.9180935794480417
1,0.9549970370731293
1,0.9684385983369607
1,0.8854188606498685
1,0.8955594198014477
1,0.8692612886165901
1,0.9666121131839212
1,0.9795298771767933
1,0.9118950378330035
1,0.9170790808857571
1,0.9052167702133223
1,0.9156331166606703
1,0.9272177270731645
1,0.9568635059010165
1,0.914755264654217
1,0.9704085235247903
1,0.9889033929765173
1,0.97345792296607
1,0.9623853088539368
1,0.8866790214213669
1,0.965790882707951
1,0.9670045678539813
1,0.9317659809486564
1,0.8939474455733576
1,0.9433897840166179
1,0.9422902685436156
1,0.9623797427542233
1,0.877429622404808
1,0.9632669286664549
1,0.9129670928835318
1,0.9435381690413491
1,0.9626778609252343
1,0.9677243096616326
1,0.9689345966450609
1,0.9595170563583588
1,0.9085540616573832
1,0.9930626756993414
1,0.9370455251262966
1,0.9056600566509827
1,0.9870904856583275
1,0.9184355695140063
1,0.9060374430882551
1,0.9574853179848248
1,0.9205897928192314
1,0.9909157316935248
1,0.9260751624819159
1,0.8372112861904809
1,0.986973499302762
1,0.961192945227069
1,0.9432811633932553
1,0.95796474378289
1,0.9697534471311168
1,0.9687862343636982
1,0.9319622293622446
1,0.9073034445708872
1,0.8695464194406346
1,0.9348818473958583
1,0.8885447930689221
1,0.9748150001693808
1,0.9232302876350035
1,0.9533091542007225
1,0.696929666801883
1,0.9152879875403528
1,0.9598619013882943
1,0.9815622747132511
1,0.8646864613880242
1,0.9488346586332642
1,0.9866866205982937
1,0.8604093687008899
1,0.964794085038462
1,0.9743051650952242
1,0.994035848574797
1,0.9737366016255043
1,0.9308457792192344
1,0.9832319938766702
1,0.9738094115606098
1,0.9757782518595463
1,0.9762514189370405
1,0.9315573885244841
1,0.9813615703690683
1,0.9630432893315553
1,0.9205294635121304
1,0.9368213154714903
1,0.9330730826196832
1,0.9453822690482074
1,0.9424505496899067
1,0.9780253497151906
1,0.9692405118759473
1,0.9614661868772885
1,0.9866578104579156
1,0.9835416062566241
1,0.9880605456447308
1,0.9598086744832101
1,0.9644392403217666
1,0.9867933527211025
1,0.9892585464731867
1,0.9855858090976213
1,0.9853811595274581
1,0.962480291723191
1,0.9768640051571866
1,0.9630514759803522
1,0.9513882692439125
1,0.8668015185631491
1,0.9425183958315283
1,0.9326649732941399
1,0.8729037143501411
1,0.9247298824270773
1,0.8530408865770426
1,0.9436300264269846
1,0.9289443785142897
1,0.9270873621297208
1,0.93758403183963
1,0.9693151326222247
1,0.9210178124357531
1,0.9514569375841612
1,0.9409533599498684
1,0.9740777580097728
1,0.9821435593912711
1,0.9532722039274096
1,0.9705973345997836
1,0.9651832129014045
1,0.9786806151585868
1,0.9511674781300313
1,0.9688904557124501
1,0.9848981112528131
1,0.9637783997122918
1,0.9861352658765745
1,0.9346256723860071
1,0.9896674352232522
1,0.8985529389572278
1,0.9829703115002123
1,0.9507839801332334
1,0.9453496484464495
1,0.9838559700104721
1,0.9795859927409857
1,0.9055628362394605
1,0.8553832694611618
1,0.9274513804084941
1,0.9786177078390413
1,0.9053321779450559
1,0.9714627985895132
1,0.992064946288706
1,0.9892479089950333
1,0.9781351017730273
1,0.9689551519385626
1,0.9308994316046321
1,0.8736294754299404
1,0.9753970530280806
1,0.9733974193218049
1,0.9825903855552798
1,0.8536312788599885
1,0.9788151252077795
1,0.6832349372465646
1,0.9487997734870243
1,0.9314429152805219
1,0.9517246858237453
1,0.9731851928623093
1,0.9843146574867154
1,0.9633935230231457
1,0.9683156986608294
1,0.7614604725495423
1,0.933151791721371
1,0.9905428239455968
1,0.9596576454246313
1,0.9949709792258029
1,0.9680697460209691
1,0.9447630468117799
1,0.9412184813181365
1,0.9743630913385095
1,0.9007815615653909
1,0.9510294420088204
1,0.9359964219247751
1,0.9572766868056053
1,0.7657351648685619
1,0.9388059936636597
1,0.9193945278415409
1,0.9014933705178577
1,0.9776813796891851
1,0.9011454935139817
1,0.911177649580411
1,0.8765660736425746
1,0.9506259230584985
1,0.9545496213710807
1,0.9623276511333607
1,0.9696056090640015
1,0.8906045036366387
1,0.9964753551467014
1,0.9671915374793855
1,0.9291540898190516
1,0.9288731423007853
1,0.9411095508109267
1,0.970841587922766
1,0.972333539406908
1,0.9628013951661207
1,0.9622288450961142
1,0.971681453927325
1,0.9386187552310971
1,0.9866538388924129
1,0.9599611732732121
1,0.9526918624899535
1,0.9555960127432982
1,0.9471013986170466
1,0.961669689522512
1,0.9221021157550935
1,0.9605723127163457
1,0.9793714705643164
1,0.9325493495763663
1,0.965000802116333
1,0.9786651348460537
1,0.9725223610230193
1,0.9882878490667744
1,0.9320473785606496
1,0.9536208790608708
1,0.7616504711426045
1,0.9747078736838424
1,0.9138280761639104
1,0.98167866093161
1,0.9730663596315174
1,0.9568208280902155
1,0.9874826614715975
1,0.6587788211803954
1,0.9634357789571826
1,0.9887148131073539
1,0.8531998396402534
1,0.9309903726288083
1,0.9816961481614527
1,0.9546071226241001
1,0.8883159759404505
1,0.9528204485688166
1,0.9968078229859719
1,0.8715910199558479
1,0.9067202569973988
1,0.8907771463783554
1,0.8977182140597142
1,0.8943155691973943
1,0.9301811537931143
1,0.7897135036536947
1,0.9016858289624784
1,0.8548544134171583
1,0.8722832318776992
1,0.9200243895964235
1,0.950362561915581
1,0.8894779804647315
1,0.9446144587215096
1,0.9826483138839569
1,0.9664933260677872
1,0.9661341078243332
1,0.8942026849551612
1,0.9126975315376585
1,0.868713687204161
1,0.9649607357208942
1,0.9760336177875504
1,0.9591963511970084
1,0.9703022553238596
1,0.9282962586597563
1,0.864501161535683
1,0.9549094904157408
1,0.938094369603919
1,0.9819572291722775
1,0.9327880758787153
1,0.9424088466752768
1,0.7881721284191333
1,0.9434296482434795
1,0.9809684452422358
1,0.9773308612504131
1,0.966790177231395
1,0.8832393386418306
1,0.9723794256240959
1,0.88991184238127
1,0.948081038156269
1,0.9333828371904396
1,0.9685039019559145
1,0.9732551850915913
1,0.9662814864471884
1,0.9831079564779378
1,0.8915376654668722
1,0.9785021576427474
1,0.9588137231333673
1,0.9437522116457532
1,0.9614518924752132
1,0.971839756423257
1,0.9389943557189235
1,0.9672047790823566
1,0.9914266578273716
1,0.9834946032074416
1,0.9464251829108538
1,0.9017452549121326
1,0.9427151944357754
1,0.9835433626933681
1,0.8294484314995197
1,0.951118103912289
1,0.9340199666982184
1,0.9553710664123839
1,0.8559275272634737
1,0.9632881035768368
1,0.9208601589883678
1,0.962992808934501
1,0.933829084674295
1,0.9039355250905947
1,0.9730626614396691
1,0.9648808397575286
1,0.9583788931115129
1,0.9636318521076008
1,0.964383464798837
1,0.9699081423433193
1,0.9799394987471904
1,0.8951463214958243
1,0.9719329684570461
1,0.9206817593014371
1,0.9804985440053394
1,0.9399772632777428
1,0.9340925115466758
1,0.9751240892276003
1,0.9725612287834783
1,0.9702810679926861
1,0.9507328445334899
1,0.9789331954865068
1,0.9414564513720499
1,0.9703354992926633
1,0.9060197699740162
1,0.8955669013184624
1,0.901832120925609
1,0.8850166810958914
1,0.9699214836046613
1,0.9116132123686506
1,0.9359445402925115
1,0.9234776481684495
1,0.9255096322588978
1,0.9681609731883869
1,0.9684192406765123
1,0.9865538709468634
1,0.9927592556259281
1,0.9889657710322534
1,0.9752405862854598
1,0.9819391372715355
1,0.9056688702239697
1,0.9675660078586563
1,0.8640014929843276
1,0.9375687564937107
1,0.9731504740852072
1,0.9587874013380322
1,0.9834602521172205
1,0.9540145349176893
1,0.9336115840289587
1,0.9980438983088802
1,0.9371270419473235
1,0.9663592652409068
1,0.6850707496520648
1,0.8836517087957603
1,0.9615507312792883
1,0.698261499109936
1,0.9562728911949185
1,0.8904567303025823
1,0.9445754078548864
1,0.948831561121055
1,0.9565145115884364
1,0.9041810166201963
1,0.9006608914990726
1,0.9235521458754633
1,0.9698610207548078
1,0.8753403434583319
1,0.883025511613822
1,0.9487323890287062
1,0.943529677913655
1,0.9458005537467914
1,0.9573613707261381
1,0.8173856124245913
1,0.9370576568183975
1,0.9389921453226069
1,0.981713062582712
1,0.9355779259910934
1,0.8824132695414739
1,0.9375006068731172
1,0.9877932721068959
1,0.9725633271254206
1,0.9913323483888545
1,0.8880361834012701
1,0.9280277154051815
1,0.8569393803939445
1,0.9837843818793583
1,0.935388992057566
1,0.9781099773996002
1,0.8658601339170264
1,0.9826404639972605
1,0.991629577883823
1,0.9829530495655571
1,0.9536695826908621
1,0.9276935490350833
1,0.8774195603751409
1,0.9683781143276935
1,0.8311799773201792
1,0.9654703003002797
1,0.9159672770378628
1,0.9721923127169683
1,0.9713981241635294
1,0.9198241819464541
1,0.9562392364104583
1,0.8907284126806849
1,0.9802777636212465
1,0.9904813263220965
1,0.9797602482345329
1,0.8829392473191243
1,0.9684287436281471
1,0.9367565673452412
1,0.9746017476636173
1,0.9765973889848738
1,0.8878900198522769
1,0.9193101192396848
1,0.9424383089949318
1,0.922886616953845
1,0.932178049445837
1,0.9851810884457685
1,0.9815384069001334
1,0.9225728128875846
1,0.8635258463652514
1,0.9281097906617367
1,0.873764276144081
1,0.8415989362912656
1,0.815467629465771
1,0.9755000378070954
1,0.9671359451494083
1,0.8844956898164528
1,0.9642460061528035
1,0.916096567460723
1,0.7361739390129756
1,0.9149486935655013
1,0.8763382276956321
1,0.9449070166345985
1,0.9316059358712515
1,0.9069828294184699
1,0.9295426290999085
1,0.8475505210304007
1,0.959383305888314
1,0.9565609228269133
1,0.9652911056756067
1,0.9846579076177371
1,0.9679323596250267
1,0.9747463650053154
1,0.8887288062315971
1,0.9442945782716243
1,0.9910738554817649
1,0.9596594450987378
1,0.9824678013730497
1,0.938338841050216
1,0.8616322635377
1,0.8604365244595711
1,0.9706520122878556
1,0.9759230609133316
1,0.9815680020752299
1,0.9673597216558907
1,0.9529332709911734
1,0.7951144282024402
1,0.803018432366039
1,0.9748354196738744
1,0.9601778296468207
1,0.9700929487421441
1,0.9750099401279484
1,0.9871148425081505
1,0.9868010290807586
1,0.970637665802568
1,0.9758705818761421
1,0.9947755620038068
1,0.9546596898212517
1,0.9242664994673404
1,0.8623963706669662
1,0.8970976318300229
1,0.9114823666160303
1,0.9270054968658755
1,0.9015479561135267
1,0.9266449864030589
1,0.9206704612014492
1,0.9837020167523506
1,0.8707427243928753
1,0.9177820759115239
1,0.9487252950299009
1,0.9474817931889384
1,0.9075695956288851
1,0.9624651173907826
1,0.9525481395425447
1,0.8978938782284519
1,0.9122072989877553
1,0.9319833966602531
1,0.9503519350554296
1,0.8841096937144516
1,0.9651554348749932
1,0.9649605535273454
1,0.9703869167684298
1,0.8958083026272734
1,0.8749095565067317
1,0.9389337289837949
1,0.887203672925541
1,0.9047412127513869
1,0.977848490667706
1,0.9786623243663132
1,0.9573824778565522
1,0.9446616454991312
1,0.9856344270822588
1,0.9262574724441582
1,0.8969021477798117
1,0.9521477017249003
1,0.9750044672059136
1,0.9669104878217987
1,0.9821356461912795
1,0.9789772685611808
1,0.9752839101462567
1,0.8933860690568936
1,0.9484600602937063
1,0.9402176521747003
1,0.938599597436642
1,0.9645279056524831
1,0.9563520491679243
1,0.9431679637170655
1,0.9695797735740406
1,0.9417469601029853
1,0.9782729919190564
1,0.9554107193052459
1,0.8255947741042324
1,0.9394615764061155
1,0.8503045311330584
1,0.9610089962854761
1,0.9788038181754393
1,0.9137678713853018
1,0.9631683555391333
1,0.9865627436593358
1,0.9708441312969726
1,0.8475932309456055
1,0.8050801791370387
1,0.9526579645503455
1,0.929846405846469
1,0.9364582565629769
1,0.8401715748112748
1,0.8482038957837695
1,0.9517331495852116
1,0.8765932043939111
1,0.9100124480335212
1,0.693536368713688
1,0.935709936319637
1,0.8831114678261333
1,0.8619080654025586
1,0.7619768159515918
1,0.9797105611561955
1,0.8905480180795574
1,0.9570914884260228
1,0.9558824330899832
1,0.9744040466494571
1,0.971893321064653
1,0.9487435010923033
1,0.869245207515176
1,0.9378824836297457
1,0.8775843097851842
1,0.915820692026951
1,0.8025598112451181
1,0.9669558330356638
1,0.9903505333829962
1,0.8993150145563557
1,0.9118916707274364
1,0.9340211906777491
1,0.9364091269815555
1,0.9109958986978457
1,0.9507798650684983
1,0.9322268980298501
1,0.9684875284066734
1,0.9297421886576566
1,0.8899074957391444
1,0.9797129771353955
1,0.979941634625699
1,0.8979855179187775
1,0.9621836529563458
1,0.8978801596688726
1,0.9567473658387842
1,0.9787950450568428
1,0.8200899933526953
1,0.9146305783825676
1,0.7580880974666214
1,0.9135345031411887
1,0.8863351441887141
1,0.9788988261979145
1,0.8209105585586305
1,0.8476617830490185
1,0.9401788007056859
1,0.8353962810830147
1,0.7864380865817417
1,0.9212976154913295
1,0.904161602028633
1,0.9172353012102107
1,0.8846662461907538
1,0.9182609954790948
1,0.8757039179567926
1,0.9490976944679544
1,0.9280827299961938
1,0.9297476821136209
1,0.9467144258902549
1,0.848810593938113
1,0.9543181649905215
1,0.7498400468112698
1,0.9732250985074453
1,0.9554425269808547
1,0.8834028893709149
1,0.9464058722004253
1,0.9744929243256204
1,0.938973726979013
1,0.9731356314206554
1,0.9708297673451315
1,0.9929985472072314
1,0.9622612329864075
1,0.9380370563386642
1,0.9510272940649042
1,0.9347913030421976
1,0.9694718732368091
1,0.9571966468659034
1,0.9050772632038946
1,0.9578359406230809
1,0.910511637492611
1,0.8911727425210113
1,0.9726781242115097
1,0.9027936362907699
1,0.9546704836469536
1,0.9651557628142154
1,0.9395305759345087
1,0.9500097998870878
1,0.9030314537131168
1,0.926455707876359
1,0.909684359069691
1,0.8482686715370188
1,0.9700089709791332
1,0.9418965351166706
1,0.9753056736769454
1,0.9248815838071395
1,0.7701378249829275
1,0.7785607041858899
1,0.796432242935553
1,0.5508553228227129
1,0.8142532142329185
1,0.5328013931210864
1,0.9395458605224011
1,0.7879403101692738
1,0.8897899322392445
1,0.903505739773232
1,0.9435823432426246
1,0.8866913820683017
1,0.9375491400355542
1,0.9539140032764792
1,0.8208831550573493
1,0.9758669724614396
1,0.77837586749094
1,0.8659709852345179
1,0.8958710986554491
1,0.9746342345831226
1,0.9251672201052443
1,0.9897680033421329
1,0.9617017643430033
1,0.9658687408377494
1,0.9744072917193454
1,0.8693475481793684
1,0.8994921593624932
1,0.9393828137630125
1,0.9358995386679662
1,0.8886308370374553
1,0.9258728726591053
1,0.9564702249716036
1,0.9696218652443228
1,0.9695378838398664
1,0.8379534207214224
1,0.8800343116591037
1,0.898842164157938
1,0.9405640908407952
1,0.9338326247252957
1,0.8748446228233547
1,0.9118538827792826
1,0.9605862189601391
1,0.935643510233164
1,0.9313734287124087
1,0.6836428331754496
1,0.9125402137017751
1,0.9346717340349848
1,0.9274303335818002
1,0.9235689998145066
1,0.6977652633391284
1,0.9472714325898841
1,0.9387904598328193
1,0.9230110478687503
1,0.8633561929905001
1,0.8582712309018591
1,0.9608091587588613
1,0.8016969684762949
1,0.9654742263904199
1,0.7360640992879447
1,0.9173380014458297
1,0.9876002798917274
1,0.8973822981947441
1,0.8202286298628532
1,0.9072075004650977
1,0.9565468991732149
1,0.5928918000027537
1,0.9272219507449289
1,0.7738471809540453
1,0.91669674672033
1,0.9294108771636194
1,0.9360235468421255
1,0.9530667181321125
1,0.9410515102796047
1,0.9740035063485415
1,0.9520140147674665
1,0.9390275704600237
1,0.9520568305277695
1,0.7798825075022675
1,0.9585443326334989
1,0.9796243336497722
1,0.7060990280911422
1,0.8603594786437125
1,0.9850945111184973
1,0.9587604392216779
1,0.9659862513014069
1,0.979233716508982
1,0.8337651701847891
1,0.804814139057494
1,0.9542735221608206
1,0.9651211402432057
1,0.8523148187883722
1,0.8801264668110172
1,0.9530980696092164
1,0.9466151588286743
1,0.8473004683722454
1,0.9559783774157771
1,0.8949081998544893
1,0.9747576547994504
1,0.8972940607696939
1,0.9736188632015674
1,0.9346814082651975
1,0.8955319786308469
1,0.9563488315954789
1,0.9046879802794531
1,0.9478514060799765
1,0.9479191420760262
1,0.9315007310694791
1,0.919081752492612
1,0.9823939347092342
1,0.9510482545919473
1,0.9482841751893213
1,0.8986789386088447
1,0.872039876305009
1,0.9383925683661758
1,0.9243916474752767
1,0.9442135488461688
1,0.8637312818555289
1,0.918337916901837
1,0.9632496434793296
1,0.8927479879130615
1,0.9681315889580453
1,0.906521998973796
1,0.959329818544031
1,0.9106431338193247
1,0.815410516736206
1,0.9356904236769155
1,0.8134070306985662
1,0.8975285939135744
1,0.9572468412369647
1,0.9975321699340823
1,0.7994761087447078
1,0.8825895122597358
1,0.7998054995366446
1,0.8589153375598338
1,0.9438220733560754
1,0.8519577349160931
1,0.9184497731205452
1,0.9771556082378087
1,0.6961817511542568
1,0.8962208653371403
1,0.9596348748396931
1,0.9770530254636179
1,0.9290210948662685
1,0.9661898423159377
1,0.8683183705639425
1,0.9582809242038804
1,0.9661282416634861
1,0.9668861290031179
1,0.9441136794843132
1,0.9534200557082021
1,0.9444439349386494
1,0.9233524337326353
1,0.8728901336210346
1,0.8423991828273625
1,0.9563215398971421
1,0.9565504389134365
1,0.9540234036678256
1,0.9326095537060393
1,0.9279489284109574
1,0.9401445981083384
1,0.8654720736009027
1,0.9107413531305762
1,0.967734927348525
1,0.9774802443099738
1,0.9790068251279449
1,0.9882390597805083
1,0.9419030721802435
1,0.9952976097590702
1,0.9420559115854472
1,0.8959821079523798
1,0.9433581593534051
1,0.9856575201575563
1,0.9825196440967848
1,0.9294374616308306
1,0.9666906618229404
1,0.9768313619684448
1,0.9440167710632498
1,0.8715727530972546
1,0.9108748129676026
1,0.8937901778818478
1,0.8723517957563783
1,0.9740811578334417
1,0.9735182692368831
1,0.8234948128239001
1,0.9363288665606405
1,0.8994607465643603
1,0.9462094862662064
1,0.9558896561043051
1,0.9235069165866887
1,0.8984255447645086
1,0.8116535278056324
1,0.9710893154981636
1,0.9635907534385201
1,0.964956108215005
1,0.8228046884592494
1,0.9056221965893239
1,0.9757050006308301
1,0.9596387226743979
1,0.8659222004788392
1,0.9418940390138998
1,0.886055162519462
1,0.8544005593650611
1,0.9285735338002805
1,0.8522304234905277
1,0.9601715999350121
1,0.9282309621289356
1,0.8582951080527618
1,0.8763063852347521
1,0.9095109484696223
1,0.9844724317996247
1,0.9809829816448196
1,0.9787684239384962
1,0.9221452837827515
1,0.867154599503435
1,0.796851762246743
1,0.9471018362914443
1,0.8694768708152035
1,0.9006588027933448
1,0.9049119899570567
1,0.9371391383660526
1,0.9380757248651177
1,0.992685932222299
1,0.8904512705067349
1,0.9155831123669785
1,0.9090255249783973
1,0.9666901008144023
1,0.8095008335732488
1,0.9320215468816837
1,0.9037997007056547
1,0.9567235665921586
1,0.888656503902887
1,0.9484377670198806
1,0.9771302651556917
1,0.9401070026348571
1,0.9769538583104111
1,0.9661383977059227
1,0.9865914263549637
1,0.9820988873358094
1,0.9766021394054603
1,0.9551921464050925
1,0.8928630707212735
1,0.9078192982382212
1,0.8224713804951111
1,0.9539168530537183
1,0.9582143368868166
1,0.8814662922244832
1,0.8363589735557887
1,0.9470429610234752
1,0.9842204896660474
1,0.9622621206948734
1,0.9781654900920915
1,0.927987642762764
1,0.9600388564872752
1,0.8649156877453317
1,0.9452178970890709
1,0.9415895413354817
1,0.9109630189602135
1,0.9513442546641645
1,0.98548858261389
1,0.973592481221268
1,0.9402914000787066
1,0.7484493697044448
1,0.8417025655191342
1,0.909293292654756
1,0.9867677590497675
1,0.9601553510476754
1,0.9069895338152211
1,0.9588712293134082
1,0.9863431213951515
1,0.9006283523615977
1,0.9427713730469682
1,0.9211567707450469
1,0.9519158266266435
1,0.9300034101528211
1,0.916472829140819
1,0.8711683045337167
1,0.9382013195012965
1,0.9448316284252251
1,0.9348999749287943
1,0.974107799290807
1,0.9345091771691489
1,0.9479563142901921
1,0.9087494007274584
1,0.9694235181273402
1,0.8454096945803959
1,0.8043983249422234
1,0.8438811848518114
1,0.9813886860682004
1,0.8380876612509666
1,0.7702192329541112
1,0.9698271210073526
1,0.9593191685382167
1,0.8661305430298002
1,0.8554247261702543
1,0.9494161350602177
1,0.96286719725283
1,0.9564839099013323
1,0.8094297421381144
1,0.9925635545571181
1,0.9293384523008736
1,0.8603300760621096
1,0.9024921667260337
1,0.9508004387035328
1,0.9092386656253102
1,0.9270132469952925
1,0.8205786880485851
1,0.8445501996735211
1,0.9268706962401189
1,0.8937420910508166
1,0.941987312263136
1,0.9200155383127749
1,0.7692797432585253
1,0.911811000910807
1,0.9207119247780892
1,0.8611545987882872
1,0.9650402723939939
1,0.9657390750988353
1,0.9906516196790436
1,0.8866093781460082
1,0.9606672749617032
1,0.9564759441032732
1,0.9794688456624863
1,0.9646175588979453
1,0.9399275419182891
1,0.9091912250500382
1,0.901422926952358
1,0.8938174724064099
1,0.9540351763692155
1,0.8851677408915943
1,0.941035922583524
1,0.9572362382663668
1,0.8273139924562172
1,0.9300053023842861
1,0.9327910315230161
1,0.9662185484349497
1,0.895044023908431
1,0.7951391920372555
1,0.9774160505313166
1,0.8757188339019301
1,0.9569224497686213
1,0.9856967607808669
1,0.9927358899141835
1,0.9712432053201054
1,0.9591115388079116
1,0.9318846262400433
1,0.9668995454412391
1,0.9224544932426758
1,0.899921306064477
1,0.8979607645240297
1,0.9284771290804241
1,0.9646904697452194
1,0.8925247913786866
1,0.9413370681252906
1,0.9667854752752758
1,0.8736776430948687
1,0.9557364797664386
1,0.9246226269338048
1,0.9392333327801314
1,0.934923921065947
1,0.9280128290716572
1,0.9707131929871539
1,0.9681491276528765
1,0.904684479811431
1,0.9164078646793944
1,0.8186273148584441
1,0.9500744876800643
1,0.8582874136102453
1,0.9764792548013177
1,0.8789295693073875
1,0.9660959373422706
1,0.9018792643291316
1,0.9795928825822919
1,0.9776248182086537
1,0.9744730789827918
1,0.9446963478484645
1,0.9672767664507484
1,0.9455655420377885
1,0.9690348934428824
1,0.8704891945670771
1,0.935502247406331
1,0.9598925752434391
1,0.9646408770932687
1,0.9628463077728906
1,0.9451019177436126
1,0.9108541906673454
1,0.9594013475836348
1,0.9197487291014665
1,0.9644833140905262
1,0.9656427608169412
1,0.909901754696638
1,0.8556103486506357
1,0.9751609726931368
1,0.9521258092056217
1,0.8777533162327797
1,0.9425003854055539
1,0.939139200722404
1,0.9133532204173187
1,0.9593916612850354
1,0.9798606356591452
1,0.8432564766672173
1,0.9727702411548845
1,0.9521037729735622
1,0.9746949428827245
1,0.9443396620887047
1,0.858844103804983
1,0.9851863325033464
1,0.9688631301128893
1,0.9775145778921678
1,0.9590147495270432
1,0.9447209397612513
1,0.9789105343149798
1,0.9432094750635668
1,0.84804437215667
1,0.9626084339388158
1,0.9600341443362667
1,0.960737087768517
1,0.8159298436125078
1,0.8493048949581818
1,0.9324464338561578
1,0.9111685669185354
1,0.9964149356535331
1,0.9256805372691376
1,0.9339722603795548
1,0.9590536198077797
1,0.8861803684181536
1,0.9650677851544823
1,0.9359012293425639
1,0.9371124419735757
1,0.8879060994492609
1,0.8499251355830385
1,0.9518122562003754
1,0.9375753903200749
1,0.9449177085154503
1,0.9662899790847256
1,0.9443985422297863
1,0.9849364214486719
1,0.9206097782985164
1,0.94250806776595
1,0.9447191912384448
1,0.9791930764780581
1,0.9407563689019415
1,0.9433286046659737
1,0.9193142560500139
1,0.9549894952162087
1,0.9207418041436604
1,0.972678606949414
1,0.9159219138326087
1,0.9708595328346441
1,0.9719544655401038
1,0.9787729380759231
1,0.9382311855487825
1,0.9356208188060352
1,0.9400406155566637
1,0.9081005887495351
1,0.9548084266442348
1,0.8481383938495219
1,0.9095922703712142
1,0.8898580464772593
1,0.9228629025639126
1,0.9101761910842716
1,0.8906415390039775
1,0.9739632265842384
1,0.9576821954752903
1,0.986897173529016
1,0.9274541515668353
1,0.9379929467383622
1,0.9079324622888372
1,0.958071381544701
1,0.96885965065248
1,0.9280790190195147
1,0.9893146683578952
1,0.968128387138667
1,0.9703000895194243
1,0.9855895366509759
1,0.8950206406619795
1,0.9369123968654344
1,0.9210636695216761
1,0.9681607352048244
1,0.9677441102019273
1,0.9673102732097467
1,0.9659027324180688
1,0.9348731007129999
1,0.971332931712323
1,0.9500673239410679
1,0.9361657972135476
1,0.962778883285605
1,0.9354555634492059
1,0.8791544281728625
1,0.9295420813042052
1,0.926796064454797
1,0.9722531461044738
1,0.9313234948614443
1,0.9674041393035818
1,0.9171838495788615
1,0.939304798414044
1,0.9314340842603857
1,0.8487393573756538
1,0.9549195848199977
1,0.9319238462675686
1,0.9373517320169547
1,0.937297208915361
1,0.9441337783122309
1,0.8986588325062503
1,0.9824616767600065
1,0.9655312543127944
1,0.990307050930906
1,0.8808672995949223
1,0.9242689308363518
1,0.90402683456093
1,0.9560263800421954
1,0.9552133828743962
1,0.9430381788161456
1,0.8322756760835665
1,0.959436183381931
1,0.9603162372325204
1,0.9164030636825979
1,0.9330545889740675
1,0.8475123053332272
1,0.9410187602874118
1,0.9441436920931521
1,0.8573602087438059
1,0.9809200145664632
1,0.9929937190850775
1,0.9527551443372071
1,0.9737720521721346
1,0.9342661320502322
1,0.8772639933855637
1,0.9298009092163506
1,0.9577424025071745
1,0.8749164730484498
1,0.9569410804064785
1,0.8747628775297297
1,0.9054222433335287
1,0.9674617960090008
1,0.9270330507755101
1,0.9138440421006171
1,0.9644589084828473
1,0.9677505569874093
1,0.97041877895298
1,0.9498526351089778
1,0.9494103071920222
1,0.9730995445962419
1,0.9697835261905483
1,0.8681114502345993
1,0.9226406740708409
1,0.9758963233938138
1,0.9491719838308678
1,0.9415245202570577
1,0.965630696540408
1,0.9111464880276173
1,0.6370389635236205
1,0.9757789812472697
1,0.98283195441503
1,0.9518306245344862
1,0.9134605270495719
1,0.8319935491993464
1,0.8248787729645926
1,0.9106528832160302
1,0.8407509429715098
1,0.9789073238205362
1,0.8867855155768658
1,0.9359700376969728
1,0.9483364902944228
1,0.9856028097391869
1,0.9740500621778084
1,0.9439204693899563
1,0.9102856721444422
1,0.955540935691375
1,0.9736659659551741
1,0.9422279957604558
1,0.9610125003474779
1,0.9805626209625694
1,0.9535238316547258
1,0.916837480613681
1,0.9756741467761177
1,0.9684601333074545
1,0.9522603790548944
1,0.9564861684969144
1,0.9528839594737667
1,0.918949347394233
1,0.970916663174663
1,0.8803568803911109
1,0.9202165006060459
1,0.9382943711529573
1,0.953813548202843
1,0.9258669062282814
1,0.9727708495387551
1,0.9533143627358923
1,0.9291060408156226
1,0.9478261285099548
1,0.8836645318065189
1,0.9538420792047976
1,0.8264307498602769
1,0.8647818822846075
1,0.9151603243367578
1,0.9551641197094741
1,0.8878119984219055
1,0.9558385824709589
1,0.9136812306582981
1,0.9773313618308185
1,0.8744412138673866
1,0.9571403920246948
1,0.9225968665213347
1,0.8537179446515875
1,0.9549072159532447
1,0.9496563182183834
1,0.9391758480903516
1,0.9441214606396776
1,0.9756749987181554
1,0.9388477875995408
1,0.943664764532297
1,0.988504129958537
1,0.9063483593365386
1,0.9403973849252303
1,0.9349514080758011
1,0.9399564276915573
1,0.9217294155480469
1,0.7869551559872084
1,0.9816614155520286
1,0.9510917556015376
1,0.9537042888727656
1,0.9485294046275794
1,0.953933955396772
1,0.9382121538819972
1,0.9779923940668752
1,0.9519065566084892
1,0.8715064153290075
1,0.9554310793696076
1,0.860281665354297
1,0.9679227533031225
1,0.9078126365477429
1,0.9134858425906871
1,0.9718848177446306
1,0.9174621742410942
1,0.9636485143878583
1,0.9617581202059485
1,0.8146532376376404
1,0.7031635785728794
1,0.7350231179015713
1,0.60773267579999
1,0.9054859895494783
1,0.9024947929416244
1,0.8282132126324144
1,0.7182554788363571
1,0.8484347383304869
1,0.7424694720384076
1,0.7432790635977385
1,0.8406666036330649
1,0.91808119814482
1,0.6545754890382373
1,0.6505923440249102
1,0.8565299683188118
1,0.7246275760462845
1,0.9316147453506467
1,0.8107648807140224
1,0.706205980442018
1,0.8355657084249009
1,0.5694199121294978
1,0.7233817616602553
1,0.7430234706033174
1,0.7804916035107314
1,0.9199240290906529
1,0.7700388897122534
1,0.8076453653585425
1,0.8772464866047291
1,0.66065181684499
1,0.6511050400870746
1,0.49648283639367463
1,0.9025430811440177
1,0.6402309678529959
1,0.5452724583214541
1,0.7145267230267592
1,0.7905336642653664
1,0.8180277756063008
1,0.6367847830021515
1,0.9195348335680664
1,0.7428386725690019
1,0.7824983812915417
1,0.8414926821991897
1,0.8422121235129006
1,0.6860741705260297
1,0.7594950043886578
1,0.6652621467653825
1,0.8092483913221252
1,0.6280515212853406
1,0.8380366236038262
1,0.7179297609051084
1,0.7277004213294689
1,0.6357847218754349
1,0.6055728044518779
1,0.9157660494073724
1,0.8857857943105337
1,0.7661980233391045
1,0.7864601402760653
1,0.7879196029609185
1,0.8944869050409443
1,0.7035337346988362
1,0.7784800286128004
1,0.8095912141754804
1,0.7768396352252839
1,0.8945565278966084
1,0.9784346200540054
1,0.6533537283274035
1,0.8628181167459611
1,0.8773434045724448
1,0.745324797149524
1,0.7571139234751934
1,0.8542075674489138
1,0.6712545184034945
1,0.7557311952567715
1,0.8826757874299787
1,0.7593424440485654
1,0.851245924051733
1,0.6996538892778777
1,0.5932440516162555
1,0.6983129260302804
1,0.7012263604093963
1,0.7241085952878653
1,0.5732009387955842
1,0.7838384933339253
1,0.7398871890875542
1,0.7216392809491111
1,0.8585592411763847
1,0.824449254842601
1,0.6915477638857448
1,0.8494471267539506
1,0.8377092869276715
1,0.8717343926048422
1,0.7823616872299671
1,0.8274239718482258
1,0.8999390613435929
1,0.7488485987187186
1,0.8622634656474519
1,0.9441538013899259
1,0.8833263994295376
1,0.8256600455228383
1,0.744239935100063
1,0.8134639747228483
1,0.9661951402565022
1,0.8861859915676211
1,0.6770174121639732
1,0.9581869981920268
1,0.8799110849958329
1,0.8957937281446945
1,0.7630867375929784
1,0.9317769063812039
1,0.8700641026665783
1,0.7976168579342345
1,0.819689391317224
1,0.7454160054325031
1,0.8245421932996627
1,0.7018832302081525
1,0.7069036897861701
1,0.5435822572488939
1,0.9088439943195995
1,0.5291678705290821
1,0.8364826950402839
1,0.8292114703438169
1,0.677737962779447
1,0.6822635590659463
1,0.8167289909307374
1,0.929874559168619
1,0.5092429917496544
1,0.8889492072031657
1,0.8621251041147178
1,0.8931116023912937
1,0.9677452060327116
1,0.8631929594222869
1,0.9066038563623153
1,0.890559122912276
1,0.9281736165718514
1,0.894641608846444
1,0.7578546918745505
1,0.9259447451149129
1,0.931349098743504
1,0.8357960476589438
1,0.8527079801250805
1,0.744208108581607
1,0.8128766244601041
1,0.6518584193109487
1,0.8754502819493937
1,0.8640225069293196
1,0.7449618762265942
1,0.7636240178575568
1,0.8427215454772838
1,0.6232212615309431
1,0.586870184806476
1,0.8511431379511911
1,0.48274591038222564
1,0.8669669510382797
1,0.7012415340324941
1,0.8368507333720308
1,0.8120953404292037
1,0.8978986152309258
1,0.8322361626072208
1,0.8525425060338646
1,0.7026094516130811
1,0.9296431801409879
1,0.8518831266181385
1,0.8909032863119636
1,0.5917281695627891
1,0.6195288805280844
1,0.9093960699775505
1,0.7570065490372285
1,0.7496617646080973
1,0.8411012512288607
1,0.936782960494815
1,0.7646789527133308
1,0.7527670314641705
1,0.7282566503509479
1,0.8527521776293757
1,0.9679796570688359
1,0.8836400395133155
1,0.8540184595963265
1,0.8384419413832135
1,0.8396543378901659
1,0.800358446396598
1,0.6131045294811232
1,0.7152521034362496
1,0.7374089638605167
1,0.9520799221457487
1,0.8094564974461128
1,0.9199948069974588
1,0.7562044530766026
1,0.9549499182253969
1,0.7925340007991435
1,0.8825001842304423
1,0.9004925512602577
1,0.9261469059663835
1,0.6603817405385509
1,0.6275199716570907
1,0.7956707978179524
1,0.7614652603649714
1,0.3323801929220164
1,0.7230191440903
1,0.9400251768458939
1,0.762822051903486
1,0.7589311400299753
1,0.7369083359810743
1,0.7131420730700262
1,0.7531452274558391
1,0.7943369804597574
1,0.8850859156834784
1,0.6655457735319898
1,0.5191125505081913
1,0.6820558849348175
1,0.5223463598838157
1,0.5919823493586711
1,0.8954741621123163
1,0.7436996566267584
1,0.5699119988083688
1,0.6591797005028097
1,0.6572338311583377
1,0.5056040114260344
1,0.5937960154560155
1,0.6591203252535683
1,0.8325042371087423
1,0.7766731544328304
1,0.9652750351153969
1,0.8890751221269249
1,0.7685217069636315
1,0.7795481746028471
1,0.8386854959598156
1,0.8232781411577549
1,0.5355920248598223
1,0.5534641369589801
1,0.5393912342542556
1,0.2568413162342955
1,0.3323196599368773
1,0.7062732267042663
1,0.6197622340932657
1,0.942783960273556
1,0.8619773356394256
1,0.48189606317317235
1,0.876578156431254
1,0.8943247826005403
1,0.8816531747070814
1,0.7771126201055676
1,0.6289610124367762
1,0.49625428790821163
1,0.9642203998238504
1,0.5596414105437743
1,0.8006225285645443
1,0.8147767607435884
1,0.6731953566882118
1,0.8540116818307926
1,0.7567971299504909
1,0.7328434984553688
1,0.8241267853332374
1,0.9082739764667174
1,0.8229655850314529
1,0.9354311873901487
1,0.6305800693058644
1,0.8128123999192965
1,0.7872372483721652
1,0.8479442240811166
1,0.9099160835018805
1,0.7645714665832721
1,0.3361020630267715
1,0.9272992668056137
1,0.8373167718961169
1,0.5780995730293825
1,0.903854253327386
1,0.7324856066665256
1,0.8195846815969275
1,0.7806067887071124
1,0.7175771950107833
1,0.4951485752038865
1,0.713840369888692
1,0.5163781408018282
1,0.8573539897640142
1,0.6254169697380406
1,0.7919076030232783
1,0.8075791030717512
1,0.142999309770778
1,0.8640433766599482
1,0.9607569880844887
1,0.7365361606379501
1,0.5534401678268683
1,0.8143812612873726
1,0.5742271620085164
1,0.5357128066174388
1,0.6484768213257208
1,0.839528181255911
1,0.8879725890002996
1,0.6649271452631097
1,0.7323621903097816
1,0.5773267613534677
1,0.30936112459530374
1,0.7993963184968536
1,0.33445294527559843
1,0.6507876601961557
1,0.47833408506943015
1,0.356125883532214
1,0.8691417983943573
1,0.8864081161416612
1,0.6842614029440557
1,0.5535208221835168
1,0.8454311294808174
1,0.797747499219558
1,0.8168638296286168
1,0.42609260242880764
1,0.6983992196054257
1,0.6819531952974159
1,0.8686185802016672
1,0.7508090232704425
1,0.8582843589874625
1,0.827925875653536
1,0.6472844348056463
1,0.781687625774082
1,0.7837767676074666
1,0.7523254373028125
1,0.8935103609763466
1,0.9018863990884616
1,0.5936866145304941
1,0.6582889034784828
1,0.8393987639863397
1,0.8977708324744508
1,0.7730372852086232
1,0.7642566609246019
1,0.8244422020021938
1,0.8648850900615527
1,0.9084889220623507
1,0.7833587975182246
1,0.7626112140341229
1,0.9321671831672191
1,0.9077094129272864
1,0.7717395840132549
1,0.9322009027427881
1,0.8242557639109749
1,0.8771165458569619
1,0.7537802713658678
1,0.775510569988318
1,0.9090094007310157
1,0.8658390135777099
1,0.851192199686682
1,0.8855279654697785
1,0.6408103153805885
1,0.9118689380858128
1,0.872965915242537
1,0.7639948492665488
1,0.8328333119250565
1,0.46997714570239957
1,0.8435996975422794
1,0.7915885049458279
1,0.8156023010392205
1,0.7669760616014882
1,0.48970937197746994
1,0.9126840808635341
1,0.7721267083099624
1,0.7754796807899218
1,0.8617413956074395
1,0.6460319391356873
1,0.7559077967064585
1,0.6840876842028275
1,0.9033715483023994
1,0.9542535014628517
1,0.7513686786805394
1,0.9446475033638749
1,0.8346721421255718
1,0.7290399459842395
1,0.9023206212476342
1,0.8304063972426126
1,0.6892826012261185
1,0.8448783257453829
1,0.8299637316408754
1,0.8589297536487075
1,0.8628421918930049
1,0.8140557228948337
1,0.8504777870256316
1,0.8583962458013541
1,0.8672260809287885
1,0.8196851111390434
1,0.8302287602284193
1,0.8657796695673832
1,0.7825820418093272
1,0.7640427075547678
1,0.9065074083175801
1,0.5041565554520159
1,0.8939738835557577
1,0.8250587215170839
1,0.8982642606500764
1,0.8385628095403136
1,0.8699965274721811
1,0.9464264028583185
1,0.850336468509991
1,0.7091923923787018
1,0.7524897908955647
1,0.8059237506882998
1,0.6156374863846259
1,0.5459798218246679
1,0.6695623050390828
1,0.7630991511583342
1,0.9219029783730184
1,0.7549597041666208
1,0.8348927508710559
1,0.9333552237693079
1,0.8755734056818429
1,0.8968468170933811
1,0.786537435939784
1,0.8979046757207522
1,0.3698827721942629
1,0.6912309332620112
1,0.8937387151463179
1,0.7682770502154087
1,0.8021323896301205
1,0.6561636054033647
1,0.8266894965032838
1,0.7032173454546458
1,0.5752996295293279
1,0.5846765414087677
1,0.9074864925445493
1,0.8022459327459533
1,0.6967894996494659
1,0.23785552346050304
1,0.5570072258022096
1,0.8203865668286641
1,0.6910013650912408
1,0.8972972862634753
1,0.835144930427657
1,0.36588290045184263
1,0.6792708350648341
1,0.6381676807251715
1,0.9133369347644268
1,0.7925806257470784
1,0.7476033273232969
1,0.799445857876161
1,0.8840013125783724
1,0.5312922227964664
1,0.7112775367654715
1,0.7406708931001786
1,0.8335990732279884
1,0.7940643002587523
1,0.8984274590785698
1,0.5835618649591058
1,0.9529003160992819
1,0.793004745720836
1,0.742857918489179
1,0.6666271362693063
1,0.7736708341000412
1,0.7885940059156236
1,0.8386058163763505
1,0.774975042959957
1,0.8603965554149888
1,0.6790991475565795
1,0.846597578847785
1,0.8153046847839129
1,0.9119837756979906
1,0.8661040725493966
1,0.468378971681148
1,0.8882510232190615
1,0.7025947269940283
1,0.8501795571599906
1,0.9399271091755287
1,0.8194724831134913
1,0.8165440055878413
1,0.5348545179553285
1,0.5603884490796436
1,0.6874195848265512
1,0.8727926916925941
1,0.5313289989875706
1,0.7210036363650361
1,0.768147538022567
1,0.7064084682815258
1,0.6349169329085028
1,0.9428598069108097
1,0.8885979913343655
1,0.7654074562882404
1,0.5235613251593493
1,0.8208989152435491
1,0.43050555306841676
1,0.7408348407789314
1,0.8035833911803735
1,0.9044158859454468
1,0.8547288224581894
1,0.8024942758003425
1,0.8378439328200981
1,0.6680481312119656
1,0.8411635142366518
1,0.37919118025376913
1,0.2731780877695789
1,0.8455418526995456
1,0.9341285114118328
1,0.6778427461479077
1,0.4833791313893457
1,0.8022068983455796
1,0.7790342052777383
1,0.7529607196229788
1,0.9085231407959112
1,0.8269009149024239
1,0.841637419267149
1,0.9756136492587685
1,0.5444430523112107
1,0.8061397616062064
1,0.9387203881966909
1,0.6923276605482018
1,0.861232317759868
1,0.8799233589891463
1,0.7489021603687589
1,0.8240683839311694
1,0.7005338637281614
1,0.9254467621586212
1,0.7933884284918663
1,0.8430165402050509
1,0.6711772711282763
1,0.6626734166465232
1,0.3748289289037609
1,0.7506646875521008
1,0.870305324050149
1,0.6514611500451499
1,0.8866069356431431
1,0.8306644742010829
1,0.7191263577782465
1,0.5697203366139184
1,0.7144223724612246
1,0.6563168256868211
1,0.8778897687864435
1,0.4006147133025843
1,0.5147079382059228
1,0.6002976658041549
1,0.9114982407507487
1,0.5783112505671022
1,0.6663821564127661
1,0.8295336384640616
1,0.7141614928250495
1,0.9305311496425025
1,0.8297398048615705
1,0.4923701265272288
1,0.7861913247879095
1,0.6613002903578886
1,0.47140578850094933
1,0.6833146074870302
1,0.7268416876476188
1,0.5172122726713653
1,0.8648277522478001
1,0.8443123604302113
1,0.7726042369415844
1,0.6251781988674098
1,0.6431407121754431
1,0.956919534103297
1,0.8433504486025496
1,0.7733893197822115
1,0.728493964913365
1,0.7997850602201086
1,0.7646944735822613
1,0.8466477715982189
1,0.7972901314107369
1,0.9409970467610735
1,0.5564545410978728
1,0.6634416422204219
1,0.8460583017851628
1,0.6712410446647514
1,0.5756237663391336
1,0.47866905241249486
1,0.8974487801061586
1,0.8527846251990112
1,0.760517963228319
1,0.8806451615971437
1,0.7034154738176407
1,0.698917592623271
1,0.7368638926755936
1,0.600818017285528
1,0.8075840706286287
1,0.8275171279970657
1,0.6035638557603935
1,0.7724797957467067
1,0.4763806175446974
1,0.6514846897556468
1,0.8107783182550667
1,0.6123753056639176
1,0.4340651466367086
1,0.7482994915759978
1,0.8073913310586415
1,0.8450337024583072
1,0.8684168462642774
1,0.3318386155858823
1,0.7503753377181243
1,0.8193828832683548
1,0.8189176214689872
1,0.7582336984567112
1,0.7245303882636898
1,0.6967202704105339
1,0.8902840533044377
1,0.659068470136763
1,0.7047561033973091
1,0.6216182002961389
1,0.453881967227663
1,0.933959011374071
1,0.5637472455865047
1,0.6942102220240594
1,0.7128459340301925
1,0.8633500580081033
1,0.7105340321263408
1,0.6385024281529498
1,0.821605518373991
1,0.7411938487899075
1,0.8685896111641457
1,0.8926004167975621
1,0.688973291645934
1,0.9151854534975368
1,0.8627458397596454
1,0.5002850928801772
1,0.693504664135721
1,0.5313938055251386
1,0.5566466378710033
1,0.5143385706277617
1,0.9375964989495851
1,0.9667116505237291
1,0.545284318065703
1,0.43207322683603566
1,0.5002381819802034
1,0.7392694499349254
1,0.4596484976497624
1,0.5647335183537093
1,0.6256374004228599
1,0.7636973623385959
1,0.5061578491244891
1,0.41400152442645566
1,0.8172953985769689
1,0.8580459019282637
1,0.6684673554771802
1,0.38706243465240253
1,0.28823405759089094
1,0.5839265267971466
1,0.6385235227195422
1,0.5991587443828207
1,0.4402676484933016
1,0.4262690439008167
1,0.22108025965120734
1,0.2623134622853668
1,0.8403016701460623
1,0.5350717308765772
1,0.18878531668710785
1,0.47382988580117147
1,0.666055805672688
1,0.571354736537057
1,0.7400034055147527
1,0.49363292637884676
1,0.7535072703970193
1,0.5922027020961483
1,0.40388068096239843
1,0.6546337887704297
1,0.7230843674082013
1,0.7047713772840847
1,0.7208528422582332
1,0.7493917384046594
1,0.5331617634873177
1,0.8327510228031979
1,0.4868023638966998
1,0.9264838617532326
1,0.4795100563571353
1,0.6406595792099804
1,0.47908490517391455
1,0.8562269240259764
1,0.616659864202545
1,0.5642731367181602
1,0.6891077613124511
1,0.731162246474916
1,0.8074222545280414
1,0.8000449815307836
1,0.651763700670092
1,0.7253741033626293
1,0.65408468972501
1,0.8829355513730592
1,0.8813747333311205
1,0.7066603102471728
1,0.7477680206191055
1,0.5979772812657863
1,0.8444188184576294
1,0.7579024245535517
1,0.3091781073259749
1,0.73609732923353
1,0.5173168015247499
1,0.6413636009687443
1,0.5442248956668687
1,0.4197889430374711
1,0.6205479011452835
1,0.5829825972741617
1,0.7662846684761405
1,0.6166802015109003
1,0.8545872387295046
1,0.3970966117682713
1,0.20030865891685595
1,0.16683354327739292
1,0.41607506702844954
1,0.24502568453105306
1,0.41108157932897577
1,0.027307871243484133
1,0.2705411599967234
1,0.38198715964165647
1,0.43795696518793514
1,0.18195930355708465
1,0.4077517430817885
1,0.6901623729617147
1,0.7912214733593396
1,0.7073513291071682
1,0.5297500709302455
1,0.6929207162202925
1,0.5038506814283692
1,0.5940634927074984
1,0.24197699441502674
1,0.6977372923339946
1,0.45941961912252516
1,0.8930681095729254
1,0.6903668170048711
1,0.5127583439459746
1,0.7139473641336074
1,0.38233924603802905
1,0.3902302664473381
1,0.814744834478483
1,0.7481166808081425
1,0.7128688536272262
1,0.7808748677234433
1,0.6628993584527254
1,0.8822519109131608
1,0.8626463038522201
1,0.5654819139260268
1,0.46418114004011135
1,0.7903220236014447
1,0.8219016021699751
1,0.8742879703311484
1,0.5199449045654295
1,0.48102765177152734
1,0.6863822960948902
1,0.6797860883752936
1,0.6843646121972665
1,0.5429461847265046
1,0.6376301205836068
1,0.8381818780324186
1,0.668014852237407
1,0.5707229980538657
1,0.6267393846522353
1,0.7287733063718989
1,0.4437899803499386
1,0.35831848748389805
1,0.3389481091802557
1,0.40617615516787037
1,0.4928027730484187
1,0.6975465607321752
1,0.7030143888495682
1,0.1497529680199936
1,0.4029878627564774
1,0.8125882979120579
1,0.40733878729341766
1,0.8055321996651369
1,0.5706034750993488
1,0.5760543360937342
1,0.1152569564228806
1,0.3037433775660901
1,0.32603677206153503
1,0.5165602565902327
1,0.39608351064930075
1,0.733651102166548
1,0.6134985563278383
1,0.8102556702087633
1,0.7444124955159639
1,0.6082880395721763
1,0.5521518525312595
1,0.5352051930112991
1,0.6533633936400622
1,0.6571795696683739
1,0.8668501320837568
1,0.591611146911753
1,0.4803652460469542
1,0.8201798199350443
1,0.905530412246951
1,0.903304639325404
1,0.7869938604254108
1,0.593408813824967
1,0.7591069816767556
1,0.786052388805589
1,0.9288949034178805
1,0.4756372857277241
1,0.6659136849581792
1,0.8674034122290648
1,0.42998728894398114
1,0.4368790319046909
1,0.5080161304667683
1,0.5435591989603902
1,0.7547863003586441
1,0.44573531185703247
1,0.7569898187863651
1,0.6266832248098744
1,0.7514855434764062
1,0.10385129483866833
1,0.4682430567991332
1,0.7493488894696307
1,0.5342341867248904
1,0.7089419043560315
1,0.7860614233393087
1,0.872239246229701
1,0.7323557731323198
1,0.27882530640213815
1,0.6214245696058305
1,0.3740574453427918
1,0.8293105034662847
1,0.720960813861795
1,0.4708944663848843
1,0.6779961715090329
1,0.7389801970961061
1,0.844396903499384
1,0.5365792870769014
1,0.7125082082741656
1,0.5859182256377419
1,0.5621349576598773
1,0.6239348692988119
1,0.6047339112345526
1,0.7995197365294365
1,0.537071742011529
1,0.446732396476556
1,0.8541415925517492
1,0.9796708833014987
1,0.5539682804097059
1,0.49762568313847144
1,0.2867025980218986
1,0.6716631572837285
1,0.395415096585791
1,0.48685613006929496
1,0.6643109302657726
1,0.7742065586360873
1,0.3162734732955569
1,0.700665246162956
1,0.6000508241521829
1,0.9232820441920373
1,0.3864426123783911
1,0.3364655267439021
1,0.5141876079659978
1,0.4992286457672735
1,0.3423112881422109
1,0.5690815622402079
1,0.8262544451025683
1,0.6931394495990295
1,0.4138075765746436
1,0.4925126323142202
1,0.5397003536523731
1,0.8666732392247093
1,0.7239881665986572
1,0.6500767378055026
1,0.46881586002556486
1,0.607654614008607
1,0.8312585010689512
1,0.7390052710878693
1,0.6472536334817331
1,0.46251143235952713
1,0.8430846645506814
1,0.73802497227037
1,0.8684899562906138
1,0.7316041193325745
1,0.6453786766755492
1,0.9768893209699221
1,0.5047755500759705
1,0.7340734725400623
1,0.8565221894732277
1,0.8304701554790819
1,0.7110119810330372
1,0.7951705997676134
1,0.7726850064319283
1,0.8168694998495848
1,0.7705906829142672
1,0.6676363169044349
1,0.6748493505078781
1,0.7028209952431413
1,0.7474183285708054
1,0.5235794226935166
1,0.6809414952185704
1,0.5419383346673325
1,0.5163166886246491
1,0.5794850942901147
1,0.7861820800570495
1,0.6338201185398451
1,0.46566232983397665
1,0.7700298398080467
1,0.3687904338756058
1,0.8026062584052666
1,0.6957323933314091
1,0.8193509343329664
1,0.3495575797613732
1,0.5662825531191161
1,0.9128319270257168
1,0.80744171822079
1,0.35414061148119086
1,0.8241509345694897
1,0.42615239329410076
1,0.7536809938569029
1,0.6721538536317573
1,0.6099843119927781
1,0.8690156759832393
1,0.6049593775797779
1,0.5756257338481727
1,0.707867395168701
1,0.7663939947767787
1,0.926489882899067
1,0.6589388694322881
1,0.9477163756608296
1,0.6319457558417058
1,0.6342103214298739
1,0.8092001920168895
1,0.8493066666593703
1,0.7242214296377365
1,0.7028403717859415
1,0.6487910983285685
1,0.7701800718490077
1,0.6527806295847111
1,0.8842926018093322
1,0.6221160090840282
1,0.6387745227924454
1,0.6723870030591114
1,0.789493394323606
1,0.6040771975706202
1,0.7252163258917084
1,0.36196389694007514
1,0.8244576115944021
1,0.7650593157807881
1,0.5287060165414544
1,0.876789193434285
1,0.7495092882213501
1,0.8249207466081904
1,0.8238230994703192
1,0.8784189533655825
1,0.7845357076033355
1,0.8860097101718403
1,0.6675474947100762
1,0.5389896876929263
1,0.8072284974786567
1,0.7132383475830245
1,0.6099144725945508
1,0.7195834610683688
1,0.7454269880582493
1,0.39940579151979216
1,0.7404598616034955
1,0.9185205957894444
1,0.8255425761624425
1,0.6775014829208373
1,0.7368916070883571
1,0.7067430369606978
1,0.7920329915389674
1,0.39691211847199465
1,0.4703378700036512
1,0.5950902425149881
1,0.8192318199043297
1,0.9084901014705212
1,0.9574677466441186
1,0.8007303963943189
1,0.7466364796351533
1,0.5072271285736659
1,0.702388829973366
1,0.8545735943659438
1,0.8231167498925818
1,0.9037855853098445
1,0.837422063436529
1,0.9378226404801276
1,0.6506474878495727
1,0.7059747249570015
1,0.6916416541527748
1,0.6931530788275264
1,0.7202711119955784
1,0.6465013711715973
1,0.5555030836665413
1,0.7664792392288151
1,0.6456632572103191
1,0.6826730798510728
1,0.8735952549841971
1,0.7890300189578829
1,0.8071479956977498
1,0.7599532478700816
1,0.6014474185688642
1,0.4772662718497893
1,0.5957675825660247
1,0.7814054901272895
1,0.8638312175687041
1,0.5704963212872007
1,0.5708490990487357
1,0.8794622632747281
1,0.944819170256645
1,0.581343115424165
1,0.2983895888777816
1,0.8733741814175026
1,0.8922015806699969
1,0.8240773149988243
1,0.8147813695700717
1,0.9117842800747488
1,0.7374038569900735
1,0.931583347100033
1,0.9081562093890958
1,0.8949885391395727
1,0.7337414612952177
1,0.7557322214360801
1,0.6746700468832506
1,0.6065973274893144
1,0.5927334648559919
1,0.45231628417935577
1,0.5331075996926453
1,0.5375111281951651
1,0.7680132880045797
1,0.8587874528756863
1,0.8647070869542749
1,0.6636822180090827
1,0.9296238529158471
1,0.8817485980688218
1,0.9690988418847255
1,0.9179975138806045
1,0.6055287745090357
1,0.6424069112098466
1,0.9015020751080399
1,0.891854385874264
1,0.8050254323134959
1,0.5998299421989074
1,0.8305518539281113
1,0.8598953078805132
1,0.7420722494587579
1,0.6736146329303079
1,0.7992363142046578
1,0.897608509744347
1,0.698304860528432
1,0.6052564337408556
1,0.7518443309487771
1,0.8080515586996284
1,0.679690395853602
1,0.6003758673628556
1,0.8899613176198606
1,0.8570213014145609
1,0.8758239956923554
1,0.8769412498765906
1,0.9398973161343506
1,0.6371317467645505
1,0.6671605135782448
1,0.732190828827076
1,0.7882394334916414
1,0.7854334067811992
1,0.8377200485145574
1,0.7043488013684442
1,0.7916886648301062
1,0.6757252185895233
1,0.6197308742661471
1,0.9213595929976282
1,0.8412795682092478
1,0.846543081889153
1,0.7912988187049356
1,0.804209203949065
1,0.7440189742467771
1,0.7589744164195984
1,0.7949215977769494
1,0.8757486177711415
1,0.8207774637147316
1,0.7430620931022581
1,0.7527517641712625
1,0.4969798728818229
1,0.6804472885331477
1,0.4919235462339784
1,0.7478341242179272
1,0.6458983516913936
1,0.840914778084242
1,0.7875695037942975
1,0.9029967874484768
1,0.8908975817448404
1,0.9099366371443437
1,0.737489169161606
1,0.8312725853966509
1,0.8395678844247852
1,0.8625594757171317
1,0.6100216810997079
1,0.6749570895575944
1,0.8619564630729828
1,0.926718722755912
1,0.8998209797245516
1,0.6080311329207794
1,0.716745064970739
1,0.7400199489500442
1,0.7215133729312211
1,0.9132861028899701
1,0.7825594492071951
1,0.7867529925154494
1,0.6507627700914885
1,0.9002457403845017
1,0.5388348925589642
1,0.8051273086192079
1,0.6419510192882508
1,0.8103812414110692
1,0.8413619328552555
1,0.7777487932388404
1,0.8900348428167615
1,0.7447653555586012
1,0.7328036840658061
1,0.8143861866953855
1,0.8008778973836538
1,0.6517957064533931
1,0.5928332381580296
1,0.825371667078303
1,0.7364301001395134
1,0.7805859654122884
1,0.8642648060962724
1,0.795891255328395
1,0.840733413036031
1,0.7851803574531068
1,0.7703036388678357
1,0.8528880545896518
1,0.802549992633376
1,0.8491516525898865
1,0.4035284452006071
1,0.7458246169461029
1,0.5949365874519063
1,0.7923097361437544
1,0.9577562257923057
1,0.8026773760912295
1,0.7117456134103243
1,0.7226028883056332
1,0.909971574489432
1,0.9056155617068795
1,0.5539811059511147
1,0.6519382500151875
1,0.6507328773085758
1,0.519019564402408
1,0.8508391204242584
1,0.7026145315417468
1,0.8317688596931024
1,0.8637889114110422
1,0.8706725764406835
1,0.9022823974238667
1,0.7341745968086576
1,0.7769715262411977
1,0.9000526280575807
1,0.8763539141809775
1,0.8359059691852749
1,0.4414738978010567
1,0.5828656737741541
1,0.7164264408327293
1,0.8308414929308949
1,0.8642729891816252
1,0.9146463682984852
1,0.8892005287050408
1,0.9275296046073369
1,0.9136729959363292
1,0.6398504148550211
1,0.7841980931006343
1,0.8648703132855909
1,0.7800348431151893
1,0.6885006164473426
1,0.5584170040592464
1,0.6302914379467609
1,0.6492154870134951
1,0.7615946366696825
1,0.8497187174183516
1,0.8652213996144903
1,0.8249000048846961
1,0.727847114617571
1,0.9087093624936279
1,0.7751061754787905
1,0.912191816519371
1,0.5584155342209823
1,0.7859148611081626
1,0.85438242428228
1,0.7853147633589096
1,0.8721488652784762
1,0.7973832345126697
1,0.5648244410718433
1,0.8110709782784818
1,0.5645580702946221
1,0.8478511867870419
1,0.703749454114249
1,0.8655908478962262
1,0.9302949415110813
1,0.6935291396973544
1,0.9218421931774724
1,0.8253444238834393
1,0.8611321362615085
1,0.8735421082446718
1,0.901262228136487
1,0.826459157702305
1,0.6303323192962156
1,0.7292221054347376
1,0.8024058065256273
1,0.6133344303663888
1,0.7931747101014324
1,0.740064645909723
1,0.8745321999286743
1,0.6271824912073565
1,0.8920336274946449
1,0.7893128237728653
1,0.5739574036404116
1,0.8574458208283642
1,0.7315738049182148
1,0.9030197599234724
1,0.7898320039402178
1,0.804649069870921
1,0.6329012478218846
1,0.8084589652382934
1,0.9269168588936384
1,0.8667745042550686
1,0.7073362313738232
1,0.7423644167803207
1,0.6486596292176865
1,0.8218079633379773
1,0.8058885890100485
1,0.768232383903206
1,0.6814336788530093
1,0.8875011833457336
1,0.7991917916026986
1,0.5005406783097315
1,0.7396941149407205
1,0.7927985752687804
1,0.8772569152653789
1,0.6522589252438139
1,0.6125050692645398
1,0.7670953087546425
1,0.842519844689093
1,0.44504521749683973
1,0.8458782102295178
1,0.8080493072863929
1,0.8493910015144055
1,0.40433872932325754
1,0.7792498721142189
1,0.5188908121045332
1,0.9191181300469302
1,0.6019313163949462
1,0.8066034603563721
1,0.6609871035848537
1,0.697738465447554
1,0.7870726835671218
1,0.811283580776291
1,0.8660995329549769
1,0.7428614146635191
1,0.6771252191703928
1,0.765943850584461
1,0.5057931782381411
1,0.8912150608098711
1,0.6593606281365006
1,0.7986440165873798
1,0.90986464449021
1,0.813965264962144
1,0.672799070454738
1,0.4615000893752262
1,0.5221248285361809
1,0.5097151914764029
1,0.4810642740333124
1,0.8430683534971969
1,0.8009851508058637
1,0.757396211335219
1,0.6039802102860816
1,0.7218041268585216
1,0.492604279160804
1,0.45802769488497896
1,0.6616729825292905
1,0.29602788263272467
1,0.7393953404764116
1,0.7842102623157617
1,0.7366032304140783
1,0.8458036163625133
1,0.6443441229160868
1,0.6429537879637303
1,0.606161862215795
1,0.8018386657868127
1,0.7727460443135504
1,0.7626929935355264
1,0.7060141672486143
1,0.581274200365076
1,0.8621909912244533
1,0.9277753920080699
1,0.8848253766093712
1,0.6307170059883188
1,0.6630166130300501
1,0.6299282377758331
1,0.5260875099812053
1,0.48819972725896776
1,0.6198149738339904
1,0.603613847429749
1,0.7283594412393709
1,0.6898659702995559
1,0.761046660136535
1,0.8109774338723221
1,0.594475790020895
1,0.47502713012930553
1,0.6530473220605194
1,0.6410894639277026
1,0.6552449416370888
1,0.4394289302895463
1,0.719473190411838
1,0.7639022117445166
1,0.9088892867654063
1,0.7240385984208261
1,0.7718234585916283
1,0.7607234787836303
1,0.7968229583436998
1,0.6895497037598218
1,0.81503661699495
1,0.91731180434664
1,0.611847896418179
1,0.8885856591970165
1,0.9343739217867053
1,0.7748718502503587
1,0.8834026094363696
1,0.7195723678112182
1,0.7724999065333212
1,0.7821754644206248
1,0.8457419905369481
1,0.8342191459340044
1,0.7918917544877514
1,0.8625535533030501
1,0.8464203616831055
1,0.6843286992260429
1,0.6201087358278963
1,0.9138755015578226
1,0.9762307167785087
1,0.9057725869285874
1,0.7390468948733436
1,0.7296999945937475
1,0.8953690528661116
1,0.9554777844047878
1,0.7865030055445444
1,0.7766717843771273
1,0.8337750297413482
1,0.6159568238087055
1,0.8553880393595974
1,0.7271119532502226
1,0.7743656101518456
1,0.9764778511380436
1,0.8044881081108674
1,0.991047385753305
1,0.9802813783245267
1,0.7490360592330626
1,0.90949339055789
1,0.8251836919861059
1,0.8872107176761325
1,0.9262810093574478
1,0.9446415984477733
1,0.8796547173613225
1,0.9073807903362076
1,0.9225935337044803
1,0.8665196016274723
1,0.8485272792894935
1,0.9267142227395794
1,0.9282888803915127
1,0.7698777637392065
1,0.7482920437392553
1,0.8764749302438506
1,0.6804666424111557
1,0.8551687186346061
1,0.9594065738486741
1,0.8513837821292423
1,0.9197331502806934
1,0.7341842407184523
1,0.7756653345010235
1,0.7992780845218274
1,0.8045339849341178
1,0.9220899771499055
1,0.8982404287752689
1,0.9201552734981656
1,0.9284895315146728
1,0.7217047846478089
1,0.8042165715795186
1,0.5123372363269519
1,0.9265003196653968
1,0.898043046048615
1,0.6575110492890298
1,0.8375243974337263
1,0.7832901732221678
1,0.8450468895350646
1,0.8196458536798379
1,0.9045732727063112
1,0.7896177497177815
1,0.8631607166348002
1,0.9210727410732497
1,0.9322807306437709
1,0.7817835952978961
1,0.788866062398394
1,0.7795847767150219
1,0.7203807905617186
1,0.7036552414408463
1,0.845829475864284
1,0.7094814714153865
1,0.5262089791330347
1,0.8826854148510153
1,0.4580009723684649
1,0.9522790355969472
1,0.8987603835817156
1,0.7302993871151007
1,0.7919633537233406
1,0.7839392126734157
1,0.9472740896205191
1,0.8764423877364839
1,0.8632851706458078
1,0.7602377074106964
1,0.8147234452794931
1,0.9139374021237414
1,0.9129399937741339
1,0.8237741244997163
1,0.8562235947406697
1,0.7993856852816968
1,0.8165869223551284
1,0.7314127988117463
1,0.8097597414245479
1,0.8346278257340665
1,0.6909967006518706
1,0.8385356046623478
1,0.8505163413229277
1,0.891319870078395
1,0.6330564131200452
1,0.8582112203150666
1,0.7095870581906553
1,0.8742402095029678
1,0.757735361289677
1,0.8126274425820881
1,0.7675249418799945
1,0.7729297156540772
1,0.9310282371581654
1,0.8452522490547574
1,0.8886767321648065
1,0.7973057581479251
1,0.9515975181898386
1,0.9403004685290168
1,0.9118846873886141
1,0.8712163177442651
1,0.8103260633762759
1,0.9320379802193329
1,0.8266232870364865
1,0.7974793483021192
1,0.9123665404453956
1,0.8217395648090747
1,0.8962604037121158
1,0.7745467290791148
1,0.9303713602284797
1,0.9633776460381508
1,0.8927452310525477
1,0.8318011044290784
1,0.9820740633489978
1,0.9390030643058539
1,0.9584472494296045
1,0.7215266391778672
1,0.9746692255154547
1,0.9603588543190411
1,0.8555943628582113
1,0.8531694265318276
1,0.8221937979175367
1,0.8461195124571742
1,0.7703280922514146
1,0.8475970569381104
1,0.6320365827559301
1,0.9196508689296408
1,0.6783983020856964
1,0.923873088523303
1,0.8467195516502793
1,0.5022833041677636
1,0.607623487103868
1,0.7426911247996354
1,0.9451960670653057
1,0.5087656131731945
1,0.9017534145922307
1,0.9616387723632288
1,0.9535824319120754
1,0.9323181759260633
1,0.9372376728238873
1,0.9447010680330599
1,0.9392615195375728
1,0.9433708334253087
1,0.9294413237759837
1,0.7686282431124508
1,0.9380051965515704
1,0.9489211332056129
1,0.8026398242181773
1,0.851378896885055
1,0.7966753708844588
1,0.9412971704543385
1,0.7492287397857689
1,0.9157267839828198
1,0.8791322118432643
1,0.8739774644434986
1,0.9778233810563007
1,0.8899137665030505
1,0.9335488410773471
1,0.9595997701214483
1,0.9797271749262976
1,0.9683051066551486
1,0.9603107993852856
1,0.9405771615219686
1,0.9079085190271228
1,0.7794177662494508
1,0.9364683158226328
1,0.8109084473801202
1,0.7679894353051324
1,0.7801529681914795
1,0.9179774167430998
1,0.9326450429374911
1,0.7640918937831833
1,0.8870098544339767
1,0.5357483955578951
1,0.9080201626375596
1,0.9517459687069814
1,0.7956477544337589
1,0.9093558548310223
1,0.9759194258952814
1,0.903314078381239
1,0.8159516842167313
1,0.8419989675949588
1,0.9557158230994395
1,0.9835952594954742
1,0.9412812552746529
1,0.943306205099403
1,0.8760389231746064
1,0.9774413734748141
1,0.842075084167009
1,0.704689365116936
1,0.8290991595635392
1,0.7773269135533336
1,0.9536625384668518
1,0.9081533189042154
1,0.9689763483412895
1,0.8818073096293962
1,0.9538467471676085
1,0.9030651869954053
1,0.9328790818355083
1,0.9694828004125734
1,0.9391421675282123
1,0.6392542003563685
1,0.7620242900077704
1,0.7018920112201037
1,0.963009993572469
1,0.5908784977206671
1,0.8975328251396537
1,0.9777934718986996
1,0.9667084854646943
1,0.7252642139514219
1,0.8653160894152695
1,0.9103570188928065
1,0.782132563476383
1,0.9158110784759501
1,0.8644151669655358
1,0.7904424110890923
1,0.7083459327642323
1,0.7870868025699966
1,0.7174899459427906
1,0.869637964074203
1,0.8356563741405627
1,0.7874687076971856
1,0.8640686115719878
1,0.806050812954556
1,0.884819611651774
1,0.7890233948300012
1,0.7583813651310396
1,0.9590647479064799
1,0.8411048237260307
1,0.9600904537910943
1,0.9932571063901628
1,0.9095934427783328
1,0.817709803359141
1,0.9219464825288601
1,0.9206419118730036
1,0.8206123112804479
1,0.7820836995534958
1,0.7527155106258162
1,0.6154840934812271
1,0.316307771587112
1,0.5707695374982048
1,0.8009755967974391
1,0.781362075862795
1,0.956291930294108
1,0.910962486174221
1,0.5655674249249908
1,0.9569644702261383
1,0.8947667648060563
1,0.9209059246585413
1,0.8433920205202935
1,0.8441363460336817
1,0.7298794425764372
1,0.9752256509246261
1,0.8923126640601207
1,0.9076731117990582
1,0.8677872306677893
1,0.6558192282796345
1,0.964369826672184
1,0.9058826266067947
1,0.8163393153565763
1,0.8699251950144026
1,0.9632737668882217
1,0.8229645747639881
1,0.9623475413970765
1,0.748138737369124
1,0.8994821780448959
1,0.8786806577900605
1,0.9388672485349462
1,0.9296339469681094
1,0.8770556822567213
1,0.7364582739539446
1,0.9505940645411477
1,0.8712480049279494
1,0.6589491173759593
1,0.9597333455604835
1,0.9544371498774141
1,0.904692742436043
1,0.8834402552172836
1,0.7662389491855955
1,0.6272992338129633
1,0.8626861629558237
1,0.7074451573243532
1,0.9207112515042406
1,0.8206596560155912
1,0.9020565567658109
1,0.7892345920435911
1,0.3665656363187473
1,0.9221267332144252
1,0.9863878025125118
1,0.8809369301185239
1,0.8994886689838305
1,0.9258806840849613
1,0.7278226773417643
1,0.7811102789174735
1,0.6964285559585164
1,0.9481457919349421
1,0.9217046030781274
1,0.8095674922205526
1,0.8073463445613966
1,0.7892715905763992
1,0.5295220488751332
1,0.8761316573773431
1,0.44503340148748866
1,0.7208696843177695
1,0.5132407442633823
1,0.5422844531564776
1,0.9274715482240149
1,0.955388930048748
1,0.7298575562833548
1,0.6984096036543233
1,0.9259592345318373
1,0.9419226874271437
1,0.9002495912918861
1,0.7705725195340876
1,0.7363717744874853
1,0.925162816589166
1,0.8696356213501295
1,0.7658757578084485
1,0.9324966319790383
1,0.9047842119367482
1,0.8203088764151206
1,0.76031186062809
1,0.7120451179475095
1,0.9646772481351963
1,0.9702982331373673
1,0.8935094464308145
1,0.6782587509257503
1,0.8231973646988687
1,0.871471088840803
1,0.8830956447397253
1,0.9120795434029849
1,0.9112461358017035
1,0.875360039380291
1,0.9020683106264129
1,0.9259241982501022
1,0.7718317034303938
1,0.9383322476385227
1,0.9732165324926471
1,0.974329735814145
1,0.950786494427807
1,0.9405563224338883
1,0.8508444668510112
1,0.924376331045079
1,0.887002777758004
1,0.8668982864448042
1,0.91972451796691
1,0.889996806781729
1,0.8834129408275858
1,0.9452199894566199
1,0.7138257295385866
1,0.9432987499423744
1,0.8910260837784231
1,0.9091623294526123
1,0.8971670127811311
1,0.7016445660140644
1,0.8387962171853587
1,0.9019019665342539
1,0.8075025070637166
1,0.8361366123897249
1,0.8237096966676272
1,0.8471769623682393
1,0.9524818864493567
1,0.8259266841800312
1,0.880262712779228
1,0.7541614349937078
1,0.835942488787581
1,0.8967364277635614
1,0.9308528718295472
1,0.9561209215894716
1,0.8247098249168562
1,0.9556453962756546
1,0.9420055077791062
1,0.6976203645831317
1,0.9497114401269319
1,0.8637671735798244
1,0.8886391105392483
1,0.8724271382549894
1,0.9131732239822365
1,0.9508361756287504
1,0.9384148766469002
1,0.9522962699503776
1,0.8262566102975012
1,0.8430227871237224
1,0.881982208412495
1,0.9288381301681436
1,0.8863971394866021
1,0.842546668469696
1,0.8193103428140265
1,0.7581228380690529
1,0.8984455058203795
1,0.8230444996670313
1,0.9401584629383396
1,0.9015916087190645
1,0.9033052197708342
1,0.8914391676213753
1,0.9501037949491095
1,0.963375116724437
1,0.887974497476539
1,0.9283275080526501
1,0.815237062608578
1,0.8798759301113337
1,0.7876630930592524
1,0.8151726868441589
1,0.9340527816165775
1,0.8815396934300719
1,0.8999360563436967
1,0.8944599365796105
1,0.8905733265018471
1,0.9333086054792447
1,0.9307714903219629
1,0.9494145652690658
1,0.8619011213144238
1,0.8662522763936781
1,0.5318758111086967
1,0.8828654050674171
1,0.9049738921882133
1,0.8914508780039054
1,0.881116168297957
1,0.7737636275355686
1,0.8584136185907493
1,0.940771259479815
1,0.7832775335508931
1,0.7880051077899694
1,0.9251072518365362
1,0.8614283093568698
1,0.791265818508678
1,0.36764101656554393
1,0.5930764658538545
1,0.9071198945696949
1,0.7909978670139988
1,0.9496348045422881
1,0.7576971104466255
1,0.49514809962654066
1,0.8861722375951026
1,0.8647978496326297
1,0.9117687226455933
1,0.748593524737023
1,0.8062956931283987
1,0.7390133465910791
1,0.94933439444614
1,0.7691829385043001
1,0.9214619134383143
1,0.5263184970696382
1,0.7933554783799311
1,0.7768107918732539
1,0.9311869575523902
1,0.8039667707727599
1,0.9754464860898191
1,0.9286866222712868
1,0.9303760946379895
1,0.8671365808645474
1,0.7453757628822203
1,0.9143328776102172
1,0.7956648418570191
1,0.8323453875558269
1,0.908617366629757
1,0.540544404546056
1,0.9235134149243395
1,0.8984623994638727
1,0.8572079550382431
1,0.9328173720772654
1,0.7052702054834549
1,0.9274870124682006
1,0.9097438953733248
1,0.9463759567852273
1,0.9830685860710572
1,0.8133839402398338
1,0.830361280778846
1,0.8000141214291213
1,0.6517261142822617
1,0.8223326221364151
1,0.8478073571280528
1,0.5461127249163317
1,0.8552355086204814
1,0.7888629031354468
1,0.800439041738459
1,0.8906045259571533
1,0.9182382655456747
1,0.9173328784823672
1,0.7033475722428653
1,0.7480016971018014
1,0.8956052409531146
1,0.7669441637687366
1,0.7442502869194404
1,0.8485369664436988
1,0.9728367205784612
1,0.9558061737042169
1,0.6031266466527976
1,0.9585212308789071
1,0.7753952043020181
1,0.8795766956461124
1,0.7731549410137295
1,0.280724291423832
1,0.9355952609616225
1,0.8781552334538184
1,0.4463557203022542
1,0.4901855782874552
1,0.6683047802505433
1,0.7851831413696758
1,0.639346691689377
1,0.9418764906896553
1,0.8858227540901912
1,0.8144864138427866
1,0.9653226959897221
1,0.7124515579357352
1,0.8646116861859475
1,0.9313752488273233
1,0.8760446846183298
1,0.9095430003498644
1,0.9598194491439478
1,0.6693681918035492
1,0.5383358615080125
1,0.773390092028405
1,0.9353568686696654
1,0.9517688404577491
1,0.8984699059992971
1,0.7682524393448825
1,0.799005430465755
1,0.759447731041643
1,0.8598378447362258
1,0.8746661615666511
1,0.822878223992579
1,0.937762473843859
1,0.8318060319220121
1,0.88875771744014
1,0.9091898112664868
1,0.9230309128536514
1,0.8487435960308924
1,0.8344315769806292
1,0.8300703045408805
1,0.7345866646342711
1,0.785635715183834
1,0.9323186539923102
1,0.6768879737820017
1,0.7860033939258378
1,0.882603332847165
1,0.8011715454022167
1,0.935328943437838
1,0.8576701798633866
1,0.7231308404546398
1,0.8178722477913073
1,0.6621262615207467
1,0.8310547147356293
1,0.8276513291942602
1,0.7217835743350567
1,0.7541359052054254
1,0.9072231197101153
1,0.7957092953243047
1,0.8498335091856355
1,0.7552562702570897
1,0.8001303362685583
1,0.9696943607852264
1,0.8619637414641267
1,0.7036905861670982
1,0.8486729660771891
1,0.9353155014227488
1,0.8133955986357916
1,0.8864468536009277
1,0.819345426788249
1,0.8737660184566322
1,0.6190430374656024
1,0.8504690282687646
1,0.8924748986523408
1,0.8460205012407371
1,0.6888767693719527
1,0.8356740429076231
1,0.9159336222621699
1,0.8433434100755173
1,0.85283059705964
1,0.9196020183433925
1,0.8014572220034142
1,0.7820862659978
1,0.9038212797445904
1,0.7756335231202395
1,0.9271767472818409
1,0.9367638974902011
1,0.8787058389281581
1,0.8199097299438955
1,0.8906751782777883
1,0.8540693677594161
1,0.9258771248791106
1,0.8717054387653236
1,0.7086483048231254
1,0.5276133440940738
1,0.9159306129265636
1,0.9003199457037357
1,0.8355445281271687
1,0.7147490458404312
1,0.8516839742854503
1,0.9168450437311122
1,0.8986650076484328
1,0.7923090895227994
1,0.8093655571863857
1,0.8664214424788901
1,0.9036372588856804
1,0.6866949016270247
1,0.881305766443907
1,0.7733556781887158
1,0.8728956149497312
1,0.8883859773590455
1,0.8965098822290234
1,0.8035934859272185
1,0.7507122400722145
1,0.8863185459482379
1,0.7696890051308715
1,0.7384982892018458
1,0.9447937214517905
1,0.872039884754229
1,0.767004595647651
1,0.9064079059666482
1,0.8620366084231392
1,0.9562908203013507
1,0.9513390229697136
1,0.6296704176349738
1,0.756286306684251
1,0.8175148941043461
1,0.7942211025392647
1,0.8725911553274244
1,0.968707079584109
1,0.9761548369505457
1,0.6145478457047014
1,0.6490271873056694
1,0.5511684086600143
1,0.8449752529968355
1,0.8500516957824407
1,0.6909691660238796
1,0.8564568080644264
1,0.7909785806426682
1,0.5417530949984732
1,0.39261127951559227
1,0.8395062986228568
1,0.951507844738527
1,0.8698612625873376
1,0.7537384725072941
1,0.5072207809458255
1,0.8133678509453508
1,0.9148991346244744
1,0.6547247057987619
1,0.7418288454437394
1,0.7034373033925705
1,0.613441507728271
1,0.39735110788250433
1,0.7717893049985172
1,0.9235078490216164
1,0.45294304718351686
1,0.898539730866182
1,0.6728036787034057
1,0.830368387562458
1,0.708185679111242
1,0.6671279131854129
1,0.8334326731912953
1,0.7782547948541241
1,0.5714829737833632
1,0.7231552755705675
1,0.794534507073636
1,0.9512779207299037
1,0.8927818028047634
1,0.775898477723489
1,0.7694460583650315
1,0.8247875917085263
1,0.40115629221021576
1,0.9054903491233964
1,0.7804243510320383
1,0.6449534053985373
1,0.7412717936427482
1,0.9331288236681011
1,0.8368422241228319
1,0.7181390186484689
1,0.9289943104878021
1,0.8605304171056526
1,0.838525682745785
1,0.8579454018625718
1,0.6474110867042271
1,0.875305173635274
1,0.6417205213863728
1,0.9185030807910184
1,0.9078731522986874
1,0.8653470020630166
1,0.7564964045196221
1,0.8623740887501183
1,0.9236088277956158
1,0.822715267383663
1,0.671906579465579
1,0.8835709903270975
1,0.8001627548935933
1,0.8754227145139177
1,0.6934379028652441
1,0.5022251143488141
1,0.6736914075144022
1,0.6601039392396669
1,0.906498341569588
1,0.891353310033576
1,0.9018348826668795
1,0.7320051897624392
1,0.47748206131681126
1,0.5060419862261362
1,0.7172267093345562
1,0.4161119998117534
1,0.6264857802485875
1,0.2323591377777124
1,0.41084517993365166
1,0.4097359656456278
1,0.6167011791183019
1,0.6211208660838018
1,0.7120164906514524
1,0.782291812694979
1,0.8927793373637822
1,0.8918844698720264
1,0.49389257511711776
1,0.7845209150618728
1,0.6751852315843007
1,0.7165560151998231
1,0.2706023278443592
1,0.7596024413990622
1,0.6935522508045586
1,0.957113856853984
1,0.8589930437269299
1,0.6565620419493553
1,0.9236882783124352
1,0.5568119851608536
1,0.47828404947042746
1,0.8781547032804841
1,0.8135435945854196
1,0.7491875217012395
1,0.7635416445278908
1,0.9259254672777057
1,0.9084860480876009
1,0.8822551866332043
1,0.6376678729625054
1,0.5480741778772561
1,0.8254580823869836
1,0.8800073283144911
1,0.8877959695584096
1,0.8442569176692847
1,0.7080939813634205
1,0.7538295406718262
1,0.7386718533989513
1,0.857611634359099
1,0.7031827372652779
1,0.6546951464365494
1,0.8651788470416908
1,0.5814845498602759
1,0.7408317827800665
1,0.5613375838210356
1,0.927324431641367
1,0.6503475091528271
1,0.769930270630231
1,0.678516006571046
1,0.6419653220510037
1,0.6609246197378505
1,0.8884868290146563
1,0.9086327162394304
1,0.5175903519146816
1,0.6742148007774811
1,0.8736948790505408
1,0.829759708032286
1,0.7890598697704133
1,0.8607271110236728
1,0.8669251806853161
1,0.20335186000340633
1,0.6404960615206717
1,0.8352262712399414
1,0.8834134065230158
1,0.7541476638738974
1,0.7376423718931534
1,0.7633109792503416
1,0.8875391854307869
1,0.9706430823003979
1,0.8798901305607943
1,0.700145856957204
1,0.8168605336371604
1,0.90166447012965
1,0.8890535208906852
1,0.8997076802027131
1,0.5762900647558958
1,0.7074540246497912
1,0.9328761748231083
1,0.9221828240957191
1,0.8344797538925895
1,0.7636863192980887
1,0.655285215709998
1,0.639336833369426
1,0.7853472845238779
1,0.898328396912939
1,0.7978476297865749
1,0.8540647402017317
1,0.8420882054838861
1,0.6399996815631884
1,0.6625912852002417
1,0.7485297912736087
1,0.6129234659121046
1,0.9164879515226955
1,0.6853439999571636
1,0.8884654897849908
1,0.8993871786027766
1,0.8831336980609577
1,0.24300726459275762
1,0.8874163610610805
1,0.7880959143692814
1,0.7342357452315439
1,0.8365196399704647
1,0.8941579210849092
1,0.9201614613844191
1,0.738684674877749
1,0.48030618423189186
1,0.8483286422383706
1,0.5195775825900641
1,0.9508705562392882
1,0.8387630000164675
1,0.7481657799750623
1,0.7428286393368633
1,0.9123774996865787
1,0.9399802565006959
1,0.7954419798105882
1,0.7396364454811618
1,0.6609193854516259
1,0.874983554463805
1,0.724915381631018
1,0.7201128075397087
1,0.8531530834218385
1,0.799513482392264
1,0.7349332033562244
1,0.720288180958057
1,0.9903895862045633
1,0.7160564611468715
1,0.682471914584127
1,0.570014645453277
1,0.7451036957317131
1,0.5775812679155946
1,0.6257474878251662
1,0.7897135134650612
1,0.8294361760018383
1,0.4782003314026125
1,0.7245068313339742
1,0.8432609261630901
1,0.9533800500246067
1,0.7544804640567014
1,0.9097150817910915
1,0.8385557657779654
1,0.5419710613757595
1,0.5445309162494872
1,0.7495449613663996
1,0.9235252322326551
1,0.882244513852509
1,0.6883532442389155
1,0.776549784451374
1,0.6592805704419518
1,0.7972276613979254
1,0.7772039641734627
1,0.858827733870823
1,0.695365656949409
1,0.785393702499373
1,0.8780409422698773
1,0.8088702981966197
1,0.8061866251645474
1,0.8817422917979483
1,0.9636506657451847
1,0.8451066488420047
1,0.9140825256864696
1,0.9328912770721232
1,0.5761656005096015
1,0.9805974608662469
1,0.7472463960801533
1,0.9004893655952076
1,0.8961439158563539
1,0.8949267833676713
1,0.7155731805920184
1,0.8814091916609614
1,0.873262465531319
1,0.9492947695007298
1,0.7985584949134666
1,0.7495481012331169
1,0.8415589464838106
1,0.7481587507050635
1,0.8289462992399791
1,0.6035741268730204
1,0.8856388295973767
1,0.715479921757072
1,0.7178068543002862
1,0.867504189032935
1,0.873872116915253
1,0.8731396448000437
1,0.637237540549323
1,0.8902601938076461
1,0.6291401978384905
1,0.8019906154937838
1,0.9373800001207542
1,0.9809507089665993
1,0.6217359633401082
1,0.8225441595988022
1,0.9637307472207953
1,0.907765006266078
1,0.648494197292838
1,0.7662582269252434
1,0.6330820179972803
1,0.7533010839422055
1,0.8618275539770135
1,0.82189819590563
1,0.9030552642911713
1,0.6057275482586615
1,0.7477281931559965
1,0.8950835842656638
1,0.7349838138957254
1,0.9148382542528768
1,0.5943648460631236
1,0.9330957792235314
1,0.643647121465578
1,0.6770759026715548
1,0.844556028285602
1,0.924498698486442
1,0.8980738505481484
1,0.9023047692743914
1,0.7732340222543043
1,0.9173275584890577
1,0.8742507016462695
1,0.9762809084239825
1,0.7353790674190654
1,0.5152191420738834
1,0.9084693856111137
1,0.9232100726521817
1,0.783288226309986
1,0.5781515295161553
1,0.6207733080546994
1,0.8693458083503539
1,0.8752721668943282
1,0.7573174657115153
1,0.920290305693833
1,0.8195173974200107
1,0.9517526477458875
1,0.8561981360863478
1,0.899161230159695
1,0.9008986192884099
1,0.9416414516237535
1,0.8969132445325162
1,0.662034148896317
1,0.8575257389645659
1,0.7493744499257974
1,0.8693251101042552
1,0.6567440368757763
1,0.9259934152004139
1,0.5102227026632017
1,0.8788469445506202
1,0.9703531873770008
1,0.8610737307023146
1,0.9196211468669423
1,0.8945969656251681
1,0.8398349391082627
1,0.8630657672796214
1,0.7387269463039733
1,0.7627134255043116
1,0.9159870977570282
1,0.8850070281122409
1,0.8783803020872015
1,0.9231051753195056
1,0.7880845178205311
1,0.7397669990910835
1,0.4795007765345279
1,0.764069703028877
1,0.9089769535505826
1,0.6508211846452452
1,0.8763478406052055
1,0.7791859959787555
1,0.976914102484287
1,0.7843262923252577
1,0.8780021015301941
1,0.7899200857555031
1,0.889700045110251
1,0.7766215244629977
1,0.8467687703518465
1,0.6246683939120763
1,0.7443282448846823
1,0.7542126987179094
1,0.6509705492630828
1,0.8661829130313005
1,0.9306034816760986
1,0.8880958127735149
1,0.6265966778880114
1,0.9139151803565495
1,0.6945542247150942
1,0.8336913243919023
1,0.8680370421775793
1,0.9139922552368569
1,0.6907483115544574
1,0.6770200375806825
1,0.8896460544816995
1,0.9032286601212743
1,0.6270659796829554
1,0.62218733496119
1,0.9479743257750693
1,0.9307507010339786
1,0.8954294615353798
1,0.7706437283234887
1,0.9872120562188864
1,0.890146369537457
1,0.953644975187141
1,0.5944124539798379
1,0.8960329409060119
1,0.7009803574265686
1,0.7964077443070892
1,0.8105027681193853
1,0.7281124606394944
1,0.7463285214549449
1,0.8267130825061856
1,0.7788638792233902
1,0.8882014481912012
1,0.6382632376875839
1,0.9347183571445928
1,0.9376015306867672
1,0.8111632475844592
1,0.9795297086316195
1,0.9317148356920362
1,0.9648559049203219
1,0.8677722978727703
1,0.7081682587946925
1,0.8495105854547308
1,0.9538145497225625
1,0.8469815753933666
1,0.6616510675904307
1,0.8725934818170993
1,0.8665135897295144
1,0.8531357197455168
1,0.8297552887573286
1,0.7967389519245994
1,0.8960385535488059
1,0.9479747783236961
1,0.7341061606336725
1,0.7735699187888541
1,0.8532767364219566
1,0.797673414610999
1,0.8527585790462471
1,0.7789141119484743
1,0.9036653119421424
1,0.8192037990819728
1,0.9297500919431532
1,0.974482297091278
1,0.9258725629482213
1,0.8775508920829678
1,0.8633418564609584
1,0.8382129620535482
1,0.9032877657084859
1,0.7016535087045545
1,0.8797253393977434
1,0.8330602780123082
1,0.8499068283518959
1,0.9304091397593268
1,0.6853260923148105
1,0.926671256163513
1,0.8007092435146652
1,0.7206220124044584
1,0.8612316204153274
1,0.8198284660817442
1,0.8958123591371576
1,0.8152287222457157
1,0.8744300534243151
1,0.9512557379905718
1,0.7054859844763947
1,0.8501951791084917
1,0.8084016231220122
1,0.6391672008565499
1,0.9516371447412456
1,0.7474361368874562
1,0.744867391015775
1,0.5608249678136753
1,0.8768674417111336
1,0.7931831352169442
1,0.8831156912790828
1,0.9301331818276719
1,0.9015357106367488
1,0.8939789252383187
1,0.8778273864062497
1,0.884527205833477
1,0.9070549398852499
1,0.8310345159494412
1,0.8797392804800243
1,0.9356435665197501
1,0.9258252751699935
1,0.8485226711436784
1,0.9187061875030558
1,0.835513308580972
1,0.7814399568521754
1,0.8919285190952301
1,0.9176813458300286
1,0.8449174688318114
1,0.7828086770518752
1,0.8137466974369549
1,0.9272032923287659
1,0.7792964982965562
1,0.9455421470403818
1,0.8329107191082151
1,0.8847139510930467
1,0.9300001569154608
1,0.8183786518233315
1,0.9385875262247168
1,0.8359411635300402
1,0.8944112864346753
1,0.8515199344684559
1,0.9091643074020964
1,0.6960937645645713
1,0.7845176242791655
1,0.8720650973624409
1,0.8636090540046276
1,0.8348635850387598
1,0.9199847421023909
1,0.9111414581350118
1,0.9322910466480723
1,0.8880641535958211
1,0.7138118092715637
1,0.8449065564351221
1,0.8213318870436629
1,0.8743480670824305
1,0.5019711135495042
1,0.7512850570625984
1,0.6414956984918779
1,0.8001546544125663
1,0.9746546773550264
1,0.8671942083331001
1,0.7883780826266226
1,0.8579473830868516
1,0.9046815588667452
1,0.9373601024679852
1,0.75982755669325
1,0.8938938113378003
1,0.8991697047123949
1,0.8416652559437731
1,0.9254057253425643
1,0.7808240604027874
1,0.9034584055416577
1,0.9215473428531562
1,0.9220668032558538
1,0.9632806625092599
1,0.6539328586651773
1,0.8715492559068411
1,0.9205712113112166
1,0.8514506416172595
1,0.941332410721606
1,0.8823165147848843
1,0.7710578802878082
1,0.8599706263936089
1,0.9422118835846774
1,0.9365840287146437
1,0.9172332544052387
1,0.9173645807120965
1,0.9853401086861554
1,0.9358207960993757
1,0.7350979775014772
1,0.8953573380750826
1,0.9151579882730607
1,0.8238850858426097
1,0.780543025698209
1,0.8288730678218993
1,0.7168669723641373
1,0.7813524720718169
1,0.8216814526830574
1,0.8390953680172819
1,0.9244296495224321
1,0.914769315176757
1,0.8240314514495253
1,0.8959695005166224
1,0.8227405825506106
1,0.8820186304079655
1,0.7399478267543886
1,0.8566259748255417
1,0.9055900646911059
1,0.6801400490707837
1,0.926251807163173
1,0.8602030592673042
1,0.8820321456882522
1,0.9081934287044453
1,0.8218668050074629
1,0.7788380266387289
1,0.7532276650788441
1,0.967330942890418
1,0.9445863347307133
1,0.8813777591920052
1,0.9158809220745506
1,0.8882241703608629
1,0.9345563072334115
1,0.9265719889826004
1,0.9646301338128913
1,0.7364266680422293
1,0.9039885652236228
1,0.8685349309152273
1,0.837056569160269
1,0.778866966212429
1,0.8978063203004875
1,0.8349250831867162
1,0.8900123523407442
1,0.6691215258436773
1,0.9247073115190902
1,0.8503379133489074
1,0.701737835144625
1,0.8801387374065047
1,0.8487412373134035
1,0.9169259720880685
1,0.8953802846208987
1,0.8496190847401011
1,0.6174070664869638
1,0.797672629908637
1,0.9775756685584825
1,0.9199082797360845
1,0.7705887978711758
1,0.8129349748836916
1,0.7621202794275705
1,0.7903524579916941
1,0.9051940631070923
1,0.727567889098365
1,0.7258916274201785
1,0.9459144511972688
1,0.8751143242318534
1,0.7781326859036221
1,0.7132368038436006
1,0.8607191965438683
1,0.9419922408720575
1,0.651407411677143
1,0.8390273247924009
1,0.8882789727328656
1,0.9680840754973972
1,0.8027646526558033
1,0.8357700734880884
1,0.8209267334099286
1,0.8443664319426333
1,0.6994734841309317
1,0.84252219680994
1,0.7183707410454172
1,0.938003013342717
1,0.8714346546348914
1,0.9478918802795294
1,0.9300283695789298
1,0.8008457503186797
1,0.9315659925329797
1,0.9005747619415873
1,0.8334350926579046
1,0.7285830437552153
1,0.9609042605165052
1,0.8620654661891693
1,0.7184890795345206
1,0.9138723693917237
1,0.9003049496182225
1,0.9234416070164941
1,0.96734709507991
1,0.9304819182913833
1,0.719252461188803
1,0.6371306769233842
1,0.7438920668467526
1,0.7140278022209056
1,0.7131535937034009
1,0.9162572535321474
1,0.8471520151855401
1,0.8983370911656671
1,0.6269979161162977
1,0.8868157205079306
1,0.7101094165719176
1,0.6621514648040132
1,0.8292095340419668
1,0.8390813448040347
1,0.8947909245503981
1,0.8603233161877903
1,0.8382628998759774
1,0.8380342092262013
1,0.7598632116045182
1,0.7954674953952241
1,0.7543691183947251
1,0.88672216459587
1,0.8799275191281081
1,0.8262914296758411
1,0.87357976781178
1,0.46322156771357287
1,0.7680737163675087
1,0.8954914166048465
1,0.971091667784252
1,0.8692700405726257
1,0.8727110982319396
1,0.7805386093868126
1,0.7432175496895975
1,0.7632916655936992
1,0.69382298442607
1,0.8401411727980123
1,0.7418296096504564
1,0.9174029213062668
1,0.6522866792964773
1,0.8544630300274647
1,0.8319874718587381
1,0.6509517549494869
1,0.8018472172152287
1,0.7262113538000148
1,0.8984123654922023
1,0.6443816967289904
1,0.9182708130991942
1,0.926610827779283
1,0.885945295107039
1,0.8040322130956477
1,0.8881184627130156
1,0.9133615881131495
1,0.8876515536415959
1,0.8732753460562842
1,0.8821147419394996
1,0.9348397155029473
1,0.7085135894998827
1,0.935282693319925
1,0.9479014197754644
1,0.8418442515577301
1,0.8501950862661859
1,0.8745508160944032
1,0.8995674856041682
1,0.8408156961209464
1,0.9235441647411566
1,0.9687566195942089
1,0.955921955089572
1,0.9254134680371459
1,0.9119166583376656
1,0.836205202328849
1,0.7434286752539995
1,0.902868034951373
1,0.9613680833892986
1,0.9220570019480834
1,0.8313327114799408
1,0.9064182405581004
1,0.8983426199121598
1,0.9743348094769854
1,0.8283423218128487
1,0.851542727037006
1,0.9202939360885148
1,0.73803081801631
1,0.8846697194680583
1,0.8268072463774867
1,0.8889873119532169
1,0.9802793857984898
