system,prompt,condition,predicted_prob,true_label,true_label_binary
Claude48,Free,Claude48-Free,0.567276368853148,Human,0
Claude48,Free,Claude48-Free,0.16630358876491405,Human,0
Claude48,Free,Claude48-Free,0.7174712463170173,Human,0
Claude48,Free,Claude48-Free,0.3865924261882485,Human,0
Claude48,Free,Claude48-Free,0.44049270277339875,Human,0
Claude48,Free,Claude48-Free,0.26270279952317616,Human,0
Claude48,Free,Claude48-Free,0.18458766678793057,Human,0
Claude48,Free,Claude48-Free,0.6626024736004481,Human,0
Claude48,Free,Claude48-Free,0.6346883598928484,Human,0
Claude48,Free,Claude48-Free,0.49748877984335543,Human,0
Claude48,Free,Claude48-Free,0.40790023567504097,Human,0
Claude48,Free,Claude48-Free,0.5839183706772622,Human,0
Claude48,Free,Claude48-Free,0.4826604842739812,Human,0
Claude48,Free,Claude48-Free,0.37461844188806387,Human,0
Claude48,Free,Claude48-Free,0.6384197488552384,Human,0
Claude48,Free,Claude48-Free,0.792006582544964,Human,0
Claude48,Free,Claude48-Free,0.3838731751957015,Human,0
Claude48,Free,Claude48-Free,0.5045070429231882,Human,0
Claude48,Free,Claude48-Free,0.45557827040400645,Human,0
Claude48,Free,Claude48-Free,0.2289731272534224,Human,0
Claude48,Free,Claude48-Free,0.6767307576981525,Human,0
Claude48,Free,Claude48-Free,0.5325118920902427,Human,0
Claude48,Free,Claude48-Free,0.2335297161941971,Human,0
Claude48,Free,Claude48-Free,0.4730270616456302,Human,0
Claude48,Free,Claude48-Free,0.16943693294712023,Human,0
Claude48,Free,Claude48-Free,0.4564174178503836,Human,0
Claude48,Free,Claude48-Free,0.3049858172455079,Human,0
Claude48,Free,Claude48-Free,0.7785656527450788,Human,0
Claude48,Free,Claude48-Free,0.6776875703073092,Human,0
Claude48,Free,Claude48-Free,0.1724666322603896,Human,0
Claude48,Free,Claude48-Free,0.6902565670609462,Human,0
Claude48,Free,Claude48-Free,0.8759696214374014,Human,0
Claude48,Free,Claude48-Free,0.37269353335371086,Human,0
Claude48,Free,Claude48-Free,0.2641008858856373,Human,0
Claude48,Free,Claude48-Free,0.2229448549870567,Human,0
Claude48,Free,Claude48-Free,0.6960724349500859,Human,0
Claude48,Free,Claude48-Free,0.40807865014850203,Human,0
Claude48,Free,Claude48-Free,0.3619132283149632,Human,0
Claude48,Free,Claude48-Free,0.5539594892896013,Human,0
Claude48,Free,Claude48-Free,0.3369487926537721,Human,0
Claude48,Free,Claude48-Free,0.6454679395838062,Human,0
Claude48,Free,Claude48-Free,0.26572235928128407,Human,0
Claude48,Free,Claude48-Free,0.8396899569065194,Human,0
Claude48,Free,Claude48-Free,0.5496052795579103,Human,0
Claude48,Free,Claude48-Free,0.5048290276492237,Human,0
Claude48,Free,Claude48-Free,0.6897334580820064,Human,0
Claude48,Free,Claude48-Free,0.5179380237927248,Human,0
Claude48,Free,Claude48-Free,0.319809391766597,Human,0
Claude48,Free,Claude48-Free,0.3631501790926305,Human,0
Claude48,Free,Claude48-Free,0.0860696031240029,Human,0
Claude48,Free,Claude48-Free,0.4492984985211667,Human,0
Claude48,Free,Claude48-Free,0.21950277370744706,Human,0
Claude48,Free,Claude48-Free,0.7494939208462128,Human,0
Claude48,Free,Claude48-Free,0.5143629145221705,Human,0
Claude48,Free,Claude48-Free,0.3175798771208402,Human,0
Claude48,Free,Claude48-Free,0.7090403770648686,Human,0
Claude48,Free,Claude48-Free,0.22137266357840185,Human,0
Claude48,Free,Claude48-Free,0.7379757523588404,Human,0
Claude48,Free,Claude48-Free,0.7405041635547626,Human,0
Claude48,Free,Claude48-Free,0.45691620517751774,Human,0
Claude48,Free,Claude48-Free,0.41991643130614537,Human,0
Claude48,Free,Claude48-Free,0.5707088699044885,Human,0
Claude48,Free,Claude48-Free,0.8547412161139107,Human,0
Claude48,Free,Claude48-Free,0.5147736141051653,Human,0
Claude48,Free,Claude48-Free,0.41625573617660433,Human,0
Claude48,Free,Claude48-Free,0.3884209685903807,Human,0
Claude48,Free,Claude48-Free,0.5373555591260064,Human,0
Claude48,Free,Claude48-Free,0.5544663221075037,Human,0
Claude48,Free,Claude48-Free,0.9391748453934556,Human,0
Claude48,Free,Claude48-Free,0.43142076043307,Human,0
Claude48,Free,Claude48-Free,0.4799542233641654,Human,0
Claude48,Free,Claude48-Free,0.7238759398568376,Human,0
Claude48,Free,Claude48-Free,0.33043076217838613,Human,0
Claude48,Free,Claude48-Free,0.3318204644394876,Human,0
Claude48,Free,Claude48-Free,0.47605252154226,Human,0
Claude48,Free,Claude48-Free,0.3253212455512256,Human,0
Claude48,Free,Claude48-Free,0.44881388474138056,Human,0
Claude48,Free,Claude48-Free,0.43491112955336597,Human,0
Claude48,Free,Claude48-Free,0.3382118945694891,Human,0
Claude48,Free,Claude48-Free,0.5835816322505413,Human,0
Claude48,Free,Claude48-Free,0.2975640650020313,Human,0
Claude48,Free,Claude48-Free,0.14530852126612306,Human,0
Claude48,Free,Claude48-Free,0.2704997738420677,Human,0
Claude48,Free,Claude48-Free,0.3459086766518515,Human,0
Claude48,Free,Claude48-Free,0.28525894543164526,Human,0
Claude48,Free,Claude48-Free,0.3352044003247556,Human,0
Claude48,Free,Claude48-Free,0.25341956158933193,Human,0
Claude48,Free,Claude48-Free,0.4139623103564233,Human,0
Claude48,Free,Claude48-Free,0.41027640747342603,Human,0
Claude48,Free,Claude48-Free,0.6114475524118136,Human,0
Claude48,Free,Claude48-Free,0.6529967178509345,Human,0
Claude48,Free,Claude48-Free,0.16668153807442349,Human,0
Claude48,Free,Claude48-Free,0.6326998688311477,Human,0
Claude48,Free,Claude48-Free,0.6421838862565368,Human,0
Claude48,Free,Claude48-Free,0.5932855445515669,Human,0
Claude48,Free,Claude48-Free,0.7239792471538035,Human,0
Claude48,Free,Claude48-Free,0.6235369032184652,Human,0
Claude48,Free,Claude48-Free,0.8386199935704761,Human,0
Claude48,Free,Claude48-Free,0.4903588626199086,Human,0
Claude48,Free,Claude48-Free,0.40788599626368854,Human,0
Claude48,Free,Claude48-Free,0.7531717974086135,Human,0
Claude48,Free,Claude48-Free,0.7210593889425719,Human,0
Claude48,Free,Claude48-Free,0.7048086572489234,Human,0
Claude48,Free,Claude48-Free,0.27602274772759405,Human,0
Claude48,Free,Claude48-Free,0.759356278893206,Human,0
Claude48,Free,Claude48-Free,0.8724405475879948,Human,0
Claude48,Free,Claude48-Free,0.8466578340625237,Human,0
Claude48,Free,Claude48-Free,0.23063558165954315,Human,0
Claude48,Free,Claude48-Free,0.8213471929695547,Human,0
Claude48,Free,Claude48-Free,0.5437965753622862,Human,0
Claude48,Free,Claude48-Free,0.6661507627148753,Human,0
Claude48,Free,Claude48-Free,0.17603842480399565,Human,0
Claude48,Free,Claude48-Free,0.7716162318139812,Human,0
Claude48,Free,Claude48-Free,0.36200741296710987,Human,0
Claude48,Free,Claude48-Free,0.36018476721240644,Human,0
Claude48,Free,Claude48-Free,0.30669090778882757,Human,0
Claude48,Free,Claude48-Free,0.3056201443422704,Human,0
Claude48,Free,Claude48-Free,0.28196791959930934,Human,0
Claude48,Free,Claude48-Free,0.44478458916448566,Human,0
Claude48,Free,Claude48-Free,0.15705533827215548,Human,0
Claude48,Free,Claude48-Free,0.17339460700082987,Human,0
Claude48,Free,Claude48-Free,0.5544526652476901,Human,0
Claude48,Free,Claude48-Free,0.2087348048272949,Human,0
Claude48,Free,Claude48-Free,0.36001242731022554,Human,0
Claude48,Free,Claude48-Free,0.5467832996101248,Human,0
Claude48,Free,Claude48-Free,0.3645407736436149,Human,0
Claude48,Free,Claude48-Free,0.19184224790637225,Human,0
Claude48,Free,Claude48-Free,0.18530889622709754,Human,0
Claude48,Free,Claude48-Free,0.7697281633338893,Human,0
Claude48,Free,Claude48-Free,0.008815808458570109,Human,0
Claude48,Free,Claude48-Free,0.7340415742052705,Human,0
Claude48,Free,Claude48-Free,0.46558534688097003,Human,0
Claude48,Free,Claude48-Free,0.5377949616935681,Human,0
Claude48,Free,Claude48-Free,0.7809952386671962,Human,0
Claude48,Free,Claude48-Free,0.7248722086450805,Human,0
Claude48,Free,Claude48-Free,0.8307228695180687,Human,0
Claude48,Free,Claude48-Free,0.7073793495200129,Human,0
Claude48,Free,Claude48-Free,0.7043470095083759,Human,0
Claude48,Free,Claude48-Free,0.36369418592033653,Human,0
Claude48,Free,Claude48-Free,0.39968598401797967,Human,0
Claude48,Free,Claude48-Free,0.626740262866215,Human,0
Claude48,Free,Claude48-Free,0.8838149666574042,Human,0
Claude48,Free,Claude48-Free,0.5740910011328008,Human,0
Claude48,Free,Claude48-Free,0.5458096432627758,Human,0
Claude48,Free,Claude48-Free,0.5727844568861222,Human,0
Claude48,Free,Claude48-Free,0.5759762761635442,Human,0
Claude48,Free,Claude48-Free,0.20168141017722796,Human,0
Claude48,Free,Claude48-Free,0.5794627511149546,Human,0
Claude48,Free,Claude48-Free,0.715554533167178,Human,0
Claude48,Free,Claude48-Free,0.01911157491472093,Human,0
Claude48,Free,Claude48-Free,0.01021005265067484,Human,0
Claude48,Free,Claude48-Free,0.11229666406196492,Human,0
Claude48,Free,Claude48-Free,0.02998535875939836,Human,0
Claude48,Free,Claude48-Free,0.04097713236584324,Human,0
Claude48,Free,Claude48-Free,0.3092223183290273,Human,0
Claude48,Free,Claude48-Free,0.016832168100734263,Human,0
Claude48,Free,Claude48-Free,0.08934807366632076,Human,0
Claude48,Free,Claude48-Free,0.07264727449511584,Human,0
Claude48,Free,Claude48-Free,0.45874189853053216,Human,0
Claude48,Free,Claude48-Free,0.428640375392649,Human,0
Claude48,Free,Claude48-Free,0.7064582346530409,Human,0
Claude48,Free,Claude48-Free,0.7055457118052646,Human,0
Claude48,Free,Claude48-Free,0.34832187911302603,Human,0
Claude48,Free,Claude48-Free,0.08507910121778361,Human,0
Claude48,Free,Claude48-Free,0.721331235073672,Human,0
Claude48,Free,Claude48-Free,0.5316003066476879,Human,0
Claude48,Free,Claude48-Free,0.6459843091219397,Human,0
Claude48,Free,Claude48-Free,0.40649001368148957,Human,0
Claude48,Free,Claude48-Free,0.06778194644552048,Human,0
Claude48,Free,Claude48-Free,0.7662136357254485,Human,0
Claude48,Free,Claude48-Free,0.3257078953936321,Human,0
Claude48,Free,Claude48-Free,0.3063312758006087,Human,0
Claude48,Free,Claude48-Free,0.4769749426419631,Human,0
Claude48,Free,Claude48-Free,0.7661623697699237,Human,0
Claude48,Free,Claude48-Free,0.2216221423298288,Human,0
Claude48,Free,Claude48-Free,0.529175486501634,Human,0
Claude48,Free,Claude48-Free,0.4190440317940344,Human,0
Claude48,Free,Claude48-Free,0.5291541673967567,Human,0
Claude48,Free,Claude48-Free,0.6840636688587822,Human,0
Claude48,Free,Claude48-Free,0.4445879189416768,Human,0
Claude48,Free,Claude48-Free,0.48262130497933264,Human,0
Claude48,Free,Claude48-Free,0.44252185671990385,Human,0
Claude48,Free,Claude48-Free,0.577391220685658,Human,0
Claude48,Free,Claude48-Free,0.18145743531840997,Human,0
Claude48,Free,Claude48-Free,0.22302178509351697,Human,0
Claude48,Free,Claude48-Free,0.30907805839012475,Human,0
Claude48,Free,Claude48-Free,0.26922586908203533,Human,0
Claude48,Free,Claude48-Free,0.6992568652265522,Human,0
Claude48,Free,Claude48-Free,0.21672347824722527,Human,0
Claude48,Free,Claude48-Free,0.756872872169443,Human,0
Claude48,Free,Claude48-Free,0.2553300152348469,Human,0
Claude48,Free,Claude48-Free,0.7767425947306049,Human,0
Claude48,Free,Claude48-Free,0.4240772329825857,Human,0
Claude48,Free,Claude48-Free,0.5146737617354276,Human,0
Claude48,Free,Claude48-Free,0.6244209857833695,Human,0
Claude48,Free,Claude48-Free,0.4291058145294989,Human,0
Claude48,Free,Claude48-Free,0.16910084900734906,Human,0
Claude48,Free,Claude48-Free,0.013278509663331892,Human,0
Claude48,Free,Claude48-Free,0.4861470239098429,Human,0
Claude48,Free,Claude48-Free,0.5300838423474435,Human,0
Claude48,Free,Claude48-Free,0.04474483604651236,Human,0
Claude48,Free,Claude48-Free,0.302468538948617,Human,0
Claude48,Free,Claude48-Free,0.9465768824864814,Human,0
Claude48,Free,Claude48-Free,0.6343740987362628,Human,0
Claude48,Free,Claude48-Free,0.3790425669854114,Human,0
Claude48,Free,Claude48-Free,0.2173542576972835,Human,0
Claude48,Free,Claude48-Free,0.31612039808899556,Human,0
Claude48,Free,Claude48-Free,0.46304235912108954,Human,0
Claude48,Free,Claude48-Free,0.6058995460731091,Human,0
Claude48,Free,Claude48-Free,0.8514640914050778,Human,0
Claude48,Free,Claude48-Free,0.38358575387897104,Human,0
Claude48,Free,Claude48-Free,0.27311479028603597,Human,0
Claude48,Free,Claude48-Free,0.3847768177217079,Human,0
Claude48,Free,Claude48-Free,0.30559462023422107,Human,0
Claude48,Free,Claude48-Free,0.10343789941898347,Human,0
Claude48,Free,Claude48-Free,0.7625123570446815,Human,0
Claude48,Free,Claude48-Free,0.6829263144313135,Human,0
Claude48,Free,Claude48-Free,0.36946019227245436,Human,0
Claude48,Free,Claude48-Free,0.5828604060616654,Human,0
Claude48,Free,Claude48-Free,0.5040121222619165,Human,0
Claude48,Free,Claude48-Free,0.2794155166037873,Human,0
Claude48,Free,Claude48-Free,0.29883872748774,Human,0
Claude48,Free,Claude48-Free,0.3256449178040961,Human,0
Claude48,Free,Claude48-Free,0.8570830069858733,Human,0
Claude48,Free,Claude48-Free,0.6514510431516881,Human,0
Claude48,Free,Claude48-Free,0.9286269956063544,Human,0
Claude48,Free,Claude48-Free,0.7513082790833034,Human,0
Claude48,Free,Claude48-Free,0.836698433742881,Human,0
Claude48,Free,Claude48-Free,0.401195616026277,Human,0
Claude48,Free,Claude48-Free,0.5879732609194893,Human,0
Claude48,Free,Claude48-Free,0.8141857673384867,Human,0
Claude48,Free,Claude48-Free,0.18508539324091808,Human,0
Claude48,Free,Claude48-Free,0.025333871403807818,Human,0
Claude48,Free,Claude48-Free,0.1429277796825133,Human,0
Claude48,Free,Claude48-Free,0.004243641491542509,Human,0
Claude48,Free,Claude48-Free,0.016667134403513386,Human,0
Claude48,Free,Claude48-Free,0.26358088611659514,Human,0
Claude48,Free,Claude48-Free,0.21943175072036236,Human,0
Claude48,Free,Claude48-Free,0.8646446817324346,Human,0
Claude48,Free,Claude48-Free,0.7018653827504309,Human,0
Claude48,Free,Claude48-Free,0.10141220857720244,Human,0
Claude48,Free,Claude48-Free,0.359174177074519,Human,0
Claude48,Free,Claude48-Free,0.6544656478732874,Human,0
Claude48,Free,Claude48-Free,0.5289907509236906,Human,0
Claude48,Free,Claude48-Free,0.6617802370659943,Human,0
Claude48,Free,Claude48-Free,0.18046551601081104,Human,0
Claude48,Free,Claude48-Free,0.2387954845603592,Human,0
Claude48,Free,Claude48-Free,0.9855677033780965,Human,0
Claude48,Free,Claude48-Free,0.7359346759972616,Human,0
Claude48,Free,Claude48-Free,0.5510252601099662,Human,0
Claude48,Free,Claude48-Free,0.6005916426978517,Human,0
Claude48,Free,Claude48-Free,0.2506428468397859,Human,0
Claude48,Free,Claude48-Free,0.7469858497393157,Human,0
Claude48,Free,Claude48-Free,0.5381074224783732,Human,0
Claude48,Free,Claude48-Free,0.33169097576355155,Human,0
Claude48,Free,Claude48-Free,0.797780850054366,Human,0
Claude48,Free,Claude48-Free,0.9394397839580279,Human,0
Claude48,Free,Claude48-Free,0.855084348309932,Human,0
Claude48,Free,Claude48-Free,0.8960430136932346,Human,0
Claude48,Free,Claude48-Free,0.3468517578995394,Human,0
Claude48,Free,Claude48-Free,0.39407576022806434,Human,0
Claude48,Free,Claude48-Free,0.3842141519950424,Human,0
Claude48,Free,Claude48-Free,0.529688472800119,Human,0
Claude48,Free,Claude48-Free,0.8136305717026848,Human,0
Claude48,Free,Claude48-Free,0.6989461879411848,Human,0
Claude48,Free,Claude48-Free,0.054587232379370756,Human,0
Claude48,Free,Claude48-Free,0.9163686557739048,Human,0
Claude48,Free,Claude48-Free,0.7371546735009583,Human,0
Claude48,Free,Claude48-Free,0.16990811525392488,Human,0
Claude48,Free,Claude48-Free,0.6368340614428921,Human,0
Claude48,Free,Claude48-Free,0.4057917408194433,Human,0
Claude48,Free,Claude48-Free,0.5998733829218382,Human,0
Claude48,Free,Claude48-Free,0.20928800988139432,Human,0
Claude48,Free,Claude48-Free,0.37375801493034344,Human,0
Claude48,Free,Claude48-Free,0.07252972586234836,Human,0
Claude48,Free,Claude48-Free,0.3701992425194104,Human,0
Claude48,Free,Claude48-Free,0.23797568519435572,Human,0
Claude48,Free,Claude48-Free,0.7309944187753028,Human,0
Claude48,Free,Claude48-Free,0.33550657196850764,Human,0
Claude48,Free,Claude48-Free,0.7240133363498104,Human,0
Claude48,Free,Claude48-Free,0.8204820318794628,Human,0
Claude48,Free,Claude48-Free,0.3219071155838387,Human,0
Claude48,Free,Claude48-Free,0.892716787897572,Human,0
Claude48,Free,Claude48-Free,0.9864719825660248,Human,0
Claude48,Free,Claude48-Free,0.26368325928061903,Human,0
Claude48,Free,Claude48-Free,0.4293967952668886,Human,0
Claude48,Free,Claude48-Free,0.690984280884244,Human,0
Claude48,Free,Claude48-Free,0.1869782119752112,Human,0
Claude48,Free,Claude48-Free,0.2183337221761484,Human,0
Claude48,Free,Claude48-Free,0.3561132803487571,Human,0
Claude48,Free,Claude48-Free,0.9128147116861524,Human,0
Claude48,Free,Claude48-Free,0.5992145116516918,Human,0
Claude48,Free,Claude48-Free,0.1919509012664688,Human,0
Claude48,Free,Claude48-Free,0.45422745017479943,Human,0
Claude48,Free,Claude48-Free,0.25368936744529563,Human,0
Claude48,Free,Claude48-Free,0.05499191834426625,Human,0
Claude48,Free,Claude48-Free,0.8142757242964707,Human,0
Claude48,Free,Claude48-Free,0.04110833906546336,Human,0
Claude48,Free,Claude48-Free,0.12451898411807437,Human,0
Claude48,Free,Claude48-Free,0.014310563527770092,Human,0
Claude48,Free,Claude48-Free,0.08358229493719593,Human,0
Claude48,Free,Claude48-Free,0.6647626105517032,Human,0
Claude48,Free,Claude48-Free,0.8760124766686445,Human,0
Claude48,Free,Claude48-Free,0.24710563484364553,Human,0
Claude48,Free,Claude48-Free,0.10604111099951778,Human,0
Claude48,Free,Claude48-Free,0.8281993867086307,Human,0
Claude48,Free,Claude48-Free,0.5607932320656379,Human,0
Claude48,Free,Claude48-Free,0.5004941900173108,Human,0
Claude48,Free,Claude48-Free,0.10206009921555868,Human,0
Claude48,Free,Claude48-Free,0.20751553477698498,Human,0
Claude48,Free,Claude48-Free,0.3339111803341594,Human,0
Claude48,Free,Claude48-Free,0.6685197128476383,Human,0
Claude48,Free,Claude48-Free,0.4402693788260057,Human,0
Claude48,Free,Claude48-Free,0.8552762787803357,Human,0
Claude48,Free,Claude48-Free,0.34845765841685544,Human,0
Claude48,Free,Claude48-Free,0.448176647157344,Human,0
Claude48,Free,Claude48-Free,0.567588925121935,Human,0
Claude48,Free,Claude48-Free,0.6982191181236785,Human,0
Claude48,Free,Claude48-Free,0.4996790718599818,Human,0
Claude48,Free,Claude48-Free,0.9226264032410966,Human,0
Claude48,Free,Claude48-Free,0.769562327299579,Human,0
Claude48,Free,Claude48-Free,0.4466923165257747,Human,0
Claude48,Free,Claude48-Free,0.6238321049782308,Human,0
Claude48,Free,Claude48-Free,0.7895476967637893,Human,0
Claude48,Free,Claude48-Free,0.9495993404089038,Human,0
Claude48,Free,Claude48-Free,0.8650243094999545,Human,0
Claude48,Free,Claude48-Free,0.45681148522111187,Human,0
Claude48,Free,Claude48-Free,0.7498417119721414,Human,0
Claude48,Free,Claude48-Free,0.721626885141478,Human,0
Claude48,Free,Claude48-Free,0.8527469244002566,Human,0
Claude48,Free,Claude48-Free,0.5938809175558355,Human,0
Claude48,Free,Claude48-Free,0.6658785155684714,Human,0
Claude48,Free,Claude48-Free,0.8954968906907281,Human,0
Claude48,Free,Claude48-Free,0.6762583313624446,Human,0
Claude48,Free,Claude48-Free,0.4995549913878294,Human,0
Claude48,Free,Claude48-Free,0.9609644333019197,Human,0
Claude48,Free,Claude48-Free,0.482870438590143,Human,0
Claude48,Free,Claude48-Free,0.5802150537190777,Human,0
Claude48,Free,Claude48-Free,0.3542445953149476,Human,0
Claude48,Free,Claude48-Free,0.8233086112371573,Human,0
Claude48,Free,Claude48-Free,0.6853950367159091,Human,0
Claude48,Free,Claude48-Free,0.7566621317993026,Human,0
Claude48,Free,Claude48-Free,0.7708141218006789,Human,0
Claude48,Free,Claude48-Free,0.7113601117148466,Human,0
Claude48,Free,Claude48-Free,0.41230501759238153,Human,0
Claude48,Free,Claude48-Free,0.8249042698104169,Human,0
Claude48,Free,Claude48-Free,0.4379856353669406,Human,0
Claude48,Free,Claude48-Free,0.48265443728488033,Human,0
Claude48,Free,Claude48-Free,0.5942256190956369,Human,0
Claude48,Free,Claude48-Free,0.05306941273561767,Human,0
Claude48,Free,Claude48-Free,0.6167346216242804,Human,0
Claude48,Free,Claude48-Free,0.4073073808320413,Human,0
Claude48,Free,Claude48-Free,0.6318415198188123,Human,0
Claude48,Free,Claude48-Free,0.4125198372828976,Human,0
Claude48,Free,Claude48-Free,0.14405458397656756,Human,0
Claude48,Free,Claude48-Free,0.8158012161359262,Human,0
Claude48,Free,Claude48-Free,0.4136027312983471,Human,0
Claude48,Free,Claude48-Free,0.6802518528014354,Human,0
Claude48,Free,Claude48-Free,0.5052909743857568,Human,0
Claude48,Free,Claude48-Free,0.14022026153812783,Human,0
Claude48,Free,Claude48-Free,0.5326883419691455,Human,0
Claude48,Free,Claude48-Free,0.3198676285628054,Human,0
Claude48,Free,Claude48-Free,0.7434146670392153,Human,0
Claude48,Free,Claude48-Free,0.7421236573055948,Human,0
Claude48,Free,Claude48-Free,0.5791429699620315,Human,0
Claude48,Free,Claude48-Free,0.8190334367522735,Human,0
Claude48,Free,Claude48-Free,0.3916559444860573,Human,0
Claude48,Free,Claude48-Free,0.5353443909758779,Human,0
Claude48,Free,Claude48-Free,0.6954126902188448,Human,0
Claude48,Free,Claude48-Free,0.45642808897657994,Human,0
Claude48,Free,Claude48-Free,0.38562763462619615,Human,0
Claude48,Free,Claude48-Free,0.7166336859383384,Human,0
Claude48,Free,Claude48-Free,0.33781239256726076,Human,0
Claude48,Free,Claude48-Free,0.7445631458793703,Human,0
Claude48,Free,Claude48-Free,0.7912949549877974,Human,0
Claude48,Free,Claude48-Free,0.7219312807682265,Human,0
Claude48,Free,Claude48-Free,0.7398318854050807,Human,0
Claude48,Free,Claude48-Free,0.8752105355823268,Human,0
Claude48,Free,Claude48-Free,0.8190548118813755,Human,0
Claude48,Free,Claude48-Free,0.7193022500453591,Human,0
Claude48,Free,Claude48-Free,0.6615689122424713,Human,0
Claude48,Free,Claude48-Free,0.8483201409722305,Human,0
Claude48,Free,Claude48-Free,0.2571326716492725,Human,0
Claude48,Free,Claude48-Free,0.2622361720079589,Human,0
Claude48,Free,Claude48-Free,0.767262403017118,Human,0
Claude48,Free,Claude48-Free,0.10140910172618799,Human,0
Claude48,Free,Claude48-Free,0.9656375898199822,Human,0
Claude48,Free,Claude48-Free,0.24889366109041647,Human,0
Claude48,Free,Claude48-Free,0.835665430484265,Human,0
Claude48,Free,Claude48-Free,0.7038113600365992,Human,0
Claude48,Free,Claude48-Free,0.8056077858345602,Human,0
Claude48,Free,Claude48-Free,0.8525978328399446,Human,0
Claude48,Free,Claude48-Free,0.7108678863357033,Human,0
Claude48,Free,Claude48-Free,0.6354426421868694,Human,0
Claude48,Free,Claude48-Free,0.6002336304162604,Human,0
Claude48,Free,Claude48-Free,0.3928199750834869,Human,0
Claude48,Free,Claude48-Free,0.2971480638984849,Human,0
Claude48,Free,Claude48-Free,0.4508894266940812,Human,0
Claude48,Free,Claude48-Free,0.1616557982073379,Human,0
Claude48,Free,Claude48-Free,0.4293034878538334,Human,0
Claude48,Free,Claude48-Free,0.8618252908166634,Human,0
Claude48,Free,Claude48-Free,0.5605767618691873,Human,0
Claude48,Free,Claude48-Free,0.5304501860582096,Human,0
Claude48,Free,Claude48-Free,0.4354882408765877,Human,0
Claude48,Free,Claude48-Free,0.43349867017618227,Human,0
Claude48,Free,Claude48-Free,0.7099573156818604,Human,0
Claude48,Free,Claude48-Free,0.9164493691286845,Human,0
Claude48,Free,Claude48-Free,0.8996969744495907,Human,0
Claude48,Free,Claude48-Free,0.057347930677442274,Human,0
Claude48,Free,Claude48-Free,0.6704034549508339,Human,0
Claude48,Free,Claude48-Free,0.8063137890718233,Human,0
Claude48,Free,Claude48-Free,0.5841210226162119,Human,0
Claude48,Free,Claude48-Free,0.8755744765461625,Human,0
Claude48,Free,Claude48-Free,0.495430729559143,Human,0
Claude48,Free,Claude48-Free,0.6511821359614413,Human,0
Claude48,Free,Claude48-Free,0.7038169729148479,Human,0
Claude48,Free,Claude48-Free,0.21557467395712837,Human,0
Claude48,Free,Claude48-Free,0.19275015657443828,Human,0
Claude48,Free,Claude48-Free,0.9562176380550003,Human,0
Claude48,Free,Claude48-Free,0.6849322807488419,Human,0
Claude48,Free,Claude48-Free,0.3893887699382737,Human,0
Claude48,Free,Claude48-Free,0.07165361779505951,Human,0
Claude48,Free,Claude48-Free,0.45472972655007854,Human,0
Claude48,Free,Claude48-Free,0.5284073383105158,Human,0
Claude48,Free,Claude48-Free,0.2513569623124784,Human,0
Claude48,Free,Claude48-Free,0.9168596409767392,Human,0
Claude48,Free,Claude48-Free,0.5753819084159965,Human,0
Claude48,Free,Claude48-Free,0.046290113941923644,Human,0
Claude48,Free,Claude48-Free,0.5501682111058972,Human,0
Claude48,Free,Claude48-Free,0.28446631542292716,Human,0
Claude48,Free,Claude48-Free,0.82788207422554,Human,0
Claude48,Free,Claude48-Free,0.8019631743860124,Human,0
Claude48,Free,Claude48-Free,0.6669533308108025,Human,0
Claude48,Free,Claude48-Free,0.5709186004516008,Human,0
Claude48,Free,Claude48-Free,0.5544482383504871,Human,0
Claude48,Free,Claude48-Free,0.0629305519415835,Human,0
Claude48,Free,Claude48-Free,0.655207251964072,Human,0
Claude48,Free,Claude48-Free,0.4969977970289023,Human,0
Claude48,Free,Claude48-Free,0.8965591502428184,Human,0
Claude48,Free,Claude48-Free,0.2685853475055109,Human,0
Claude48,Free,Claude48-Free,0.9126381625888718,Human,0
Claude48,Free,Claude48-Free,0.4467109663048203,Human,0
Claude48,Free,Claude48-Free,0.9443783862651219,Human,0
Claude48,Free,Claude48-Free,0.6019677414795447,Human,0
Claude48,Free,Claude48-Free,0.6532200605760917,Human,0
Claude48,Free,Claude48-Free,0.5144587091202069,Human,0
Claude48,Free,Claude48-Free,0.4714706283850201,Human,0
Claude48,Free,Claude48-Free,0.8002082192294969,Human,0
Claude48,Free,Claude48-Free,0.809726423669119,Human,0
Claude48,Free,Claude48-Free,0.49099048050047295,Human,0
Claude48,Free,Claude48-Free,0.7636885243774192,Human,0
Claude48,Free,Claude48-Free,0.18039361962688458,Human,0
Claude48,Free,Claude48-Free,0.6427374178364976,Human,0
Claude48,Free,Claude48-Free,0.5744285308355345,Human,0
Claude48,Free,Claude48-Free,0.666369256957212,Human,0
Claude48,Free,Claude48-Free,0.6914594857001932,Human,0
Claude48,Free,Claude48-Free,0.10184681425237609,Human,0
Claude48,Free,Claude48-Free,0.6807146676668614,Human,0
Claude48,Free,Claude48-Free,0.2632096454231219,Human,0
Claude48,Free,Claude48-Free,0.6965937366891717,Human,0
Claude48,Free,Claude48-Free,0.9117525996487527,Human,0
Claude48,Free,Claude48-Free,0.2601036834566704,Human,0
Claude48,Free,Claude48-Free,0.7567045480085761,Human,0
Claude48,Free,Claude48-Free,0.05827726631606442,Human,0
Claude48,Free,Claude48-Free,0.20458229938815953,Human,0
Claude48,Free,Claude48-Free,0.2742267547832153,Human,0
Claude48,Free,Claude48-Free,0.7556665078939816,Human,0
Claude48,Free,Claude48-Free,0.31615618189104105,Human,0
Claude48,Free,Claude48-Free,0.25448678733355534,Human,0
Claude48,Free,Claude48-Free,0.7273939474825144,Human,0
Claude48,Free,Claude48-Free,0.43844689227353423,Human,0
Claude48,Free,Claude48-Free,0.6901683378676065,Human,0
Claude48,Free,Claude48-Free,0.9704704744506081,Human,0
Claude48,Free,Claude48-Free,0.8510047025517551,Human,0
Claude48,Free,Claude48-Free,0.5054111429225604,Human,0
Claude48,Free,Claude48-Free,0.1761723208840814,Human,0
Claude48,Free,Claude48-Free,0.5777583156375127,Human,0
Claude48,Free,Claude48-Free,0.26177728831340547,Human,0
Claude48,Free,Claude48-Free,0.5100812196276899,Human,0
Claude48,Free,Claude48-Free,0.5318858165462886,Human,0
Claude48,Free,Claude48-Free,0.8385676676086489,Human,0
Claude48,Free,Claude48-Free,0.7913778254480015,Human,0
Claude48,Free,Claude48-Free,0.4820515359777634,Human,0
Claude48,Free,Claude48-Free,0.5591041231953425,Human,0
Claude48,Free,Claude48-Free,0.537118268010018,Human,0
Claude48,Free,Claude48-Free,0.6157783207619325,Human,0
Claude48,Free,Claude48-Free,0.14191619547702355,Human,0
Claude48,Free,Claude48-Free,0.12781164643426354,Human,0
Claude48,Free,Claude48-Free,0.5805067968976515,Human,0
Claude48,Free,Claude48-Free,0.9556913028179836,Human,0
Claude48,Free,Claude48-Free,0.4330671909103989,Human,0
Claude48,Free,Claude48-Free,0.0971196346422101,Human,0
Claude48,Free,Claude48-Free,0.7573737424831039,Human,0
Claude48,Free,Claude48-Free,0.49981103690946554,Human,0
Claude48,Free,Claude48-Free,0.7867200746939539,Human,0
Claude48,Free,Claude48-Free,0.8798352226120256,Human,0
Claude48,Free,Claude48-Free,0.6617371551239167,Human,0
Claude48,Free,Claude48-Free,0.8527527377614442,Human,0
Claude48,Free,Claude48-Free,0.9873649644223466,Human,0
Claude48,Free,Claude48-Free,0.2363158259066065,Human,0
Claude48,Free,Claude48-Free,0.4176939094691271,Human,0
Claude48,Free,Claude48-Free,0.9599628629509656,Human,0
Claude48,Free,Claude48-Free,0.24473381147536866,Human,0
Claude48,Free,Claude48-Free,0.6596873425175618,Human,0
Claude48,Free,Claude48-Free,0.9367839081318189,Human,0
Claude48,Free,Claude48-Free,0.08741028356517067,Human,0
Claude48,Free,Claude48-Free,0.720178808923051,Human,0
Claude48,Free,Claude48-Free,0.17599639006235981,Human,0
Claude48,Free,Claude48-Free,0.8645524418491498,Human,0
Claude48,Free,Claude48-Free,0.6969099941285367,Human,0
Claude48,Free,Claude48-Free,0.7027088918504659,Human,0
Claude48,Free,Claude48-Free,0.34511710255893907,Human,0
Claude48,Free,Claude48-Free,0.5180548506910313,Human,0
Claude48,Free,Claude48-Free,0.12872824799191473,Human,0
Claude48,Free,Claude48-Free,0.4538809632198974,Human,0
Claude48,Free,Claude48-Free,0.8270764647874097,Human,0
Claude48,Free,Claude48-Free,0.5067693068222145,Human,0
Claude48,Free,Claude48-Free,0.9020023213663673,Human,0
Claude48,Free,Claude48-Free,0.8005465184184166,Human,0
Claude48,Free,Claude48-Free,0.3356663641578494,Human,0
Claude48,Free,Claude48-Free,0.26077069915052375,Human,0
Claude48,Free,Claude48-Free,0.725671844836726,Human,0
Claude48,Free,Claude48-Free,0.4543815400905262,Human,0
Claude48,Free,Claude48-Free,0.8832199915597972,Human,0
Claude48,Free,Claude48-Free,0.20829378299774456,Human,0
Claude48,Free,Claude48-Free,0.3751652457017694,Human,0
Claude48,Free,Claude48-Free,0.11086465906784211,Human,0
Claude48,Free,Claude48-Free,0.9229678408296024,Human,0
Claude48,Free,Claude48-Free,0.22067179990019867,Human,0
Claude48,Free,Claude48-Free,0.5093357916672275,Human,0
Claude48,Free,Claude48-Free,0.8424133496087468,Human,0
Claude48,Free,Claude48-Free,0.6619051802326654,Human,0
Claude48,Free,Claude48-Free,0.7454716159669447,Human,0
Claude48,Free,Claude48-Free,0.7177584972145765,Human,0
Claude48,Free,Claude48-Free,0.09216401580588214,Human,0
Claude48,Free,Claude48-Free,0.8845976291622497,Human,0
Claude48,Free,Claude48-Free,0.25340321634026497,Human,0
Claude48,Free,Claude48-Free,0.24166138030623652,Human,0
Claude48,Free,Claude48-Free,0.44711957871086405,Human,0
Claude48,Free,Claude48-Free,0.4042055544745502,Human,0
Claude48,Free,Claude48-Free,0.3223867311973076,Human,0
Claude48,Free,Claude48-Free,0.47113699017648464,Human,0
Claude48,Free,Claude48-Free,0.5542636048892398,Human,0
Claude48,Free,Claude48-Free,0.3044936998445984,Human,0
Claude48,Free,Claude48-Free,0.7588648969251713,Human,0
Claude48,Free,Claude48-Free,0.20681175490477396,Human,0
Claude48,Free,Claude48-Free,0.9606311477880324,Human,0
Claude48,Free,Claude48-Free,0.8529108717701073,Human,0
Claude48,Free,Claude48-Free,0.6906358889521058,Human,0
Claude48,Free,Claude48-Free,0.7829188094750736,Human,0
Claude48,Free,Claude48-Free,0.534256116806209,Human,0
Claude48,Free,Claude48-Free,0.558186660876339,Human,0
Claude48,Free,Claude48-Free,0.7805903014701916,Human,0
Claude48,Free,Claude48-Free,0.8766482269077053,Human,0
Claude48,Free,Claude48-Free,0.8846702047876696,Human,0
Claude48,Free,Claude48-Free,0.05151555958442897,Human,0
Claude48,Free,Claude48-Free,0.762604672618057,Human,0
Claude48,Free,Claude48-Free,0.676116241840787,Human,0
Claude48,Free,Claude48-Free,0.2405555897726073,Human,0
Claude48,Free,Claude48-Free,0.17844529878280121,Human,0
Claude48,Free,Claude48-Free,0.1540304158379257,Human,0
Claude48,Free,Claude48-Free,0.8324706491218716,Human,0
Claude48,Free,Claude48-Free,0.8286804800837673,Human,0
Claude48,Free,Claude48-Free,0.31965487347795885,Human,0
Claude48,Free,Claude48-Free,0.8614630363538881,Human,0
Claude48,Free,Claude48-Free,0.3742867326463229,Human,0
Claude48,Free,Claude48-Free,0.32275137210851906,Human,0
Claude48,Free,Claude48-Free,0.605970895993526,Human,0
Claude48,Free,Claude48-Free,0.31197946603051857,Human,0
Claude48,Free,Claude48-Free,0.7491632723976072,Human,0
Claude48,Free,Claude48-Free,0.5489972901232797,Human,0
Claude48,Free,Claude48-Free,0.2862414754265253,Human,0
Claude48,Free,Claude48-Free,0.5350494005480989,Human,0
Claude48,Free,Claude48-Free,0.11931983600372044,Human,0
Claude48,Free,Claude48-Free,0.18737253967763928,Human,0
Claude48,Free,Claude48-Free,0.18876315946854968,Human,0
Claude48,Free,Claude48-Free,0.2435023465086847,Human,0
Claude48,Free,Claude48-Free,0.4132651706929387,Human,0
Claude48,Free,Claude48-Free,0.6232878095335389,Human,0
Claude48,Free,Claude48-Free,0.814513280872018,Human,0
Claude48,Free,Claude48-Free,0.9080371095557472,Human,0
Claude48,Free,Claude48-Free,0.8769979615115351,Human,0
Claude48,Free,Claude48-Free,0.3643518313128834,Human,0
Claude48,Free,Claude48-Free,0.8348747860442525,Human,0
Claude48,Free,Claude48-Free,0.7828389695185212,Human,0
Claude48,Free,Claude48-Free,0.7322558229633506,Human,0
Claude48,Free,Claude48-Free,0.726546400399427,Human,0
Claude48,Free,Claude48-Free,0.33879662993106846,Human,0
Claude48,Free,Claude48-Free,0.30947329209479757,Human,0
Claude48,Free,Claude48-Free,0.9068749887393818,Human,0
Claude48,Free,Claude48-Free,0.3996526328148967,Human,0
Claude48,Free,Claude48-Free,0.5416134045163736,Human,0
Claude48,Free,Claude48-Free,0.3094225840739529,Human,0
Claude48,Free,Claude48-Free,0.15102312919720046,Human,0
Claude48,Free,Claude48-Free,0.7996215162974966,Human,0
Claude48,Free,Claude48-Free,0.16143717612210287,Human,0
Claude48,Free,Claude48-Free,0.4411838487287064,Human,0
Claude48,Free,Claude48-Free,0.3566806491913899,Human,0
Claude48,Free,Claude48-Free,0.7965280746610711,Human,0
Claude48,Free,Claude48-Free,0.5577826436063436,Human,0
Claude48,Free,Claude48-Free,0.10311241796572254,Human,0
Claude48,Free,Claude48-Free,0.8949685745475316,Human,0
Claude48,Free,Claude48-Free,0.2769663255642449,Human,0
Claude48,Free,Claude48-Free,0.7485621354152496,Human,0
Claude48,Free,Claude48-Free,0.7812591219112832,Human,0
Claude48,Free,Claude48-Free,0.44875718460637115,Human,0
Claude48,Free,Claude48-Free,0.7345262671099353,Human,0
Claude48,Free,Claude48-Free,0.8563116311178056,Human,0
Claude48,Free,Claude48-Free,0.5299617309036939,Human,0
Claude48,Free,Claude48-Free,0.22392601665784298,Human,0
Claude48,Free,Claude48-Free,0.19538929985959352,Human,0
Claude48,Free,Claude48-Free,0.22933223188317886,Human,0
Claude48,Free,Claude48-Free,0.10871655441961683,Human,0
Claude48,Free,Claude48-Free,0.7042050055978659,Human,0
Claude48,Free,Claude48-Free,0.9821993134476766,Human,0
Claude48,Free,Claude48-Free,0.08572062553386263,Human,0
Claude48,Free,Claude48-Free,0.11056327913366382,Human,0
Claude48,Free,Claude48-Free,0.0523358597929831,Human,0
Claude48,Free,Claude48-Free,0.3246214472392632,Human,0
Claude48,Free,Claude48-Free,0.034997894607736814,Human,0
Claude48,Free,Claude48-Free,0.04145921306993271,Human,0
Claude48,Free,Claude48-Free,0.45359666381028524,Human,0
Claude48,Free,Claude48-Free,0.3171274958025871,Human,0
Claude48,Free,Claude48-Free,0.027517602346702284,Human,0
Claude48,Free,Claude48-Free,0.47704462050225244,Human,0
Claude48,Free,Claude48-Free,0.6675999137000513,Human,0
Claude48,Free,Claude48-Free,0.5399034709248633,Human,0
Claude48,Free,Claude48-Free,0.09774967316208683,Human,0
Claude48,Free,Claude48-Free,0.04211579302168251,Human,0
Claude48,Free,Claude48-Free,0.0029931892345013288,Human,0
Claude48,Free,Claude48-Free,0.0711888835966652,Human,0
Claude48,Free,Claude48-Free,0.013264871197750548,Human,0
Claude48,Free,Claude48-Free,0.04154638828060312,Human,0
Claude48,Free,Claude48-Free,0.025827966041323012,Human,0
Claude48,Free,Claude48-Free,0.02092748109646727,Human,0
Claude48,Free,Claude48-Free,0.003656910712967691,Human,0
Claude48,Free,Claude48-Free,0.007678232532224006,Human,0
Claude48,Free,Claude48-Free,0.18807355560189404,Human,0
Claude48,Free,Claude48-Free,0.44416805139368964,Human,0
Claude48,Free,Claude48-Free,0.018757424990409496,Human,0
Claude48,Free,Claude48-Free,0.24498847930840778,Human,0
Claude48,Free,Claude48-Free,0.5803126304386289,Human,0
Claude48,Free,Claude48-Free,0.31361434299452545,Human,0
Claude48,Free,Claude48-Free,0.4564446902341201,Human,0
Claude48,Free,Claude48-Free,0.21041687226884936,Human,0
Claude48,Free,Claude48-Free,0.4974585248780343,Human,0
Claude48,Free,Claude48-Free,0.30976170142258413,Human,0
Claude48,Free,Claude48-Free,0.16471920033249676,Human,0
Claude48,Free,Claude48-Free,0.4604000861964842,Human,0
Claude48,Free,Claude48-Free,0.5462646147262799,Human,0
Claude48,Free,Claude48-Free,0.5883634875054778,Human,0
Claude48,Free,Claude48-Free,0.31735088897971037,Human,0
Claude48,Free,Claude48-Free,0.4362370570940357,Human,0
Claude48,Free,Claude48-Free,0.47230075630081,Human,0
Claude48,Free,Claude48-Free,0.6231452521050722,Human,0
Claude48,Free,Claude48-Free,0.2864032086030427,Human,0
Claude48,Free,Claude48-Free,0.9125956004811208,Human,0
Claude48,Free,Claude48-Free,0.10620034652682774,Human,0
Claude48,Free,Claude48-Free,0.5456574033998026,Human,0
Claude48,Free,Claude48-Free,0.13865295531504548,Human,0
Claude48,Free,Claude48-Free,0.7681119715562984,Human,0
Claude48,Free,Claude48-Free,0.5551291078100012,Human,0
Claude48,Free,Claude48-Free,0.18590787471510659,Human,0
Claude48,Free,Claude48-Free,0.6671605089958247,Human,0
Claude48,Free,Claude48-Free,0.5711877432078242,Human,0
Claude48,Free,Claude48-Free,0.5716602034653229,Human,0
Claude48,Free,Claude48-Free,0.6241104240458952,Human,0
Claude48,Free,Claude48-Free,0.2744164326352268,Human,0
Claude48,Free,Claude48-Free,0.21207905523105944,Human,0
Claude48,Free,Claude48-Free,0.2388559103046523,Human,0
Claude48,Free,Claude48-Free,0.7806993448468809,Human,0
Claude48,Free,Claude48-Free,0.473870956877908,Human,0
Claude48,Free,Claude48-Free,0.16635848614229573,Human,0
Claude48,Free,Claude48-Free,0.16291108042804298,Human,0
Claude48,Free,Claude48-Free,0.24184821891263533,Human,0
Claude48,Free,Claude48-Free,0.6955953179932061,Human,0
Claude48,Free,Claude48-Free,0.1897164529114704,Human,0
Claude48,Free,Claude48-Free,0.10336633890813363,Human,0
Claude48,Free,Claude48-Free,0.22423554662162906,Human,0
Claude48,Free,Claude48-Free,0.1983638690739952,Human,0
Claude48,Free,Claude48-Free,0.40046496288078987,Human,0
Claude48,Free,Claude48-Free,0.44366164193204904,Human,0
Claude48,Free,Claude48-Free,0.16242730297710964,Human,0
Claude48,Free,Claude48-Free,0.2556552392717087,Human,0
Claude48,Free,Claude48-Free,0.2647542717497445,Human,0
Claude48,Free,Claude48-Free,0.5994956885886172,Human,0
Claude48,Free,Claude48-Free,0.22900817076226584,Human,0
Claude48,Free,Claude48-Free,0.777804382837556,Human,0
Claude48,Free,Claude48-Free,0.010704274178739155,Human,0
Claude48,Free,Claude48-Free,0.014484153627945057,Human,0
Claude48,Free,Claude48-Free,0.0012482268218563081,Human,0
Claude48,Free,Claude48-Free,0.0001597866088787544,Human,0
Claude48,Free,Claude48-Free,0.00018419578230953167,Human,0
Claude48,Free,Claude48-Free,0.00042464590271058654,Human,0
Claude48,Free,Claude48-Free,1.7859983975233652e-05,Human,0
Claude48,Free,Claude48-Free,0.014319708540658182,Human,0
Claude48,Free,Claude48-Free,0.0061586875957191775,Human,0
Claude48,Free,Claude48-Free,0.033189617578104014,Human,0
Claude48,Free,Claude48-Free,0.0011187229333655413,Human,0
Claude48,Free,Claude48-Free,0.011198594355972568,Human,0
Claude48,Free,Claude48-Free,0.11170226105087365,Human,0
Claude48,Free,Claude48-Free,0.12312704245293056,Human,0
Claude48,Free,Claude48-Free,0.09815758610109229,Human,0
Claude48,Free,Claude48-Free,0.024218047748951806,Human,0
Claude48,Free,Claude48-Free,0.15583942539655546,Human,0
Claude48,Free,Claude48-Free,0.022840702721417003,Human,0
Claude48,Free,Claude48-Free,0.11429786996133981,Human,0
Claude48,Free,Claude48-Free,0.004366089258480627,Human,0
Claude48,Free,Claude48-Free,0.1124849588981173,Human,0
Claude48,Free,Claude48-Free,0.06384265748146181,Human,0
Claude48,Free,Claude48-Free,0.6821959896442774,Human,0
Claude48,Free,Claude48-Free,0.25652131974037545,Human,0
Claude48,Free,Claude48-Free,0.24591009930824262,Human,0
Claude48,Free,Claude48-Free,0.2618584389851771,Human,0
Claude48,Free,Claude48-Free,0.02972553977641576,Human,0
Claude48,Free,Claude48-Free,0.08665427162493601,Human,0
Claude48,Free,Claude48-Free,0.21386511308141257,Human,0
Claude48,Free,Claude48-Free,0.36279334811158964,Human,0
Claude48,Free,Claude48-Free,0.1991212581147384,Human,0
Claude48,Free,Claude48-Free,0.6606509564581894,Human,0
Claude48,Free,Claude48-Free,0.1399407216506083,Human,0
Claude48,Free,Claude48-Free,0.8093938972170266,Human,0
Claude48,Free,Claude48-Free,0.8287181142007146,Human,0
Claude48,Free,Claude48-Free,0.09490729537833334,Human,0
Claude48,Free,Claude48-Free,0.040143681515231226,Human,0
Claude48,Free,Claude48-Free,0.19498979697522942,Human,0
Claude48,Free,Claude48-Free,0.07828184527624323,Human,0
Claude48,Free,Claude48-Free,0.30595783431758095,Human,0
Claude48,Free,Claude48-Free,0.07073866289932092,Human,0
Claude48,Free,Claude48-Free,0.010580384190558711,Human,0
Claude48,Free,Claude48-Free,0.16209140793387766,Human,0
Claude48,Free,Claude48-Free,0.0284516896627057,Human,0
Claude48,Free,Claude48-Free,0.18514157098821005,Human,0
Claude48,Free,Claude48-Free,0.08834527161947874,Human,0
Claude48,Free,Claude48-Free,0.20631385697216273,Human,0
Claude48,Free,Claude48-Free,0.3611991084994351,Human,0
Claude48,Free,Claude48-Free,0.08149257267300603,Human,0
Claude48,Free,Claude48-Free,0.18170051185717692,Human,0
Claude48,Free,Claude48-Free,0.1505548796437173,Human,0
Claude48,Free,Claude48-Free,0.14318262261121598,Human,0
Claude48,Free,Claude48-Free,0.02766317824013351,Human,0
Claude48,Free,Claude48-Free,0.006761997714254269,Human,0
Claude48,Free,Claude48-Free,0.012901686957706522,Human,0
Claude48,Free,Claude48-Free,0.026480796140828978,Human,0
Claude48,Free,Claude48-Free,0.010548870697237292,Human,0
Claude48,Free,Claude48-Free,0.04220255028763154,Human,0
Claude48,Free,Claude48-Free,0.09106231756857282,Human,0
Claude48,Free,Claude48-Free,0.001791168617516317,Human,0
Claude48,Free,Claude48-Free,0.004382986883885796,Human,0
Claude48,Free,Claude48-Free,0.1507060456641636,Human,0
Claude48,Free,Claude48-Free,0.09275887217701613,Human,0
Claude48,Free,Claude48-Free,0.2133481507029675,Human,0
Claude48,Free,Claude48-Free,0.24528541694278394,Human,0
Claude48,Free,Claude48-Free,0.22888588796979137,Human,0
Claude48,Free,Claude48-Free,0.006119572636401898,Human,0
Claude48,Free,Claude48-Free,0.016964155039573665,Human,0
Claude48,Free,Claude48-Free,0.0427347754682926,Human,0
Claude48,Free,Claude48-Free,0.27490512454774035,Human,0
Claude48,Free,Claude48-Free,0.01881479905481442,Human,0
Claude48,Free,Claude48-Free,0.16161010780050203,Human,0
Claude48,Free,Claude48-Free,0.12527139967198508,Human,0
Claude48,Free,Claude48-Free,0.12927396214092027,Human,0
Claude48,Free,Claude48-Free,0.3015914161131282,Human,0
Claude48,Free,Claude48-Free,0.2581068346355286,Human,0
Claude48,Free,Claude48-Free,0.1358196425511339,Human,0
Claude48,Free,Claude48-Free,0.050255488676594295,Human,0
Claude48,Free,Claude48-Free,0.11197774124153018,Human,0
Claude48,Free,Claude48-Free,0.2028503001758853,Human,0
Claude48,Free,Claude48-Free,0.5792281177000378,Human,0
Claude48,Free,Claude48-Free,0.26814163152181364,Human,0
Claude48,Free,Claude48-Free,0.0403206179840802,Human,0
Claude48,Free,Claude48-Free,0.4910030035205907,Human,0
Claude48,Free,Claude48-Free,0.8984252225126231,Human,0
Claude48,Free,Claude48-Free,0.695506780955222,Human,0
Claude48,Free,Claude48-Free,0.32009326645465774,Human,0
Claude48,Free,Claude48-Free,0.08350959305829903,Human,0
Claude48,Free,Claude48-Free,0.40949044943310275,Human,0
Claude48,Free,Claude48-Free,0.17168959270952597,Human,0
Claude48,Free,Claude48-Free,0.9477764193374973,Human,0
Claude48,Free,Claude48-Free,0.025946571965867055,Human,0
Claude48,Free,Claude48-Free,0.031386866412158876,Human,0
Claude48,Free,Claude48-Free,0.2814559595793236,Human,0
Claude48,Free,Claude48-Free,0.04457118833441843,Human,0
Claude48,Free,Claude48-Free,0.4577840083773904,Human,0
Claude48,Free,Claude48-Free,0.01849628464286472,Human,0
Claude48,Free,Claude48-Free,0.1051881090502405,Human,0
Claude48,Free,Claude48-Free,0.6143215990731099,Human,0
Claude48,Free,Claude48-Free,0.25466352854561936,Human,0
Claude48,Free,Claude48-Free,0.5326454352600487,Human,0
Claude48,Free,Claude48-Free,0.21643540990342444,Human,0
Claude48,Free,Claude48-Free,0.39091233745143766,Human,0
Claude48,Free,Claude48-Free,0.003064657766424815,Human,0
Claude48,Free,Claude48-Free,0.07887414799051638,Human,0
Claude48,Free,Claude48-Free,0.2738010855666307,Human,0
Claude48,Free,Claude48-Free,0.23950662629025668,Human,0
Claude48,Free,Claude48-Free,0.24451252203532564,Human,0
Claude48,Free,Claude48-Free,0.5123113433661329,Human,0
Claude48,Free,Claude48-Free,0.7500821263340597,Human,0
Claude48,Free,Claude48-Free,0.43212637088176525,Human,0
Claude48,Free,Claude48-Free,0.02002688879144726,Human,0
Claude48,Free,Claude48-Free,0.19519987646722575,Human,0
Claude48,Free,Claude48-Free,0.050175670003354815,Human,0
Claude48,Free,Claude48-Free,0.5117896905150676,Human,0
Claude48,Free,Claude48-Free,0.10678237829449377,Human,0
Claude48,Free,Claude48-Free,0.055375455509757594,Human,0
Claude48,Free,Claude48-Free,0.14080956643653889,Human,0
Claude48,Free,Claude48-Free,0.14224905349294004,Human,0
Claude48,Free,Claude48-Free,0.7789434083858232,Human,0
Claude48,Free,Claude48-Free,0.060969399672388,Human,0
Claude48,Free,Claude48-Free,0.3688993991414129,Human,0
Claude48,Free,Claude48-Free,0.1130239035851138,Human,0
Claude48,Free,Claude48-Free,0.19053961408576403,Human,0
Claude48,Free,Claude48-Free,0.07893138893046396,Human,0
Claude48,Free,Claude48-Free,0.27726558536481766,Human,0
Claude48,Free,Claude48-Free,0.5165845940790758,Human,0
Claude48,Free,Claude48-Free,0.4775812229266121,Human,0
Claude48,Free,Claude48-Free,0.08748689041983984,Human,0
Claude48,Free,Claude48-Free,0.34911623978540984,Human,0
Claude48,Free,Claude48-Free,0.9861359459618102,Human,0
Claude48,Free,Claude48-Free,0.12246197714764663,Human,0
Claude48,Free,Claude48-Free,0.10794407282740527,Human,0
Claude48,Free,Claude48-Free,0.07765678468476789,Human,0
Claude48,Free,Claude48-Free,0.38411820626184895,Human,0
Claude48,Free,Claude48-Free,0.02558075126310508,Human,0
Claude48,Free,Claude48-Free,0.17945702667616403,Human,0
Claude48,Free,Claude48-Free,0.12435945101705413,Human,0
Claude48,Free,Claude48-Free,0.5551134052697857,Human,0
Claude48,Free,Claude48-Free,0.040142408676937635,Human,0
Claude48,Free,Claude48-Free,0.4983362598527787,Human,0
Claude48,Free,Claude48-Free,0.34475927580198973,Human,0
Claude48,Free,Claude48-Free,0.8990914752475061,Human,0
Claude48,Free,Claude48-Free,0.024881480777869357,Human,0
Claude48,Free,Claude48-Free,0.021365866087840767,Human,0
Claude48,Free,Claude48-Free,0.11341312622767437,Human,0
Claude48,Free,Claude48-Free,0.010829043662055586,Human,0
Claude48,Free,Claude48-Free,0.03011627372501331,Human,0
Claude48,Free,Claude48-Free,0.0361694624495902,Human,0
Claude48,Free,Claude48-Free,0.44030385875652245,Human,0
Claude48,Free,Claude48-Free,0.05576259622769849,Human,0
Claude48,Free,Claude48-Free,0.009938254321755812,Human,0
Claude48,Free,Claude48-Free,0.0064353269652697755,Human,0
Claude48,Free,Claude48-Free,0.04191330042749328,Human,0
Claude48,Free,Claude48-Free,0.13112154951650884,Human,0
Claude48,Free,Claude48-Free,0.012864265328632328,Human,0
Claude48,Free,Claude48-Free,0.12054139799441252,Human,0
Claude48,Free,Claude48-Free,0.08047921064639058,Human,0
Claude48,Free,Claude48-Free,0.07931531740554708,Human,0
Claude48,Free,Claude48-Free,0.4151594331889158,Human,0
Claude48,Free,Claude48-Free,0.08516965185711191,Human,0
Claude48,Free,Claude48-Free,0.15412583089531118,Human,0
Claude48,Free,Claude48-Free,0.011897769789288687,Human,0
Claude48,Free,Claude48-Free,0.3921339647865121,Human,0
Claude48,Free,Claude48-Free,0.2226624498529758,Human,0
Claude48,Free,Claude48-Free,0.6607355217646732,Human,0
Claude48,Free,Claude48-Free,0.24073632463764477,Human,0
Claude48,Free,Claude48-Free,0.5256945094556473,Human,0
Claude48,Free,Claude48-Free,0.9849557040314468,Human,0
Claude48,Free,Claude48-Free,0.09823409524575769,Human,0
Claude48,Free,Claude48-Free,0.381175478869351,Human,0
Claude48,Free,Claude48-Free,0.9234422331208801,Human,0
Claude48,Free,Claude48-Free,0.5305997645527734,Human,0
Claude48,Free,Claude48-Free,0.1994845854185099,Human,0
Claude48,Free,Claude48-Free,0.5919687143176526,Human,0
Claude48,Free,Claude48-Free,0.7947899061232905,Human,0
Claude48,Free,Claude48-Free,0.5424259202917608,Human,0
Claude48,Free,Claude48-Free,0.5574936399661854,Human,0
Claude48,Free,Claude48-Free,0.2786315698378959,Human,0
Claude48,Free,Claude48-Free,0.4218260210899144,Human,0
Claude48,Free,Claude48-Free,0.441904552064279,Human,0
Claude48,Free,Claude48-Free,0.5112328115273954,Human,0
Claude48,Free,Claude48-Free,0.14107774273931964,Human,0
Claude48,Free,Claude48-Free,0.41927367347674244,Human,0
Claude48,Free,Claude48-Free,0.20441698849147025,Human,0
Claude48,Free,Claude48-Free,0.05894468717958638,Human,0
Claude48,Free,Claude48-Free,0.3021965226676068,Human,0
Claude48,Free,Claude48-Free,0.6402965268859934,Human,0
Claude48,Free,Claude48-Free,0.31564490997519123,Human,0
Claude48,Free,Claude48-Free,0.1302944805864833,Human,0
Claude48,Free,Claude48-Free,0.5141142878527262,Human,0
Claude48,Free,Claude48-Free,0.09947976359250883,Human,0
Claude48,Free,Claude48-Free,0.5547575499202054,Human,0
Claude48,Free,Claude48-Free,0.24047794805125522,Human,0
Claude48,Free,Claude48-Free,0.2659820075175022,Human,0
Claude48,Free,Claude48-Free,0.03765963477178511,Human,0
Claude48,Free,Claude48-Free,0.0964581183427634,Human,0
Claude48,Free,Claude48-Free,0.8909703479204707,Human,0
Claude48,Free,Claude48-Free,0.4276454023908846,Human,0
Claude48,Free,Claude48-Free,0.16731591348451422,Human,0
Claude48,Free,Claude48-Free,0.5993580652017011,Human,0
Claude48,Free,Claude48-Free,0.011340374791413914,Human,0
Claude48,Free,Claude48-Free,0.29859893919426345,Human,0
Claude48,Free,Claude48-Free,0.3104094035640262,Human,0
Claude48,Free,Claude48-Free,0.032830629515634285,Human,0
Claude48,Free,Claude48-Free,0.5250225725329898,Human,0
Claude48,Free,Claude48-Free,0.19045860230244338,Human,0
Claude48,Free,Claude48-Free,0.03353854431075149,Human,0
Claude48,Free,Claude48-Free,0.32977227196444747,Human,0
Claude48,Free,Claude48-Free,0.19804818983802613,Human,0
Claude48,Free,Claude48-Free,0.7929472345457368,Human,0
Claude48,Free,Claude48-Free,0.16869871249449586,Human,0
Claude48,Free,Claude48-Free,0.8103014143914994,Human,0
Claude48,Free,Claude48-Free,0.22983493696003682,Human,0
Claude48,Free,Claude48-Free,0.2660927042498127,Human,0
Claude48,Free,Claude48-Free,0.3558953044457204,Human,0
Claude48,Free,Claude48-Free,0.753095831043778,Human,0
Claude48,Free,Claude48-Free,0.4185623014239248,Human,0
Claude48,Free,Claude48-Free,0.46044101279210425,Human,0
Claude48,Free,Claude48-Free,0.16807908309806913,Human,0
Claude48,Free,Claude48-Free,0.5066839786820254,Human,0
Claude48,Free,Claude48-Free,0.30672861312069555,Human,0
Claude48,Free,Claude48-Free,0.7547367589325883,Human,0
Claude48,Free,Claude48-Free,0.44646588656428965,Human,0
Claude48,Free,Claude48-Free,0.3513511682442408,Human,0
Claude48,Free,Claude48-Free,0.3230464629462976,Human,0
Claude48,Free,Claude48-Free,0.4465726191869902,Human,0
Claude48,Free,Claude48-Free,0.06894286826092673,Human,0
Claude48,Free,Claude48-Free,0.1205055816894152,Human,0
Claude48,Free,Claude48-Free,0.08187199524117542,Human,0
Claude48,Free,Claude48-Free,0.5940452918149616,Human,0
Claude48,Free,Claude48-Free,0.2550411171624378,Human,0
Claude48,Free,Claude48-Free,0.09871604550807236,Human,0
Claude48,Free,Claude48-Free,0.46702647257369195,Human,0
Claude48,Free,Claude48-Free,0.5326002668232411,Human,0
Claude48,Free,Claude48-Free,0.5172523814303066,Human,0
Claude48,Free,Claude48-Free,0.552612810479134,Human,0
Claude48,Free,Claude48-Free,0.6811737822213577,Human,0
Claude48,Free,Claude48-Free,0.2929667198275114,Human,0
Claude48,Free,Claude48-Free,0.5757347966467438,Human,0
Claude48,Free,Claude48-Free,0.2931584355563078,Human,0
Claude48,Free,Claude48-Free,0.09028896112211887,Human,0
Claude48,Free,Claude48-Free,0.7034400966379463,Human,0
Claude48,Free,Claude48-Free,0.2941543565760326,Human,0
Claude48,Free,Claude48-Free,0.24668531248752104,Human,0
Claude48,Free,Claude48-Free,0.2062807460453291,Human,0
Claude48,Free,Claude48-Free,0.2913107856116236,Human,0
Claude48,Free,Claude48-Free,0.07571435782869879,Human,0
Claude48,Free,Claude48-Free,0.2732197544623644,Human,0
Claude48,Free,Claude48-Free,0.7523482127149619,Human,0
Claude48,Free,Claude48-Free,0.7764983117929987,Human,0
Claude48,Free,Claude48-Free,0.46442833992685534,Human,0
Claude48,Free,Claude48-Free,0.39041511193395423,Human,0
Claude48,Free,Claude48-Free,0.4167878414704691,Human,0
Claude48,Free,Claude48-Free,0.21719404127004538,Human,0
Claude48,Free,Claude48-Free,0.15517359528918964,Human,0
Claude48,Free,Claude48-Free,0.0599878414028914,Human,0
Claude48,Free,Claude48-Free,0.10560888549187462,Human,0
Claude48,Free,Claude48-Free,0.2872713165565348,Human,0
Claude48,Free,Claude48-Free,0.6601648326318214,Human,0
Claude48,Free,Claude48-Free,0.8494268579094126,Human,0
Claude48,Free,Claude48-Free,0.07392673515936532,Human,0
Claude48,Free,Claude48-Free,0.4843332624194677,Human,0
Claude48,Free,Claude48-Free,0.08817854019570519,Human,0
Claude48,Free,Claude48-Free,0.396260527359109,Human,0
Claude48,Free,Claude48-Free,0.39749402708781406,Human,0
Claude48,Free,Claude48-Free,0.2922445350337781,Human,0
Claude48,Free,Claude48-Free,0.6529401985717453,Human,0
Claude48,Free,Claude48-Free,0.5921983421457704,Human,0
Claude48,Free,Claude48-Free,0.848207243029272,Human,0
Claude48,Free,Claude48-Free,0.3602740340054497,Human,0
Claude48,Free,Claude48-Free,0.3554416524199391,Human,0
Claude48,Free,Claude48-Free,0.22920509443026407,Human,0
Claude48,Free,Claude48-Free,0.6163069654918905,Human,0
Claude48,Free,Claude48-Free,0.603778119939533,Human,0
Claude48,Free,Claude48-Free,0.3220607236202792,Human,0
Claude48,Free,Claude48-Free,0.08032899712571917,Human,0
Claude48,Free,Claude48-Free,0.13390686253475242,Human,0
Claude48,Free,Claude48-Free,0.11887812735991461,Human,0
Claude48,Free,Claude48-Free,0.3917627010008941,Human,0
Claude48,Free,Claude48-Free,0.7770525356274891,Human,0
Claude48,Free,Claude48-Free,0.47572802273380294,Human,0
Claude48,Free,Claude48-Free,0.27263870407256247,Human,0
Claude48,Free,Claude48-Free,0.31047889318575195,Human,0
Claude48,Free,Claude48-Free,0.32136275362922584,Human,0
Claude48,Free,Claude48-Free,0.12607552845206693,Human,0
Claude48,Free,Claude48-Free,0.25220087186644374,Human,0
Claude48,Free,Claude48-Free,0.43057837806019683,Human,0
Claude48,Free,Claude48-Free,0.6753437191077191,Human,0
Claude48,Free,Claude48-Free,0.13246769634776775,Human,0
Claude48,Free,Claude48-Free,0.2544943506253561,Human,0
Claude48,Free,Claude48-Free,0.5643768143192686,Human,0
Claude48,Free,Claude48-Free,0.8105271461270636,Human,0
Claude48,Free,Claude48-Free,0.3145266900322201,Human,0
Claude48,Free,Claude48-Free,0.19169778740055793,Human,0
Claude48,Free,Claude48-Free,0.6884577197306446,Human,0
Claude48,Free,Claude48-Free,0.72618079628528,Human,0
Claude48,Free,Claude48-Free,0.5875839112210467,Human,0
Claude48,Free,Claude48-Free,0.6566100423539266,Human,0
Claude48,Free,Claude48-Free,0.8401461488168135,Human,0
Claude48,Free,Claude48-Free,0.3657546381855787,Human,0
Claude48,Free,Claude48-Free,0.8332934897830543,Human,0
Claude48,Free,Claude48-Free,0.7334660060226732,Human,0
Claude48,Free,Claude48-Free,0.480949774149863,Human,0
Claude48,Free,Claude48-Free,0.2169646518219822,Human,0
Claude48,Free,Claude48-Free,0.2401525345885175,Human,0
Claude48,Free,Claude48-Free,0.14085549127413455,Human,0
Claude48,Free,Claude48-Free,0.20877654098749054,Human,0
Claude48,Free,Claude48-Free,0.2983870658742218,Human,0
Claude48,Free,Claude48-Free,0.06787739988089517,Human,0
Claude48,Free,Claude48-Free,0.15676556817708973,Human,0
Claude48,Free,Claude48-Free,0.12087804131726511,Human,0
Claude48,Free,Claude48-Free,0.7546264932392404,Human,0
Claude48,Free,Claude48-Free,0.6622467184750329,Human,0
Claude48,Free,Claude48-Free,0.45130909426068017,Human,0
Claude48,Free,Claude48-Free,0.03257048439811908,Human,0
Claude48,Free,Claude48-Free,0.8345074436001381,Human,0
Claude48,Free,Claude48-Free,0.8097294997238452,Human,0
Claude48,Free,Claude48-Free,0.9847884530306632,Human,0
Claude48,Free,Claude48-Free,0.6542058416092185,Human,0
Claude48,Free,Claude48-Free,0.25334386029933453,Human,0
Claude48,Free,Claude48-Free,0.45654122351631954,Human,0
Claude48,Free,Claude48-Free,0.6059228240075982,Human,0
Claude48,Free,Claude48-Free,0.5131301853799931,Human,0
Claude48,Free,Claude48-Free,0.38747162040030353,Human,0
Claude48,Free,Claude48-Free,0.4001856194631233,Human,0
Claude48,Free,Claude48-Free,0.6488136954713026,Human,0
Claude48,Free,Claude48-Free,0.4543965857559114,Human,0
Claude48,Free,Claude48-Free,0.589736356576843,Human,0
Claude48,Free,Claude48-Free,0.29803906056585827,Human,0
Claude48,Free,Claude48-Free,0.4836198220809691,Human,0
Claude48,Free,Claude48-Free,0.7149123274964955,Human,0
Claude48,Free,Claude48-Free,0.5808007804018831,Human,0
Claude48,Free,Claude48-Free,0.11971228714024544,Human,0
Claude48,Free,Claude48-Free,0.37234539071114425,Human,0
Claude48,Free,Claude48-Free,0.38344784107208224,Human,0
Claude48,Free,Claude48-Free,0.3243951746538599,Human,0
Claude48,Free,Claude48-Free,0.19909110815055564,Human,0
Claude48,Free,Claude48-Free,0.4746839431016148,Human,0
Claude48,Free,Claude48-Free,0.4044561467693199,Human,0
Claude48,Free,Claude48-Free,0.6825891231359018,Human,0
Claude48,Free,Claude48-Free,0.618833952095034,Human,0
Claude48,Free,Claude48-Free,0.8791237394545017,Human,0
Claude48,Free,Claude48-Free,0.16598562254013816,Human,0
Claude48,Free,Claude48-Free,0.4086534105728034,Human,0
Claude48,Free,Claude48-Free,0.1569304396140336,Human,0
Claude48,Free,Claude48-Free,0.680874827511347,Human,0
Claude48,Free,Claude48-Free,0.41325123534246583,Human,0
Claude48,Free,Claude48-Free,0.6144261108860058,Human,0
Claude48,Free,Claude48-Free,0.20003494500791494,Human,0
Claude48,Free,Claude48-Free,0.7319113994418531,Human,0
Claude48,Free,Claude48-Free,0.3014469598456544,Human,0
Claude48,Free,Claude48-Free,0.045194013515573374,Human,0
Claude48,Free,Claude48-Free,0.6607618107743862,Human,0
Claude48,Free,Claude48-Free,0.4622295935129574,Human,0
Claude48,Free,Claude48-Free,0.24547883872961035,Human,0
Claude48,Free,Claude48-Free,0.5172902919289142,Human,0
Claude48,Free,Claude48-Free,0.40237404181715153,Human,0
Claude48,Free,Claude48-Free,0.3257973655973402,Human,0
Claude48,Free,Claude48-Free,0.3528916170302315,Human,0
Claude48,Free,Claude48-Free,0.6124482126438375,Human,0
Claude48,Free,Claude48-Free,0.4698901863048016,Human,0
Claude48,Free,Claude48-Free,0.1333181662652766,Human,0
Claude48,Free,Claude48-Free,0.4449538683417484,Human,0
Claude48,Free,Claude48-Free,0.5295125479460763,Human,0
Claude48,Free,Claude48-Free,0.23483856452278115,Human,0
Claude48,Free,Claude48-Free,0.2780595748716811,Human,0
Claude48,Free,Claude48-Free,0.147026104268009,Human,0
Claude48,Free,Claude48-Free,0.4204205389624644,Human,0
Claude48,Free,Claude48-Free,0.4309107438687652,Human,0
Claude48,Free,Claude48-Free,0.5650084483101318,Human,0
Claude48,Free,Claude48-Free,0.1804255557084284,Human,0
Claude48,Free,Claude48-Free,0.755915270479199,Human,0
Claude48,Free,Claude48-Free,0.6640188958944048,Human,0
Claude48,Free,Claude48-Free,0.6300424289679091,Human,0
Claude48,Free,Claude48-Free,0.25082910295944527,Human,0
Claude48,Free,Claude48-Free,0.5918236540011297,Human,0
Claude48,Free,Claude48-Free,0.7246675932697515,Human,0
Claude48,Free,Claude48-Free,0.3969652189496536,Human,0
Claude48,Free,Claude48-Free,0.17985823555342814,Human,0
Claude48,Free,Claude48-Free,0.2548867594674711,Human,0
Claude48,Free,Claude48-Free,0.4699770016865301,Human,0
Claude48,Free,Claude48-Free,0.7248507702990049,Human,0
Claude48,Free,Claude48-Free,0.7120615199666958,Human,0
Claude48,Free,Claude48-Free,0.09556751368129333,Human,0
Claude48,Free,Claude48-Free,0.2396569325783525,Human,0
Claude48,Free,Claude48-Free,0.5860331286947912,Human,0
Claude48,Free,Claude48-Free,0.34777219501204065,Human,0
Claude48,Free,Claude48-Free,0.7502041369041769,Human,0
Claude48,Free,Claude48-Free,0.18172714145575355,Human,0
Claude48,Free,Claude48-Free,0.44391577574862817,Human,0
Claude48,Free,Claude48-Free,0.18759749584201377,Human,0
Claude48,Free,Claude48-Free,0.7642630424933957,Human,0
Claude48,Free,Claude48-Free,0.08562377918362761,Human,0
Claude48,Free,Claude48-Free,0.7051035611509424,Human,0
Claude48,Free,Claude48-Free,0.34184622176311585,Human,0
Claude48,Free,Claude48-Free,0.39365467439353174,Human,0
Claude48,Free,Claude48-Free,0.45549749642856036,Human,0
Claude48,Free,Claude48-Free,0.6457837996074299,Human,0
Claude48,Free,Claude48-Free,0.731329780950026,Human,0
Claude48,Free,Claude48-Free,0.40657969656597953,Human,0
Claude48,Free,Claude48-Free,0.31858790214136623,Human,0
Claude48,Free,Claude48-Free,0.3510902163077623,Human,0
Claude48,Free,Claude48-Free,0.48293085088689486,Human,0
Claude48,Free,Claude48-Free,0.3515721316052213,Human,0
Claude48,Free,Claude48-Free,0.26704017995251106,Human,0
Claude48,Free,Claude48-Free,0.3464582379006705,Human,0
Claude48,Free,Claude48-Free,0.2893743422771883,Human,0
Claude48,Free,Claude48-Free,0.5337001766102686,Human,0
Claude48,Free,Claude48-Free,0.6040161148573429,Human,0
Claude48,Free,Claude48-Free,0.4723403148049461,Human,0
Claude48,Free,Claude48-Free,0.6822221467542215,Human,0
Claude48,Free,Claude48-Free,0.4326245688707396,Human,0
Claude48,Free,Claude48-Free,0.42862760543763034,Human,0
Claude48,Free,Claude48-Free,0.422561734716208,Human,0
Claude48,Free,Claude48-Free,0.38108190106273315,Human,0
Claude48,Free,Claude48-Free,0.2356601255879689,Human,0
Claude48,Free,Claude48-Free,0.042283942496510754,Human,0
Claude48,Free,Claude48-Free,0.2896542773318867,Human,0
Claude48,Free,Claude48-Free,0.16909247132593058,Human,0
Claude48,Free,Claude48-Free,0.5686784679687645,Human,0
Claude48,Free,Claude48-Free,0.8892145580475578,Human,0
Claude48,Free,Claude48-Free,0.3587996753285642,Human,0
Claude48,Free,Claude48-Free,0.19799022505059435,Human,0
Claude48,Free,Claude48-Free,0.22977897302779407,Human,0
Claude48,Free,Claude48-Free,0.7627139678892334,Human,0
Claude48,Free,Claude48-Free,0.6465990717291079,Human,0
Claude48,Free,Claude48-Free,0.1116718061244058,Human,0
Claude48,Free,Claude48-Free,0.2421248160659463,Human,0
Claude48,Free,Claude48-Free,0.16328360427442076,Human,0
Claude48,Free,Claude48-Free,0.024278470925103934,Human,0
Claude48,Free,Claude48-Free,0.37502083569925126,Human,0
Claude48,Free,Claude48-Free,0.23878723763469714,Human,0
Claude48,Free,Claude48-Free,0.5875469239567608,Human,0
Claude48,Free,Claude48-Free,0.65861312160162,Human,0
Claude48,Free,Claude48-Free,0.6104356662788409,Human,0
Claude48,Free,Claude48-Free,0.7331026305512436,Human,0
Claude48,Free,Claude48-Free,0.2582872877811515,Human,0
Claude48,Free,Claude48-Free,0.15028592719239586,Human,0
Claude48,Free,Claude48-Free,0.7682660840443607,Human,0
Claude48,Free,Claude48-Free,0.6922381400882684,Human,0
Claude48,Free,Claude48-Free,0.6322892546749873,Human,0
Claude48,Free,Claude48-Free,0.16491314413834315,Human,0
Claude48,Free,Claude48-Free,0.27245175780903225,Human,0
Claude48,Free,Claude48-Free,0.3599034100022506,Human,0
Claude48,Free,Claude48-Free,0.5235295626733606,Human,0
Claude48,Free,Claude48-Free,0.558541645789415,Human,0
Claude48,Free,Claude48-Free,0.7566708318507019,Human,0
Claude48,Free,Claude48-Free,0.4133482676414992,Human,0
Claude48,Free,Claude48-Free,0.8147954356609363,Human,0
Claude48,Free,Claude48-Free,0.6735110064462343,Human,0
Claude48,Free,Claude48-Free,0.13737160432926676,Human,0
Claude48,Free,Claude48-Free,0.3703449776071858,Human,0
Claude48,Free,Claude48-Free,0.20465687402750427,Human,0
Claude48,Free,Claude48-Free,0.36626578114762104,Human,0
Claude48,Free,Claude48-Free,0.17637929080280285,Human,0
Claude48,Free,Claude48-Free,0.18072637274732295,Human,0
Claude48,Free,Claude48-Free,0.08012922766394431,Human,0
Claude48,Free,Claude48-Free,0.17803297530534923,Human,0
Claude48,Free,Claude48-Free,0.25253743108342386,Human,0
Claude48,Free,Claude48-Free,0.2493563880095951,Human,0
Claude48,Free,Claude48-Free,0.3401024092105099,Human,0
Claude48,Free,Claude48-Free,0.5136543316780917,Human,0
Claude48,Free,Claude48-Free,0.3300047615274366,Human,0
Claude48,Free,Claude48-Free,0.5651152918367741,Human,0
Claude48,Free,Claude48-Free,0.4215490393457845,Human,0
Claude48,Free,Claude48-Free,0.6590052227872996,Human,0
Claude48,Free,Claude48-Free,0.19504460727568904,Human,0
Claude48,Free,Claude48-Free,0.4821185649923144,Human,0
Claude48,Free,Claude48-Free,0.6646721911175218,Human,0
Claude48,Free,Claude48-Free,0.3379854715943585,Human,0
Claude48,Free,Claude48-Free,0.494106529500954,Human,0
Claude48,Free,Claude48-Free,0.346060349773025,Human,0
Claude48,Free,Claude48-Free,0.45612405859811217,Human,0
Claude48,Free,Claude48-Free,0.5593232311947588,Human,0
Claude48,Free,Claude48-Free,0.20300898526527023,Human,0
Claude48,Free,Claude48-Free,0.15197246180528817,Human,0
Claude48,Free,Claude48-Free,0.2770864023911896,Human,0
Claude48,Free,Claude48-Free,0.5658756960722924,Human,0
Claude48,Free,Claude48-Free,0.7238875363464926,Human,0
Claude48,Free,Claude48-Free,0.2886239673590754,Human,0
Claude48,Free,Claude48-Free,0.7666359946887902,Human,0
Claude48,Free,Claude48-Free,0.5249545940379563,Human,0
Claude48,Free,Claude48-Free,0.4009710316186576,Human,0
Claude48,Free,Claude48-Free,0.5212507378510407,Human,0
Claude48,Free,Claude48-Free,0.6114982456951115,Human,0
Claude48,Free,Claude48-Free,0.5624445773721711,Human,0
Claude48,Free,Claude48-Free,0.19219669304143777,Human,0
Claude48,Free,Claude48-Free,0.032809827630087184,Human,0
Claude48,Free,Claude48-Free,0.4310451600095774,Human,0
Claude48,Free,Claude48-Free,0.13636592623390648,Human,0
Claude48,Free,Claude48-Free,0.5734386649450527,Human,0
Claude48,Free,Claude48-Free,0.49495379360004904,Human,0
Claude48,Free,Claude48-Free,0.5514840822258248,Human,0
Claude48,Free,Claude48-Free,0.1589752146325372,Human,0
Claude48,Free,Claude48-Free,0.4624525207712557,Human,0
Claude48,Free,Claude48-Free,0.28442394892306844,Human,0
Claude48,Free,Claude48-Free,0.10724506899587796,Human,0
Claude48,Free,Claude48-Free,0.6829374071162646,Human,0
Claude48,Free,Claude48-Free,0.18588913697459647,Human,0
Claude48,Free,Claude48-Free,0.5866305639634424,Human,0
Claude48,Free,Claude48-Free,0.25251351449411485,Human,0
Claude48,Free,Claude48-Free,0.40500564436132164,Human,0
Claude48,Free,Claude48-Free,0.22131010845277246,Human,0
Claude48,Free,Claude48-Free,0.6025419781141251,Human,0
Claude48,Free,Claude48-Free,0.6985300707971139,Human,0
Claude48,Free,Claude48-Free,0.6462279538829998,Human,0
Claude48,Free,Claude48-Free,0.20174563851525112,Human,0
Claude48,Free,Claude48-Free,0.34047705694234076,Human,0
Claude48,Free,Claude48-Free,0.1892868652984314,Human,0
Claude48,Free,Claude48-Free,0.6057468420932745,Human,0
Claude48,Free,Claude48-Free,0.5182522045728909,Human,0
Claude48,Free,Claude48-Free,0.227810155474342,Human,0
Claude48,Free,Claude48-Free,0.1724087373243049,Human,0
Claude48,Free,Claude48-Free,0.4019783816328604,Human,0
Claude48,Free,Claude48-Free,0.4540956408240297,Human,0
Claude48,Free,Claude48-Free,0.08978620218775885,Human,0
Claude48,Free,Claude48-Free,0.15933642440353862,Human,0
Claude48,Free,Claude48-Free,0.37680527591171115,Human,0
Claude48,Free,Claude48-Free,0.35657025435294093,Human,0
Claude48,Free,Claude48-Free,0.1485782767663147,Human,0
Claude48,Free,Claude48-Free,0.12471775510770079,Human,0
Claude48,Free,Claude48-Free,0.3319063747379793,Human,0
Claude48,Free,Claude48-Free,0.4253235786968053,Human,0
Claude48,Free,Claude48-Free,0.09710666086752376,Human,0
Claude48,Free,Claude48-Free,0.3661129687854613,Human,0
Claude48,Free,Claude48-Free,0.2285927953669549,Human,0
Claude48,Free,Claude48-Free,0.25986029560021234,Human,0
Claude48,Free,Claude48-Free,0.1440865180016333,Human,0
Claude48,Free,Claude48-Free,0.21786614364442877,Human,0
Claude48,Free,Claude48-Free,0.06464359196584717,Human,0
Claude48,Free,Claude48-Free,0.6553725071261911,Human,0
Claude48,Free,Claude48-Free,0.08740541723090078,Human,0
Claude48,Free,Claude48-Free,0.5177889941989974,Human,0
Claude48,Free,Claude48-Free,0.33673619864785187,Human,0
Claude48,Free,Claude48-Free,0.1818395688966588,Human,0
Claude48,Free,Claude48-Free,0.340686938441289,Human,0
Claude48,Free,Claude48-Free,0.4050543883115692,Human,0
Claude48,Free,Claude48-Free,0.507681896743877,Human,0
Claude48,Free,Claude48-Free,0.2299778157675819,Human,0
Claude48,Free,Claude48-Free,0.36608915382786156,Human,0
Claude48,Free,Claude48-Free,0.5029170076681944,Human,0
Claude48,Free,Claude48-Free,0.19438169365712696,Human,0
Claude48,Free,Claude48-Free,0.232815758996624,Human,0
Claude48,Free,Claude48-Free,0.24511045799491335,Human,0
Claude48,Free,Claude48-Free,0.4992773636686912,Human,0
Claude48,Free,Claude48-Free,0.6059516195555374,Human,0
Claude48,Free,Claude48-Free,0.3199025172390901,Human,0
Claude48,Free,Claude48-Free,0.5026319916360276,Human,0
Claude48,Free,Claude48-Free,0.12633436276509483,Human,0
Claude48,Free,Claude48-Free,0.11255792724683948,Human,0
Claude48,Free,Claude48-Free,0.24502578553918639,Human,0
Claude48,Free,Claude48-Free,0.1395397857111403,Human,0
Claude48,Free,Claude48-Free,0.5577625527114821,Human,0
Claude48,Free,Claude48-Free,0.506130713561734,Human,0
Claude48,Free,Claude48-Free,0.324927780177863,Human,0
Claude48,Free,Claude48-Free,0.17110279186388683,Human,0
Claude48,Free,Claude48-Free,0.13424354929995688,Human,0
Claude48,Free,Claude48-Free,0.06117845523127279,Human,0
Claude48,Free,Claude48-Free,0.06555148749516257,Human,0
Claude48,Free,Claude48-Free,0.13011272493686107,Human,0
Claude48,Free,Claude48-Free,0.12741026207994258,Human,0
Claude48,Free,Claude48-Free,0.3953970243318374,Human,0
Claude48,Free,Claude48-Free,0.2341921959593311,Human,0
Claude48,Free,Claude48-Free,0.1722753108835535,Human,0
Claude48,Free,Claude48-Free,0.6374944290029508,Human,0
Claude48,Free,Claude48-Free,0.22219136681660784,Human,0
Claude48,Free,Claude48-Free,0.21008642564750332,Human,0
Claude48,Free,Claude48-Free,0.19057457410158987,Human,0
Claude48,Free,Claude48-Free,0.3429319369836156,Human,0
Claude48,Free,Claude48-Free,0.2913568227838519,Human,0
Claude48,Free,Claude48-Free,0.4303264965783628,Human,0
Claude48,Free,Claude48-Free,0.16234427453766528,Human,0
Claude48,Free,Claude48-Free,0.05918108379950115,Human,0
Claude48,Free,Claude48-Free,0.12382353178123454,Human,0
Claude48,Free,Claude48-Free,0.25778604902240754,Human,0
Claude48,Free,Claude48-Free,0.6170395585357931,Human,0
Claude48,Free,Claude48-Free,0.15903365744287182,Human,0
Claude48,Free,Claude48-Free,0.13373884793185306,Human,0
Claude48,Free,Claude48-Free,0.22417137320764136,Human,0
Claude48,Free,Claude48-Free,0.1682988767165318,Human,0
Claude48,Free,Claude48-Free,0.10276312547911808,Human,0
Claude48,Free,Claude48-Free,0.31191925239770796,Human,0
Claude48,Free,Claude48-Free,0.15139113860707523,Human,0
Claude48,Free,Claude48-Free,0.2980239818082232,Human,0
Claude48,Free,Claude48-Free,0.12018964936351047,Human,0
Claude48,Free,Claude48-Free,0.3026706726254238,Human,0
Claude48,Free,Claude48-Free,0.23729101781460804,Human,0
Claude48,Free,Claude48-Free,0.18477890434156036,Human,0
Claude48,Free,Claude48-Free,0.024298868415506335,Human,0
Claude48,Free,Claude48-Free,0.12007798812250593,Human,0
Claude48,Free,Claude48-Free,0.11425794253550352,Human,0
Claude48,Free,Claude48-Free,0.15158899299236392,Human,0
Claude48,Free,Claude48-Free,0.13841084038897117,Human,0
Claude48,Free,Claude48-Free,0.5452874525251103,Human,0
Claude48,Free,Claude48-Free,0.5270077389750253,Human,0
Claude48,Free,Claude48-Free,0.669453542207208,Human,0
Claude48,Free,Claude48-Free,0.23459296666358986,Human,0
Claude48,Free,Claude48-Free,0.3446585452251756,Human,0
Claude48,Free,Claude48-Free,0.46884536780850344,Human,0
Claude48,Free,Claude48-Free,0.20779810286458278,Human,0
Claude48,Free,Claude48-Free,0.3075529057246761,Human,0
Claude48,Free,Claude48-Free,0.2856439181065665,Human,0
Claude48,Free,Claude48-Free,0.7451069699449828,Human,0
Claude48,Free,Claude48-Free,0.36409375706860436,Human,0
Claude48,Free,Claude48-Free,0.6946141748787428,Human,0
Claude48,Free,Claude48-Free,0.7453655639395637,Human,0
Claude48,Free,Claude48-Free,0.6812469695337569,Human,0
Claude48,Free,Claude48-Free,0.6043406143488841,Human,0
Claude48,Free,Claude48-Free,0.46615668019604345,Human,0
Claude48,Free,Claude48-Free,0.5678043482985031,Human,0
Claude48,Free,Claude48-Free,0.505663312894654,Human,0
Claude48,Free,Claude48-Free,0.4736017410517747,Human,0
Claude48,Free,Claude48-Free,0.6161436356572936,Human,0
Claude48,Free,Claude48-Free,0.5974567886272055,Human,0
Claude48,Free,Claude48-Free,0.5437972320107111,Human,0
Claude48,Free,Claude48-Free,0.693002103753744,Human,0
Claude48,Free,Claude48-Free,0.22840884353421056,Human,0
Claude48,Free,Claude48-Free,0.296762542991674,Human,0
Claude48,Free,Claude48-Free,0.7862732606702293,Human,0
Claude48,Free,Claude48-Free,0.8642943722092385,Human,0
Claude48,Free,Claude48-Free,0.7029088681795548,Human,0
Claude48,Free,Claude48-Free,0.41110603135895135,Human,0
Claude48,Free,Claude48-Free,0.42819859486434964,Human,0
Claude48,Free,Claude48-Free,0.698711488187131,Human,0
Claude48,Free,Claude48-Free,0.8816828455553886,Human,0
Claude48,Free,Claude48-Free,0.5247908457622728,Human,0
Claude48,Free,Claude48-Free,0.5026058899073137,Human,0
Claude48,Free,Claude48-Free,0.4947802797184308,Human,0
Claude48,Free,Claude48-Free,0.20813517162853407,Human,0
Claude48,Free,Claude48-Free,0.5964693710944797,Human,0
Claude48,Free,Claude48-Free,0.41838318816078796,Human,0
Claude48,Free,Claude48-Free,0.3479764344029923,Human,0
Claude48,Free,Claude48-Free,0.9775319371627099,Human,0
Claude48,Free,Claude48-Free,0.3727572479231254,AI,1
Claude48,Free,Claude48-Free,0.9768015352198953,AI,1
Claude48,Free,Claude48-Free,0.94127828900172,AI,1
Claude48,Free,Claude48-Free,0.45431156005953005,AI,1
Claude48,Free,Claude48-Free,0.8298019522014217,AI,1
Claude48,Free,Claude48-Free,0.42195590896285956,AI,1
Claude48,Free,Claude48-Free,0.5251866557400073,AI,1
Claude48,Free,Claude48-Free,0.8463799224289642,AI,1
Claude48,Free,Claude48-Free,0.8341021776600193,AI,1
Claude48,Free,Claude48-Free,0.8445413143789481,AI,1
Claude48,Free,Claude48-Free,0.7785163724270271,AI,1
Claude48,Free,Claude48-Free,0.7980719399218235,AI,1
Claude48,Free,Claude48-Free,0.5877354934565093,AI,1
Claude48,Free,Claude48-Free,0.6367908246499601,AI,1
Claude48,Free,Claude48-Free,0.8412923891782387,AI,1
Claude48,Free,Claude48-Free,0.8127503103083902,AI,1
Claude48,Free,Claude48-Free,0.5953486147833795,AI,1
Claude48,Free,Claude48-Free,0.6925668965524971,AI,1
Claude48,Free,Claude48-Free,0.7090551159848021,AI,1
Claude48,Free,Claude48-Free,0.5244090613049488,AI,1
Claude48,Free,Claude48-Free,0.5224325600384149,AI,1
Claude48,Free,Claude48-Free,0.9243079319869065,AI,1
Claude48,Free,Claude48-Free,0.47710477449538874,AI,1
Claude48,Free,Claude48-Free,0.8291664302386104,AI,1
Claude48,Free,Claude48-Free,0.48773068364531125,AI,1
Claude48,Free,Claude48-Free,0.559273483059275,AI,1
Claude48,Free,Claude48-Free,0.5470237405615881,AI,1
Claude48,Free,Claude48-Free,0.7661597211980087,AI,1
Claude48,Free,Claude48-Free,0.7160916998892977,AI,1
Claude48,Free,Claude48-Free,0.6515675066203905,AI,1
Claude48,Free,Claude48-Free,0.8592132093313143,AI,1
Claude48,Free,Claude48-Free,0.9501418260572423,AI,1
Claude48,Free,Claude48-Free,0.4879353507522076,AI,1
Claude48,Free,Claude48-Free,0.47536316770135584,AI,1
Claude48,Free,Claude48-Free,0.26486359229600537,AI,1
Claude48,Free,Claude48-Free,0.8028264762266569,AI,1
Claude48,Free,Claude48-Free,0.6064594926688353,AI,1
Claude48,Free,Claude48-Free,0.33582573638437535,AI,1
Claude48,Free,Claude48-Free,0.6034076109733815,AI,1
Claude48,Free,Claude48-Free,0.4298556657506945,AI,1
Claude48,Free,Claude48-Free,0.6066418799366333,AI,1
Claude48,Free,Claude48-Free,0.5152884440148162,AI,1
Claude48,Free,Claude48-Free,0.8204449810682946,AI,1
Claude48,Free,Claude48-Free,0.5200367101923458,AI,1
Claude48,Free,Claude48-Free,0.7433924645958047,AI,1
Claude48,Free,Claude48-Free,0.888662258897787,AI,1
Claude48,Free,Claude48-Free,0.8040995370987541,AI,1
Claude48,Free,Claude48-Free,0.5306904405013986,AI,1
Claude48,Free,Claude48-Free,0.7073579961601633,AI,1
Claude48,Free,Claude48-Free,0.5395267441806904,AI,1
Claude48,Free,Claude48-Free,0.35707918452638915,AI,1
Claude48,Free,Claude48-Free,0.40584500885769675,AI,1
Claude48,Free,Claude48-Free,0.7230107594754159,AI,1
Claude48,Free,Claude48-Free,0.5117525358692843,AI,1
Claude48,Free,Claude48-Free,0.16050474174014334,AI,1
Claude48,Free,Claude48-Free,0.6820401040045231,AI,1
Claude48,Free,Claude48-Free,0.26978946418350397,AI,1
Claude48,Free,Claude48-Free,0.893316787202738,AI,1
Claude48,Free,Claude48-Free,0.8318080249719748,AI,1
Claude48,Free,Claude48-Free,0.3265290352553973,AI,1
Claude48,Free,Claude48-Free,0.28133832560174726,AI,1
Claude48,Free,Claude48-Free,0.5768814464080062,AI,1
Claude48,Free,Claude48-Free,0.9246762660024684,AI,1
Claude48,Free,Claude48-Free,0.7689367329354557,AI,1
Claude48,Free,Claude48-Free,0.6743822363513483,AI,1
Claude48,Free,Claude48-Free,0.4905297419793033,AI,1
Claude48,Free,Claude48-Free,0.7500603266342893,AI,1
Claude48,Free,Claude48-Free,0.6650218717671739,AI,1
Claude48,Free,Claude48-Free,0.8506009370691607,AI,1
Claude48,Free,Claude48-Free,0.5724484775355585,AI,1
Claude48,Free,Claude48-Free,0.5188438822538165,AI,1
Claude48,Free,Claude48-Free,0.6353896867758076,AI,1
Claude48,Free,Claude48-Free,0.6121358706070646,AI,1
Claude48,Free,Claude48-Free,0.40780942405405557,AI,1
Claude48,Free,Claude48-Free,0.3181770144920575,AI,1
Claude48,Free,Claude48-Free,0.6302364594115424,AI,1
Claude48,Free,Claude48-Free,0.4568437544763458,AI,1
Claude48,Free,Claude48-Free,0.6802561451256282,AI,1
Claude48,Free,Claude48-Free,0.633106815572812,AI,1
Claude48,Free,Claude48-Free,0.5627731040840133,AI,1
Claude48,Free,Claude48-Free,0.22676481739824608,AI,1
Claude48,Free,Claude48-Free,0.3713042796635742,AI,1
Claude48,Free,Claude48-Free,0.4667570953265143,AI,1
Claude48,Free,Claude48-Free,0.58308124429076,AI,1
Claude48,Free,Claude48-Free,0.4712517926912194,AI,1
Claude48,Free,Claude48-Free,0.6073284978491106,AI,1
Claude48,Free,Claude48-Free,0.3679407581085061,AI,1
Claude48,Free,Claude48-Free,0.63020286185239,AI,1
Claude48,Free,Claude48-Free,0.8167781317566352,AI,1
Claude48,Free,Claude48-Free,0.6179978833087763,AI,1
Claude48,Free,Claude48-Free,0.7872961422334224,AI,1
Claude48,Free,Claude48-Free,0.5766636346322812,AI,1
Claude48,Free,Claude48-Free,0.7597945593963398,AI,1
Claude48,Free,Claude48-Free,0.8547117281134179,AI,1
Claude48,Free,Claude48-Free,0.6772232741426097,AI,1
Claude48,Free,Claude48-Free,0.8125266143269501,AI,1
Claude48,Free,Claude48-Free,0.6767856162040855,AI,1
Claude48,Free,Claude48-Free,0.9121160194521346,AI,1
Claude48,Free,Claude48-Free,0.7753521379192081,AI,1
Claude48,Free,Claude48-Free,0.49396692884675203,AI,1
Claude48,Free,Claude48-Free,0.8519293542293516,AI,1
Claude48,Free,Claude48-Free,0.5802309729495674,AI,1
Claude48,Free,Claude48-Free,0.8510597499169146,AI,1
Claude48,Free,Claude48-Free,0.5479469613952324,AI,1
Claude48,Free,Claude48-Free,0.9375611708318078,AI,1
Claude48,Free,Claude48-Free,0.9403433763905152,AI,1
Claude48,Free,Claude48-Free,0.8459734513396431,AI,1
Claude48,Free,Claude48-Free,0.6072409435691453,AI,1
Claude48,Free,Claude48-Free,0.9760402150191961,AI,1
Claude48,Free,Claude48-Free,0.89228788248154,AI,1
Claude48,Free,Claude48-Free,0.8963167637099027,AI,1
Claude48,Free,Claude48-Free,0.3150674278384963,AI,1
Claude48,Free,Claude48-Free,0.9503490940491826,AI,1
Claude48,Free,Claude48-Free,0.8296753384543138,AI,1
Claude48,Free,Claude48-Free,0.6582777480670311,AI,1
Claude48,Free,Claude48-Free,0.6471157905094641,AI,1
Claude48,Free,Claude48-Free,0.673760145076193,AI,1
Claude48,Free,Claude48-Free,0.6289408707003563,AI,1
Claude48,Free,Claude48-Free,0.5555686268346514,AI,1
Claude48,Free,Claude48-Free,0.5911818349998452,AI,1
Claude48,Free,Claude48-Free,0.30353083383781926,AI,1
Claude48,Free,Claude48-Free,0.8244714789418083,AI,1
Claude48,Free,Claude48-Free,0.4309865369136977,AI,1
Claude48,Free,Claude48-Free,0.8169513340070561,AI,1
Claude48,Free,Claude48-Free,0.614417376892021,AI,1
Claude48,Free,Claude48-Free,0.3103493947654242,AI,1
Claude48,Free,Claude48-Free,0.1949614699329672,AI,1
Claude48,Free,Claude48-Free,0.30985077425019714,AI,1
Claude48,Free,Claude48-Free,0.8460156478459686,AI,1
Claude48,Free,Claude48-Free,0.02256304086073053,AI,1
Claude48,Free,Claude48-Free,0.7971367866211299,AI,1
Claude48,Free,Claude48-Free,0.9393067292809473,AI,1
Claude48,Free,Claude48-Free,0.9291425918514308,AI,1
Claude48,Free,Claude48-Free,0.8616599228788536,AI,1
Claude48,Free,Claude48-Free,0.8773145366802967,AI,1
Claude48,Free,Claude48-Free,0.928893319035379,AI,1
Claude48,Free,Claude48-Free,0.8139823508953945,AI,1
Claude48,Free,Claude48-Free,0.7839070805953807,AI,1
Claude48,Free,Claude48-Free,0.6169549834585726,AI,1
Claude48,Free,Claude48-Free,0.6171843159604472,AI,1
Claude48,Free,Claude48-Free,0.7852826480413311,AI,1
Claude48,Free,Claude48-Free,0.9375396684667491,AI,1
Claude48,Free,Claude48-Free,0.6613884428927344,AI,1
Claude48,Free,Claude48-Free,0.7554746406549597,AI,1
Claude48,Free,Claude48-Free,0.5772106940989173,AI,1
Claude48,Free,Claude48-Free,0.8881140342347909,AI,1
Claude48,Free,Claude48-Free,0.3389667618946663,AI,1
Claude48,Free,Claude48-Free,0.7646060729499172,AI,1
Claude48,Free,Claude48-Free,0.8508648959400738,AI,1
Claude48,Free,Claude48-Free,0.7805113692487087,AI,1
Claude48,Free,Claude48-Free,0.9727797901870614,AI,1
Claude48,Free,Claude48-Free,0.7902979660211333,AI,1
Claude48,Free,Claude48-Free,0.9239951085389198,AI,1
Claude48,Free,Claude48-Free,0.8760114155745304,AI,1
Claude48,Free,Claude48-Free,0.9771780594211557,AI,1
Claude48,Free,Claude48-Free,0.928786434187361,AI,1
Claude48,Free,Claude48-Free,0.915724988630897,AI,1
Claude48,Free,Claude48-Free,0.9057372587353323,AI,1
Claude48,Free,Claude48-Free,0.8490403790488189,AI,1
Claude48,Free,Claude48-Free,0.6154275994596597,AI,1
Claude48,Free,Claude48-Free,0.8797044816748648,AI,1
Claude48,Free,Claude48-Free,0.7259059177946093,AI,1
Claude48,Free,Claude48-Free,0.4760374489257403,AI,1
Claude48,Free,Claude48-Free,0.32555726347529235,AI,1
Claude48,Free,Claude48-Free,0.8293164953642167,AI,1
Claude48,Free,Claude48-Free,0.771273599333057,AI,1
Claude48,Free,Claude48-Free,0.6880492370447046,AI,1
Claude48,Free,Claude48-Free,0.7727759529592315,AI,1
Claude48,Free,Claude48-Free,0.08794851033896228,AI,1
Claude48,Free,Claude48-Free,0.8692251873480066,AI,1
Claude48,Free,Claude48-Free,0.8722318698428738,AI,1
Claude48,Free,Claude48-Free,0.48959623672276775,AI,1
Claude48,Free,Claude48-Free,0.7815170432789795,AI,1
Claude48,Free,Claude48-Free,0.9794234031207748,AI,1
Claude48,Free,Claude48-Free,0.7059204322780873,AI,1
Claude48,Free,Claude48-Free,0.8152848349433389,AI,1
Claude48,Free,Claude48-Free,0.7992012076537358,AI,1
Claude48,Free,Claude48-Free,0.8674991866796748,AI,1
Claude48,Free,Claude48-Free,0.8684871328383681,AI,1
Claude48,Free,Claude48-Free,0.8596487169998263,AI,1
Claude48,Free,Claude48-Free,0.7943475450682658,AI,1
Claude48,Free,Claude48-Free,0.8604042057043486,AI,1
Claude48,Free,Claude48-Free,0.9275674706921668,AI,1
Claude48,Free,Claude48-Free,0.4020965020108336,AI,1
Claude48,Free,Claude48-Free,0.5134113110289926,AI,1
Claude48,Free,Claude48-Free,0.7641210362683973,AI,1
Claude48,Free,Claude48-Free,0.5359530154746517,AI,1
Claude48,Free,Claude48-Free,0.8868392566575419,AI,1
Claude48,Free,Claude48-Free,0.5244124601846086,AI,1
Claude48,Free,Claude48-Free,0.9444535691113976,AI,1
Claude48,Free,Claude48-Free,0.6900359510781565,AI,1
Claude48,Free,Claude48-Free,0.870896934493385,AI,1
Claude48,Free,Claude48-Free,0.7753834386432782,AI,1
Claude48,Free,Claude48-Free,0.7716015877545824,AI,1
Claude48,Free,Claude48-Free,0.9748632502316187,AI,1
Claude48,Free,Claude48-Free,0.8136516610713334,AI,1
Claude48,Free,Claude48-Free,0.24842953072316704,AI,1
Claude48,Free,Claude48-Free,0.08180251185898006,AI,1
Claude48,Free,Claude48-Free,0.5176102453514467,AI,1
Claude48,Free,Claude48-Free,0.981892660393728,AI,1
Claude48,Free,Claude48-Free,0.3420982168715407,AI,1
Claude48,Free,Claude48-Free,0.8224347112507393,AI,1
Claude48,Free,Claude48-Free,0.997076131581402,AI,1
Claude48,Free,Claude48-Free,0.9879034423987664,AI,1
Claude48,Free,Claude48-Free,0.3029413750629773,AI,1
Claude48,Free,Claude48-Free,0.5741721196273546,AI,1
Claude48,Free,Claude48-Free,0.7602979447393933,AI,1
Claude48,Free,Claude48-Free,0.7531118476283091,AI,1
Claude48,Free,Claude48-Free,0.9119886506380717,AI,1
Claude48,Free,Claude48-Free,0.6550554972634893,AI,1
Claude48,Free,Claude48-Free,0.6138392724781606,AI,1
Claude48,Free,Claude48-Free,0.42215991344020143,AI,1
Claude48,Free,Claude48-Free,0.7840140072091207,AI,1
Claude48,Free,Claude48-Free,0.2692066630179348,AI,1
Claude48,Free,Claude48-Free,0.43761699550109967,AI,1
Claude48,Free,Claude48-Free,0.4279423334387964,AI,1
Claude48,Free,Claude48-Free,0.7038462709047071,AI,1
Claude48,Free,Claude48-Free,0.8279767535785434,AI,1
Claude48,Free,Claude48-Free,0.7487919636377649,AI,1
Claude48,Free,Claude48-Free,0.7996316347894383,AI,1
Claude48,Free,Claude48-Free,0.7014937732505231,AI,1
Claude48,Free,Claude48-Free,0.5047115834135368,AI,1
Claude48,Free,Claude48-Free,0.9515170565792905,AI,1
Claude48,Free,Claude48-Free,0.7284025744753411,AI,1
Claude48,Free,Claude48-Free,0.9784990757978531,AI,1
Claude48,Free,Claude48-Free,0.9961062602732036,AI,1
Claude48,Free,Claude48-Free,0.8648192674301143,AI,1
Claude48,Free,Claude48-Free,0.7830811159538553,AI,1
Claude48,Free,Claude48-Free,0.9249515149885199,AI,1
Claude48,Free,Claude48-Free,0.6407322661536455,AI,1
Claude48,Free,Claude48-Free,0.6878928931257742,AI,1
Claude48,Free,Claude48-Free,0.4522009224004004,AI,1
Claude48,Free,Claude48-Free,0.20388297178149836,AI,1
Claude48,Free,Claude48-Free,0.26538092360008636,AI,1
Claude48,Free,Claude48-Free,0.007879728625865343,AI,1
Claude48,Free,Claude48-Free,0.18349043917214497,AI,1
Claude48,Free,Claude48-Free,0.5274864383337423,AI,1
Claude48,Free,Claude48-Free,0.7977270263598734,AI,1
Claude48,Free,Claude48-Free,0.9478307449214658,AI,1
Claude48,Free,Claude48-Free,0.8027364764754962,AI,1
Claude48,Free,Claude48-Free,0.1619234100751104,AI,1
Claude48,Free,Claude48-Free,0.7154262719153122,AI,1
Claude48,Free,Claude48-Free,0.4812955794487912,AI,1
Claude48,Free,Claude48-Free,0.8482132814847414,AI,1
Claude48,Free,Claude48-Free,0.8743683185325102,AI,1
Claude48,Free,Claude48-Free,0.5739210034545108,AI,1
Claude48,Free,Claude48-Free,0.4787802429813855,AI,1
Claude48,Free,Claude48-Free,0.9688061182293396,AI,1
Claude48,Free,Claude48-Free,0.8307090747285424,AI,1
Claude48,Free,Claude48-Free,0.8355864398765791,AI,1
Claude48,Free,Claude48-Free,0.7865865699496946,AI,1
Claude48,Free,Claude48-Free,0.35136994931393806,AI,1
Claude48,Free,Claude48-Free,0.9669441171559677,AI,1
Claude48,Free,Claude48-Free,0.8971596821383454,AI,1
Claude48,Free,Claude48-Free,0.5001338829777632,AI,1
Claude48,Free,Claude48-Free,0.7703194383175778,AI,1
Claude48,Free,Claude48-Free,0.9879802293501876,AI,1
Claude48,Free,Claude48-Free,0.7353952154114005,AI,1
Claude48,Free,Claude48-Free,0.9150487338212588,AI,1
Claude48,Free,Claude48-Free,0.7257673637868982,AI,1
Claude48,Free,Claude48-Free,0.6910089576608613,AI,1
Claude48,Free,Claude48-Free,0.770541180841677,AI,1
Claude48,Free,Claude48-Free,0.8091139377348671,AI,1
Claude48,Free,Claude48-Free,0.9054410535696957,AI,1
Claude48,Free,Claude48-Free,0.8896500178160343,AI,1
Claude48,Free,Claude48-Free,0.6930138075356228,AI,1
Claude48,Free,Claude48-Free,0.9745925248655198,AI,1
Claude48,Free,Claude48-Free,0.8388421809835834,AI,1
Claude48,Free,Claude48-Free,0.18515618516452909,AI,1
Claude48,Free,Claude48-Free,0.8455762427457741,AI,1
Claude48,Free,Claude48-Free,0.930470532910666,AI,1
Claude48,Free,Claude48-Free,0.9034259820931905,AI,1
Claude48,Free,Claude48-Free,0.7203638521897769,AI,1
Claude48,Free,Claude48-Free,0.5097074610291749,AI,1
Claude48,Free,Claude48-Free,0.23291853489805142,AI,1
Claude48,Free,Claude48-Free,0.8084684352773551,AI,1
Claude48,Free,Claude48-Free,0.6363398346591858,AI,1
Claude48,Free,Claude48-Free,0.7582805248108628,AI,1
Claude48,Free,Claude48-Free,0.5122146408266249,AI,1
Claude48,Free,Claude48-Free,0.9087891424881576,AI,1
Claude48,Free,Claude48-Free,0.8094194747486233,AI,1
Claude48,Free,Claude48-Free,0.8669930027625611,AI,1
Claude48,Free,Claude48-Free,0.9521001752684843,AI,1
Claude48,Free,Claude48-Free,0.9973672497760896,AI,1
Claude48,Free,Claude48-Free,0.652124973902983,AI,1
Claude48,Free,Claude48-Free,0.6094209757050874,AI,1
Claude48,Free,Claude48-Free,0.8975951939007718,AI,1
Claude48,Free,Claude48-Free,0.17906602830231053,AI,1
Claude48,Free,Claude48-Free,0.7390348282868155,AI,1
Claude48,Free,Claude48-Free,0.5005379031749028,AI,1
Claude48,Free,Claude48-Free,0.970597124750826,AI,1
Claude48,Free,Claude48-Free,0.868933554889895,AI,1
Claude48,Free,Claude48-Free,0.480756091576851,AI,1
Claude48,Free,Claude48-Free,0.730817926902765,AI,1
Claude48,Free,Claude48-Free,0.7681226436609091,AI,1
Claude48,Free,Claude48-Free,0.16701552921584845,AI,1
Claude48,Free,Claude48-Free,0.616541394023119,AI,1
Claude48,Free,Claude48-Free,0.11530611969221782,AI,1
Claude48,Free,Claude48-Free,0.33109588914642263,AI,1
Claude48,Free,Claude48-Free,0.022178335390808837,AI,1
Claude48,Free,Claude48-Free,0.33424150922392193,AI,1
Claude48,Free,Claude48-Free,0.8493426778900335,AI,1
Claude48,Free,Claude48-Free,0.956420151687135,AI,1
Claude48,Free,Claude48-Free,0.4994446212407352,AI,1
Claude48,Free,Claude48-Free,0.5242557253878385,AI,1
Claude48,Free,Claude48-Free,0.9355956346317043,AI,1
Claude48,Free,Claude48-Free,0.7648527828190393,AI,1
Claude48,Free,Claude48-Free,0.7937735491397037,AI,1
Claude48,Free,Claude48-Free,0.730500782176395,AI,1
Claude48,Free,Claude48-Free,0.4172791825137857,AI,1
Claude48,Free,Claude48-Free,0.7104087296909674,AI,1
Claude48,Free,Claude48-Free,0.7756610732201231,AI,1
Claude48,Free,Claude48-Free,0.6125501095065308,AI,1
Claude48,Free,Claude48-Free,0.9246365374461287,AI,1
Claude48,Free,Claude48-Free,0.6892772772077941,AI,1
Claude48,Free,Claude48-Free,0.7089888418870292,AI,1
Claude48,Free,Claude48-Free,0.49560852601158606,AI,1
Claude48,Free,Claude48-Free,0.5453140293501575,AI,1
Claude48,Free,Claude48-Free,0.9424464160472948,AI,1
Claude48,Free,Claude48-Free,0.9617831222672788,AI,1
Claude48,Free,Claude48-Free,0.8641386599793688,AI,1
Claude48,Free,Claude48-Free,0.6200193669302209,AI,1
Claude48,Free,Claude48-Free,0.8519712525290352,AI,1
Claude48,Free,Claude48-Free,0.8640392153012515,AI,1
Claude48,Free,Claude48-Free,0.9175990561834122,AI,1
Claude48,Free,Claude48-Free,0.8599501296708785,AI,1
Claude48,Free,Claude48-Free,0.5231657706229447,AI,1
Claude48,Free,Claude48-Free,0.8919877034109478,AI,1
Claude48,Free,Claude48-Free,0.7670470943875333,AI,1
Claude48,Free,Claude48-Free,0.9109500649510816,AI,1
Claude48,Free,Claude48-Free,0.5116551443711388,AI,1
Claude48,Free,Claude48-Free,0.8555628478965048,AI,1
Claude48,Free,Claude48-Free,0.968966898549166,AI,1
Claude48,Free,Claude48-Free,0.9909786095665208,AI,1
Claude48,Free,Claude48-Free,0.9036995617050044,AI,1
Claude48,Free,Claude48-Free,0.9431083754714588,AI,1
Claude48,Free,Claude48-Free,0.5673140764959187,AI,1
Claude48,Free,Claude48-Free,0.6381764629021723,AI,1
Claude48,Free,Claude48-Free,0.7716663244508242,AI,1
Claude48,Free,Claude48-Free,0.835262257628772,AI,1
Claude48,Free,Claude48-Free,0.6734935251828992,AI,1
Claude48,Free,Claude48-Free,0.7092620816513033,AI,1
Claude48,Free,Claude48-Free,0.7655188660376472,AI,1
Claude48,Free,Claude48-Free,0.9023664126511883,AI,1
Claude48,Free,Claude48-Free,0.4217682724195923,AI,1
Claude48,Free,Claude48-Free,0.8239611113162507,AI,1
Claude48,Free,Claude48-Free,0.7439836639019686,AI,1
Claude48,Free,Claude48-Free,0.7819839758420343,AI,1
Claude48,Free,Claude48-Free,0.6260909788913774,AI,1
Claude48,Free,Claude48-Free,0.24332514255210722,AI,1
Claude48,Free,Claude48-Free,0.6720534688167461,AI,1
Claude48,Free,Claude48-Free,0.8713922596104734,AI,1
Claude48,Free,Claude48-Free,0.73288425839614,AI,1
Claude48,Free,Claude48-Free,0.63019156766944,AI,1
Claude48,Free,Claude48-Free,0.4248262019259551,AI,1
Claude48,Free,Claude48-Free,0.8422534975794019,AI,1
Claude48,Free,Claude48-Free,0.9294833583407519,AI,1
Claude48,Free,Claude48-Free,0.7969596690449905,AI,1
Claude48,Free,Claude48-Free,0.8211983544550447,AI,1
Claude48,Free,Claude48-Free,0.39048254923675946,AI,1
Claude48,Free,Claude48-Free,0.5706583041518917,AI,1
Claude48,Free,Claude48-Free,0.813053112832198,AI,1
Claude48,Free,Claude48-Free,0.8818515141005836,AI,1
Claude48,Free,Claude48-Free,0.791946300187855,AI,1
Claude48,Free,Claude48-Free,0.5441021787683881,AI,1
Claude48,Free,Claude48-Free,0.8773379614690439,AI,1
Claude48,Free,Claude48-Free,0.7474704468743426,AI,1
Claude48,Free,Claude48-Free,0.4959458547403671,AI,1
Claude48,Free,Claude48-Free,0.8818412250299356,AI,1
Claude48,Free,Claude48-Free,0.6076506512186404,AI,1
Claude48,Free,Claude48-Free,0.8426309915649174,AI,1
Claude48,Free,Claude48-Free,0.7959207863584968,AI,1
Claude48,Free,Claude48-Free,0.6157299400248716,AI,1
Claude48,Free,Claude48-Free,0.9409526002408399,AI,1
Claude48,Free,Claude48-Free,0.9385409842451118,AI,1
Claude48,Free,Claude48-Free,0.945310223229496,AI,1
Claude48,Free,Claude48-Free,0.7282242023810793,AI,1
Claude48,Free,Claude48-Free,0.6900181931755085,AI,1
Claude48,Free,Claude48-Free,0.7839471061524115,AI,1
Claude48,Free,Claude48-Free,0.7543275116291109,AI,1
Claude48,Free,Claude48-Free,0.8947169508720483,AI,1
Claude48,Free,Claude48-Free,0.5656844619806379,AI,1
Claude48,Free,Claude48-Free,0.40542562078005195,AI,1
Claude48,Free,Claude48-Free,0.12405027825102068,AI,1
Claude48,Free,Claude48-Free,0.7136572349565569,AI,1
Claude48,Free,Claude48-Free,0.45149322427716626,AI,1
Claude48,Free,Claude48-Free,0.9528306008537234,AI,1
Claude48,Free,Claude48-Free,0.488229411195828,AI,1
Claude48,Free,Claude48-Free,0.8171181724815995,AI,1
Claude48,Free,Claude48-Free,0.760741782441781,AI,1
Claude48,Free,Claude48-Free,0.8731976274273889,AI,1
Claude48,Free,Claude48-Free,0.8839130012008263,AI,1
Claude48,Free,Claude48-Free,0.9074591667422749,AI,1
Claude48,Free,Claude48-Free,0.916769773541456,AI,1
Claude48,Free,Claude48-Free,0.7010611369910622,AI,1
Claude48,Free,Claude48-Free,0.6055168533513335,AI,1
Claude48,Free,Claude48-Free,0.6691907440926497,AI,1
Claude48,Free,Claude48-Free,0.9026794214840701,AI,1
Claude48,Free,Claude48-Free,0.9098736131371902,AI,1
Claude48,Free,Claude48-Free,0.8179940312295643,AI,1
Claude48,Free,Claude48-Free,0.8928848495712753,AI,1
Claude48,Free,Claude48-Free,0.8403000002196236,AI,1
Claude48,Free,Claude48-Free,0.633482732926738,AI,1
Claude48,Free,Claude48-Free,0.8302559002690805,AI,1
Claude48,Free,Claude48-Free,0.7169773707538972,AI,1
Claude48,Free,Claude48-Free,0.8222282369913466,AI,1
Claude48,Free,Claude48-Free,0.8131721183068871,AI,1
Claude48,Free,Claude48-Free,0.8665175650518955,AI,1
Claude48,Free,Claude48-Free,0.1522668238113672,AI,1
Claude48,Free,Claude48-Free,0.9281368330404688,AI,1
Claude48,Free,Claude48-Free,0.950985704996997,AI,1
Claude48,Free,Claude48-Free,0.8082587786557307,AI,1
Claude48,Free,Claude48-Free,0.8948602707059579,AI,1
Claude48,Free,Claude48-Free,0.7801705428498051,AI,1
Claude48,Free,Claude48-Free,0.8045151705213451,AI,1
Claude48,Free,Claude48-Free,0.9510605637737792,AI,1
Claude48,Free,Claude48-Free,0.5057804651015316,AI,1
Claude48,Free,Claude48-Free,0.5732169432307133,AI,1
Claude48,Free,Claude48-Free,0.9751473358391564,AI,1
Claude48,Free,Claude48-Free,0.8800068522443872,AI,1
Claude48,Free,Claude48-Free,0.6567070854030514,AI,1
Claude48,Free,Claude48-Free,0.10223370658394229,AI,1
Claude48,Free,Claude48-Free,0.2967310759099887,AI,1
Claude48,Free,Claude48-Free,0.9225479237003592,AI,1
Claude48,Free,Claude48-Free,0.6091430687509753,AI,1
Claude48,Free,Claude48-Free,0.9823964539434508,AI,1
Claude48,Free,Claude48-Free,0.7134806036793886,AI,1
Claude48,Free,Claude48-Free,0.05748752170807535,AI,1
Claude48,Free,Claude48-Free,0.9363135750813155,AI,1
Claude48,Free,Claude48-Free,0.786694190742957,AI,1
Claude48,Free,Claude48-Free,0.7995133161581628,AI,1
Claude48,Free,Claude48-Free,0.7726819802775081,AI,1
Claude48,Free,Claude48-Free,0.7725646161883654,AI,1
Claude48,Free,Claude48-Free,0.42101367538007156,AI,1
Claude48,Free,Claude48-Free,0.8645088539732577,AI,1
Claude48,Free,Claude48-Free,0.47785682389989026,AI,1
Claude48,Free,Claude48-Free,0.9157062452306793,AI,1
Claude48,Free,Claude48-Free,0.22436242373920848,AI,1
Claude48,Free,Claude48-Free,0.5883900182657462,AI,1
Claude48,Free,Claude48-Free,0.35174235942652426,AI,1
Claude48,Free,Claude48-Free,0.9047216290586182,AI,1
Claude48,Free,Claude48-Free,0.42072465140325915,AI,1
Claude48,Free,Claude48-Free,0.9784951515762154,AI,1
Claude48,Free,Claude48-Free,0.9183585212407922,AI,1
Claude48,Free,Claude48-Free,0.9184579344279028,AI,1
Claude48,Free,Claude48-Free,0.8212691910225841,AI,1
Claude48,Free,Claude48-Free,0.49492915752608174,AI,1
Claude48,Free,Claude48-Free,0.919735864185358,AI,1
Claude48,Free,Claude48-Free,0.6395880859044347,AI,1
Claude48,Free,Claude48-Free,0.7696622835551437,AI,1
Claude48,Free,Claude48-Free,0.8501724159828127,AI,1
Claude48,Free,Claude48-Free,0.1839517991926838,AI,1
Claude48,Free,Claude48-Free,0.7795551715265081,AI,1
Claude48,Free,Claude48-Free,0.7615855398658098,AI,1
Claude48,Free,Claude48-Free,0.7914284991652064,AI,1
Claude48,Free,Claude48-Free,0.8187545327620295,AI,1
Claude48,Free,Claude48-Free,0.2904664929628667,AI,1
Claude48,Free,Claude48-Free,0.812671693758919,AI,1
Claude48,Free,Claude48-Free,0.8140775748770097,AI,1
Claude48,Free,Claude48-Free,0.8961264989139994,AI,1
Claude48,Free,Claude48-Free,0.9856967132054869,AI,1
Claude48,Free,Claude48-Free,0.3194850294311763,AI,1
Claude48,Free,Claude48-Free,0.850080034224087,AI,1
Claude48,Free,Claude48-Free,0.45247792196937114,AI,1
Claude48,Free,Claude48-Free,0.41861167342400946,AI,1
Claude48,Free,Claude48-Free,0.5979534883269472,AI,1
Claude48,Free,Claude48-Free,0.7039976967487614,AI,1
Claude48,Free,Claude48-Free,0.21953243279845622,AI,1
Claude48,Free,Claude48-Free,0.45714265070007637,AI,1
Claude48,Free,Claude48-Free,0.4794049042794834,AI,1
Claude48,Free,Claude48-Free,0.5004335574640016,AI,1
Claude48,Free,Claude48-Free,0.8209780072914658,AI,1
Claude48,Free,Claude48-Free,0.9475247070758696,AI,1
Claude48,Free,Claude48-Free,0.9215084225746023,AI,1
Claude48,Free,Claude48-Free,0.48298973047455485,AI,1
Claude48,Free,Claude48-Free,0.5469536599230816,AI,1
Claude48,Free,Claude48-Free,0.8098024349986856,AI,1
Claude48,Free,Claude48-Free,0.8313626549824349,AI,1
Claude48,Free,Claude48-Free,0.5400100575045846,AI,1
Claude48,Free,Claude48-Free,0.8302856467257644,AI,1
Claude48,Free,Claude48-Free,0.9737199336304283,AI,1
Claude48,Free,Claude48-Free,0.9709723920721579,AI,1
Claude48,Free,Claude48-Free,0.3014777190952206,AI,1
Claude48,Free,Claude48-Free,0.9526860432058284,AI,1
Claude48,Free,Claude48-Free,0.6411169841110806,AI,1
Claude48,Free,Claude48-Free,0.7519102245459818,AI,1
Claude48,Free,Claude48-Free,0.1800828688703315,AI,1
Claude48,Free,Claude48-Free,0.18281999140425978,AI,1
Claude48,Free,Claude48-Free,0.8875491496832356,AI,1
Claude48,Free,Claude48-Free,0.7498937915371691,AI,1
Claude48,Free,Claude48-Free,0.10191207085462463,AI,1
Claude48,Free,Claude48-Free,0.0959056522167829,AI,1
Claude48,Free,Claude48-Free,0.20460876235972503,AI,1
Claude48,Free,Claude48-Free,0.5120868412594224,AI,1
Claude48,Free,Claude48-Free,0.4621860796394382,AI,1
Claude48,Free,Claude48-Free,0.9547988563218135,AI,1
Claude48,Free,Claude48-Free,0.8680413536396522,AI,1
Claude48,Free,Claude48-Free,0.6183929952330037,AI,1
Claude48,Free,Claude48-Free,0.9705065926047086,AI,1
Claude48,Free,Claude48-Free,0.595150981424877,AI,1
Claude48,Free,Claude48-Free,0.5723992903970142,AI,1
Claude48,Free,Claude48-Free,0.9153137133203926,AI,1
Claude48,Free,Claude48-Free,0.7513439058917873,AI,1
Claude48,Free,Claude48-Free,0.901232083997904,AI,1
Claude48,Free,Claude48-Free,0.9623192958352409,AI,1
Claude48,Free,Claude48-Free,0.12742146371689345,AI,1
Claude48,Free,Claude48-Free,0.35172922186132516,AI,1
Claude48,Free,Claude48-Free,0.45591795814905006,AI,1
Claude48,Free,Claude48-Free,0.9094196045187187,AI,1
Claude48,Free,Claude48-Free,0.9092460292290139,AI,1
Claude48,Free,Claude48-Free,0.6868676814431687,AI,1
Claude48,Free,Claude48-Free,0.529573327186753,AI,1
Claude48,Free,Claude48-Free,0.8209599638919476,AI,1
Claude48,Free,Claude48-Free,0.45045916944187103,AI,1
Claude48,Free,Claude48-Free,0.770904211733174,AI,1
Claude48,Free,Claude48-Free,0.8641377498971914,AI,1
Claude48,Free,Claude48-Free,0.7083946314663139,AI,1
Claude48,Free,Claude48-Free,0.960897900663507,AI,1
Claude48,Free,Claude48-Free,0.6759572955636973,AI,1
Claude48,Free,Claude48-Free,0.7722605715457447,AI,1
Claude48,Free,Claude48-Free,0.8949307466204962,AI,1
Claude48,Free,Claude48-Free,0.9653268617662666,AI,1
Claude48,Free,Claude48-Free,0.7636152774644026,AI,1
Claude48,Free,Claude48-Free,0.8322863214878833,AI,1
Claude48,Free,Claude48-Free,0.8721663938027663,AI,1
Claude48,Free,Claude48-Free,0.48466232919176516,AI,1
Claude48,Free,Claude48-Free,0.34260411519650186,AI,1
Claude48,Free,Claude48-Free,0.961996688346205,AI,1
Claude48,Free,Claude48-Free,0.37805313487761316,AI,1
Claude48,Free,Claude48-Free,0.7842839543858402,AI,1
Claude48,Free,Claude48-Free,0.9074024318017913,AI,1
Claude48,Free,Claude48-Free,0.817608252166676,AI,1
Claude48,Free,Claude48-Free,0.9530566215069007,AI,1
Claude48,Free,Claude48-Free,0.8448236662312459,AI,1
Claude48,Free,Claude48-Free,0.42942529535977997,AI,1
Claude48,Free,Claude48-Free,0.8638664844731083,AI,1
Claude48,Free,Claude48-Free,0.15183125928257804,AI,1
Claude48,Free,Claude48-Free,0.654099383573919,AI,1
Claude48,Free,Claude48-Free,0.7488465948247274,AI,1
Claude48,Free,Claude48-Free,0.48202899051568204,AI,1
Claude48,Free,Claude48-Free,0.744585496142059,AI,1
Claude48,Free,Claude48-Free,0.7207073018763737,AI,1
Claude48,Free,Claude48-Free,0.45665134278356745,AI,1
Claude48,Free,Claude48-Free,0.4384235720918168,AI,1
Claude48,Free,Claude48-Free,0.7801651554930688,AI,1
Claude48,Free,Claude48-Free,0.6328010242583629,AI,1
Claude48,Free,Claude48-Free,0.9539724476314168,AI,1
Claude48,Free,Claude48-Free,0.7869498917832399,AI,1
Claude48,Free,Claude48-Free,0.6522301007805622,AI,1
Claude48,Free,Claude48-Free,0.45944840002978377,AI,1
Claude48,Free,Claude48-Free,0.8621648145930125,AI,1
Claude48,Free,Claude48-Free,0.6121586673000672,AI,1
Claude48,Free,Claude48-Free,0.796592644425055,AI,1
Claude48,Free,Claude48-Free,0.801495606770536,AI,1
Claude48,Free,Claude48-Free,0.7460229708211498,AI,1
Claude48,Free,Claude48-Free,0.05698793548280335,AI,1
Claude48,Free,Claude48-Free,0.5814671028131535,AI,1
Claude48,Free,Claude48-Free,0.8813630048091581,AI,1
Claude48,Free,Claude48-Free,0.34743583784669513,AI,1
Claude48,Free,Claude48-Free,0.29515529249701683,AI,1
Claude48,Free,Claude48-Free,0.7590834136369825,AI,1
Claude48,Free,Claude48-Free,0.7356110998731802,AI,1
Claude48,Free,Claude48-Free,0.8941515619061893,AI,1
Claude48,Free,Claude48-Free,0.7583820127043103,AI,1
Claude48,Free,Claude48-Free,0.946691391425953,AI,1
Claude48,Free,Claude48-Free,0.683283200121754,AI,1
Claude48,Free,Claude48-Free,0.4815234919618089,AI,1
Claude48,Free,Claude48-Free,0.9429843254572636,AI,1
Claude48,Free,Claude48-Free,0.7242994082379557,AI,1
Claude48,Free,Claude48-Free,0.8997007108346744,AI,1
Claude48,Free,Claude48-Free,0.818175619505278,AI,1
Claude48,Free,Claude48-Free,0.9076949494182889,AI,1
Claude48,Free,Claude48-Free,0.633381222019768,AI,1
Claude48,Free,Claude48-Free,0.8533489918868493,AI,1
Claude48,Free,Claude48-Free,0.6513060944062835,AI,1
Claude48,Free,Claude48-Free,0.7346114606394087,AI,1
Claude48,Free,Claude48-Free,0.6831987652544823,AI,1
Claude48,Free,Claude48-Free,0.5211396380536458,AI,1
Claude48,Free,Claude48-Free,0.6850681953342973,AI,1
Claude48,Free,Claude48-Free,0.9336083748085781,AI,1
Claude48,Free,Claude48-Free,0.9614953533199558,AI,1
Claude48,Free,Claude48-Free,0.850943440543895,AI,1
Claude48,Free,Claude48-Free,0.8513513370483415,AI,1
Claude48,Free,Claude48-Free,0.9270546057607267,AI,1
Claude48,Free,Claude48-Free,0.9424693339524933,AI,1
Claude48,Free,Claude48-Free,0.8410036372138022,AI,1
Claude48,Free,Claude48-Free,0.8640367898624542,AI,1
Claude48,Free,Claude48-Free,0.4251918576888529,AI,1
Claude48,Free,Claude48-Free,0.6903759809173556,AI,1
Claude48,Free,Claude48-Free,0.9332498372050486,AI,1
Claude48,Free,Claude48-Free,0.4719520496765602,AI,1
Claude48,Free,Claude48-Free,0.8021281782913229,AI,1
Claude48,Free,Claude48-Free,0.445951624359849,AI,1
Claude48,Free,Claude48-Free,0.7928906313132928,AI,1
Claude48,Free,Claude48-Free,0.7903000967397743,AI,1
Claude48,Free,Claude48-Free,0.774672285441364,AI,1
Claude48,Free,Claude48-Free,0.5862550666830454,AI,1
Claude48,Free,Claude48-Free,0.4044746209891225,AI,1
Claude48,Free,Claude48-Free,0.9081857863417596,AI,1
Claude48,Free,Claude48-Free,0.7030689552869192,AI,1
Claude48,Free,Claude48-Free,0.32821928078492035,AI,1
Claude48,Free,Claude48-Free,0.9809021696591478,AI,1
Claude48,Free,Claude48-Free,0.7499917990955716,AI,1
Claude48,Free,Claude48-Free,0.4291496417973791,AI,1
Claude48,Free,Claude48-Free,0.7949538646421306,AI,1
Claude48,Free,Claude48-Free,0.8141551121015699,AI,1
Claude48,Free,Claude48-Free,0.9524508033363743,AI,1
Claude48,Free,Claude48-Free,0.9533628042869592,AI,1
Claude48,Free,Claude48-Free,0.3714837234783891,AI,1
Claude48,Free,Claude48-Free,0.2218577774030473,AI,1
Claude48,Free,Claude48-Free,0.7293922230299761,AI,1
Claude48,Free,Claude48-Free,0.5384016766756089,AI,1
Claude48,Free,Claude48-Free,0.6150880592813306,AI,1
Claude48,Free,Claude48-Free,0.9189003951007038,AI,1
Claude48,Free,Claude48-Free,0.9660702105382775,AI,1
Claude48,Free,Claude48-Free,0.3508733988420262,AI,1
Claude48,Free,Claude48-Free,0.527999154818525,AI,1
Claude48,Free,Claude48-Free,0.17602996240526608,AI,1
Claude48,Free,Claude48-Free,0.7892191954122785,AI,1
Claude48,Free,Claude48-Free,0.6289046143330828,AI,1
Claude48,Free,Claude48-Free,0.12456825826054188,AI,1
Claude48,Free,Claude48-Free,0.7657674877335465,AI,1
Claude48,Free,Claude48-Free,0.3191634128032035,AI,1
Claude48,Free,Claude48-Free,0.15211424320336914,AI,1
Claude48,Free,Claude48-Free,0.7522269272901448,AI,1
Claude48,Free,Claude48-Free,0.5352715650034141,AI,1
Claude48,Free,Claude48-Free,0.933369740725176,AI,1
Claude48,Free,Claude48-Free,0.7325639743647425,AI,1
Claude48,Free,Claude48-Free,0.35798285158259874,AI,1
Claude48,Free,Claude48-Free,0.03072654560122083,AI,1
Claude48,Free,Claude48-Free,0.3953749122800378,AI,1
Claude48,Free,Claude48-Free,0.4519544125125091,AI,1
Claude48,Free,Claude48-Free,0.15626467268627678,AI,1
Claude48,Free,Claude48-Free,0.2830617783064764,AI,1
Claude48,Free,Claude48-Free,0.1529403082636293,AI,1
Claude48,Free,Claude48-Free,0.09172123661519509,AI,1
Claude48,Free,Claude48-Free,0.0495825700834495,AI,1
Claude48,Free,Claude48-Free,0.2039474480788842,AI,1
Claude48,Free,Claude48-Free,0.9360311219894757,AI,1
Claude48,Free,Claude48-Free,0.05125446986277594,AI,1
Claude48,Free,Claude48-Free,0.8613185946449541,AI,1
Claude48,Free,Claude48-Free,0.5012085805949623,AI,1
Claude48,Free,Claude48-Free,0.5890438468625896,AI,1
Claude48,Free,Claude48-Free,0.40683131338271833,AI,1
Claude48,Free,Claude48-Free,0.6031101097925361,AI,1
Claude48,Free,Claude48-Free,0.5602132142538485,AI,1
Claude48,Free,Claude48-Free,0.7236301708696524,AI,1
Claude48,Free,Claude48-Free,0.4591387600289412,AI,1
Claude48,Free,Claude48-Free,0.3023533119334418,AI,1
Claude48,Free,Claude48-Free,0.7312066256083054,AI,1
Claude48,Free,Claude48-Free,0.9513699892228243,AI,1
Claude48,Free,Claude48-Free,0.666207006584656,AI,1
Claude48,Free,Claude48-Free,0.6233030054439115,AI,1
Claude48,Free,Claude48-Free,0.9236200279489291,AI,1
Claude48,Free,Claude48-Free,0.5698203128093224,AI,1
Claude48,Free,Claude48-Free,0.12675192347182496,AI,1
Claude48,Free,Claude48-Free,0.8746257412655792,AI,1
Claude48,Free,Claude48-Free,0.4610349889289478,AI,1
Claude48,Free,Claude48-Free,0.5016383137193424,AI,1
Claude48,Free,Claude48-Free,0.8110782951636122,AI,1
Claude48,Free,Claude48-Free,0.9315060167818854,AI,1
Claude48,Free,Claude48-Free,0.8494714292315365,AI,1
Claude48,Free,Claude48-Free,0.4586352329445866,AI,1
Claude48,Free,Claude48-Free,0.8997539711823199,AI,1
Claude48,Free,Claude48-Free,0.8724593583850493,AI,1
Claude48,Free,Claude48-Free,0.8343565000817506,AI,1
Claude48,Free,Claude48-Free,0.7041343919054293,AI,1
Claude48,Free,Claude48-Free,0.4152532117804114,AI,1
Claude48,Free,Claude48-Free,0.8335232126748782,AI,1
Claude48,Free,Claude48-Free,0.5666063189523997,AI,1
Claude48,Free,Claude48-Free,0.9244342311319144,AI,1
Claude48,Free,Claude48-Free,0.6433973407834732,AI,1
Claude48,Free,Claude48-Free,0.5229174822368612,AI,1
Claude48,Free,Claude48-Free,0.2216458750275164,AI,1
Claude48,Free,Claude48-Free,0.8112068975930682,AI,1
Claude48,Free,Claude48-Free,0.9200913620858749,AI,1
Claude48,Free,Claude48-Free,0.4865456741928514,AI,1
Claude48,Free,Claude48-Free,0.5276397453241106,AI,1
Claude48,Free,Claude48-Free,0.8750875142770012,AI,1
Claude48,Free,Claude48-Free,0.6272566088946874,AI,1
Claude48,Free,Claude48-Free,0.769600182304175,AI,1
Claude48,Free,Claude48-Free,0.5011805142306716,AI,1
Claude48,Free,Claude48-Free,0.3993769880128017,AI,1
Claude48,Free,Claude48-Free,0.5638814797101352,AI,1
Claude48,Free,Claude48-Free,0.5368306790573084,AI,1
Claude48,Free,Claude48-Free,0.9693283023270526,AI,1
Claude48,Free,Claude48-Free,0.6874465444568034,AI,1
Claude48,Free,Claude48-Free,0.93067628870457,AI,1
Claude48,Free,Claude48-Free,0.22266263399355946,AI,1
Claude48,Free,Claude48-Free,0.16423995173030415,AI,1
Claude48,Free,Claude48-Free,0.0720630779373033,AI,1
Claude48,Free,Claude48-Free,0.0025984232026585894,AI,1
Claude48,Free,Claude48-Free,0.0012471765797024388,AI,1
Claude48,Free,Claude48-Free,0.0027364796327140318,AI,1
Claude48,Free,Claude48-Free,0.0017052137010485054,AI,1
Claude48,Free,Claude48-Free,0.05792369146147571,AI,1
Claude48,Free,Claude48-Free,0.015859270547535092,AI,1
Claude48,Free,Claude48-Free,0.1889238188805232,AI,1
Claude48,Free,Claude48-Free,0.16131829638126258,AI,1
Claude48,Free,Claude48-Free,0.2348640865441184,AI,1
Claude48,Free,Claude48-Free,0.27928687013557457,AI,1
Claude48,Free,Claude48-Free,0.4086285061974726,AI,1
Claude48,Free,Claude48-Free,0.839729511516469,AI,1
Claude48,Free,Claude48-Free,0.046204070471771996,AI,1
Claude48,Free,Claude48-Free,0.28492238382588225,AI,1
Claude48,Free,Claude48-Free,0.1810374219715182,AI,1
Claude48,Free,Claude48-Free,0.19120313858216292,AI,1
Claude48,Free,Claude48-Free,0.019047782223302365,AI,1
Claude48,Free,Claude48-Free,0.21235724049281182,AI,1
Claude48,Free,Claude48-Free,0.300627841098928,AI,1
Claude48,Free,Claude48-Free,0.9021182978181197,AI,1
Claude48,Free,Claude48-Free,0.6099760496784209,AI,1
Claude48,Free,Claude48-Free,0.3652205560089981,AI,1
Claude48,Free,Claude48-Free,0.8484992366226174,AI,1
Claude48,Free,Claude48-Free,0.1418665518168763,AI,1
Claude48,Free,Claude48-Free,0.261420519849453,AI,1
Claude48,Free,Claude48-Free,0.5882806873904103,AI,1
Claude48,Free,Claude48-Free,0.5698423893653318,AI,1
Claude48,Free,Claude48-Free,0.6064960642026634,AI,1
Claude48,Free,Claude48-Free,0.4998515766139637,AI,1
Claude48,Free,Claude48-Free,0.7444722410311518,AI,1
Claude48,Free,Claude48-Free,0.8982918904210195,AI,1
Claude48,Free,Claude48-Free,0.8452724892684144,AI,1
Claude48,Free,Claude48-Free,0.0984803451862518,AI,1
Claude48,Free,Claude48-Free,0.10113221740549132,AI,1
Claude48,Free,Claude48-Free,0.48723488889537003,AI,1
Claude48,Free,Claude48-Free,0.5268932443131641,AI,1
Claude48,Free,Claude48-Free,0.7015996636772006,AI,1
Claude48,Free,Claude48-Free,0.6992993149223934,AI,1
Claude48,Free,Claude48-Free,0.15717570194278876,AI,1
Claude48,Free,Claude48-Free,0.38801976226789214,AI,1
Claude48,Free,Claude48-Free,0.3060817664738526,AI,1
Claude48,Free,Claude48-Free,0.5628781118291224,AI,1
Claude48,Free,Claude48-Free,0.666683191699469,AI,1
Claude48,Free,Claude48-Free,0.25085995984115844,AI,1
Claude48,Free,Claude48-Free,0.6846201502408075,AI,1
Claude48,Free,Claude48-Free,0.13597613002371764,AI,1
Claude48,Free,Claude48-Free,0.4875520840082219,AI,1
Claude48,Free,Claude48-Free,0.38428687593868865,AI,1
Claude48,Free,Claude48-Free,0.816270859539653,AI,1
Claude48,Free,Claude48-Free,0.0898611327751913,AI,1
Claude48,Free,Claude48-Free,0.35239880777874105,AI,1
Claude48,Free,Claude48-Free,0.26911839409760474,AI,1
Claude48,Free,Claude48-Free,0.31780658008147034,AI,1
Claude48,Free,Claude48-Free,0.15768363066889649,AI,1
Claude48,Free,Claude48-Free,0.3704924529050635,AI,1
Claude48,Free,Claude48-Free,0.6545157430496538,AI,1
Claude48,Free,Claude48-Free,0.09100812976501065,AI,1
Claude48,Free,Claude48-Free,0.09049496509925467,AI,1
Claude48,Free,Claude48-Free,0.4429216749692127,AI,1
Claude48,Free,Claude48-Free,0.560742067261467,AI,1
Claude48,Free,Claude48-Free,0.45099086013015316,AI,1
Claude48,Free,Claude48-Free,0.8584883777867558,AI,1
Claude48,Free,Claude48-Free,0.8714682739270351,AI,1
Claude48,Free,Claude48-Free,0.02878706555587828,AI,1
Claude48,Free,Claude48-Free,0.384019928351909,AI,1
Claude48,Free,Claude48-Free,0.6436471402108209,AI,1
Claude48,Free,Claude48-Free,0.8975052497555325,AI,1
Claude48,Free,Claude48-Free,0.5165918137468001,AI,1
Claude48,Free,Claude48-Free,0.3581481345965014,AI,1
Claude48,Free,Claude48-Free,0.4757654263483026,AI,1
Claude48,Free,Claude48-Free,0.6946226639403731,AI,1
Claude48,Free,Claude48-Free,0.9731383688958606,AI,1
Claude48,Free,Claude48-Free,0.8644788131713825,AI,1
Claude48,Free,Claude48-Free,0.3513385017199126,AI,1
Claude48,Free,Claude48-Free,0.4375201165534726,AI,1
Claude48,Free,Claude48-Free,0.6539301686960848,AI,1
Claude48,Free,Claude48-Free,0.7635690435177751,AI,1
Claude48,Free,Claude48-Free,0.7434099331663871,AI,1
Claude48,Free,Claude48-Free,0.30248589294218664,AI,1
Claude48,Free,Claude48-Free,0.3135203064015112,AI,1
Claude48,Free,Claude48-Free,0.8979788627922203,AI,1
Claude48,Free,Claude48-Free,0.9358754013487661,AI,1
Claude48,Free,Claude48-Free,0.5496169362477591,AI,1
Claude48,Free,Claude48-Free,0.4761108442892805,AI,1
Claude48,Free,Claude48-Free,0.21201251830824483,AI,1
Claude48,Free,Claude48-Free,0.39267701618744194,AI,1
Claude48,Free,Claude48-Free,0.2801113528644205,AI,1
Claude48,Free,Claude48-Free,0.8927440486045229,AI,1
Claude48,Free,Claude48-Free,0.2694339245425688,AI,1
Claude48,Free,Claude48-Free,0.3227685415500525,AI,1
Claude48,Free,Claude48-Free,0.6991887326891941,AI,1
Claude48,Free,Claude48-Free,0.5685646107067025,AI,1
Claude48,Free,Claude48-Free,0.44661527129892475,AI,1
Claude48,Free,Claude48-Free,0.14459914673719076,AI,1
Claude48,Free,Claude48-Free,0.0992868351924583,AI,1
Claude48,Free,Claude48-Free,0.8923030112808741,AI,1
Claude48,Free,Claude48-Free,0.6794548593274952,AI,1
Claude48,Free,Claude48-Free,0.7435929174330416,AI,1
Claude48,Free,Claude48-Free,0.7577038453672331,AI,1
Claude48,Free,Claude48-Free,0.7234093843891614,AI,1
Claude48,Free,Claude48-Free,0.017454713868508793,AI,1
Claude48,Free,Claude48-Free,0.737880683431378,AI,1
Claude48,Free,Claude48-Free,0.4713829041572742,AI,1
Claude48,Free,Claude48-Free,0.5052439199384734,AI,1
Claude48,Free,Claude48-Free,0.5171182571170555,AI,1
Claude48,Free,Claude48-Free,0.4094869393618837,AI,1
Claude48,Free,Claude48-Free,0.9109138368209687,AI,1
Claude48,Free,Claude48-Free,0.41248485461786016,AI,1
Claude48,Free,Claude48-Free,0.09985195190817577,AI,1
Claude48,Free,Claude48-Free,0.6173433848048722,AI,1
Claude48,Free,Claude48-Free,0.05906663079056623,AI,1
Claude48,Free,Claude48-Free,0.9165402091163612,AI,1
Claude48,Free,Claude48-Free,0.3832916826805809,AI,1
Claude48,Free,Claude48-Free,0.12494772141007965,AI,1
Claude48,Free,Claude48-Free,0.4951117015126877,AI,1
Claude48,Free,Claude48-Free,0.7808904934621016,AI,1
Claude48,Free,Claude48-Free,0.921507184796046,AI,1
Claude48,Free,Claude48-Free,0.7068260043215954,AI,1
Claude48,Free,Claude48-Free,0.37110303916616405,AI,1
Claude48,Free,Claude48-Free,0.1693272795215048,AI,1
Claude48,Free,Claude48-Free,0.7000407602901094,AI,1
Claude48,Free,Claude48-Free,0.30222532196056295,AI,1
Claude48,Free,Claude48-Free,0.5607076277119644,AI,1
Claude48,Free,Claude48-Free,0.5013516988468675,AI,1
Claude48,Free,Claude48-Free,0.49122168602986294,AI,1
Claude48,Free,Claude48-Free,0.3050768456647577,AI,1
Claude48,Free,Claude48-Free,0.2496213361720472,AI,1
Claude48,Free,Claude48-Free,0.9793639628518587,AI,1
Claude48,Free,Claude48-Free,0.2772496583577917,AI,1
Claude48,Free,Claude48-Free,0.5903563536413646,AI,1
Claude48,Free,Claude48-Free,0.48982103032069335,AI,1
Claude48,Free,Claude48-Free,0.4527873843256568,AI,1
Claude48,Free,Claude48-Free,0.23377106109293677,AI,1
Claude48,Free,Claude48-Free,0.38946736377748586,AI,1
Claude48,Free,Claude48-Free,0.5214819955493512,AI,1
Claude48,Free,Claude48-Free,0.6926911077379965,AI,1
Claude48,Free,Claude48-Free,0.15401789685235587,AI,1
Claude48,Free,Claude48-Free,0.5282807646898807,AI,1
Claude48,Free,Claude48-Free,0.6368101865311987,AI,1
Claude48,Free,Claude48-Free,0.9453944338234173,AI,1
Claude48,Free,Claude48-Free,0.3872655579892716,AI,1
Claude48,Free,Claude48-Free,0.7482789706272177,AI,1
Claude48,Free,Claude48-Free,0.43679904986373463,AI,1
Claude48,Free,Claude48-Free,0.08288398712703646,AI,1
Claude48,Free,Claude48-Free,0.16683286367349628,AI,1
Claude48,Free,Claude48-Free,0.2020681838781002,AI,1
Claude48,Free,Claude48-Free,0.7661963417075213,AI,1
Claude48,Free,Claude48-Free,0.21937509098907182,AI,1
Claude48,Free,Claude48-Free,0.12392675847651248,AI,1
Claude48,Free,Claude48-Free,0.1391341196663303,AI,1
Claude48,Free,Claude48-Free,0.07755192123160738,AI,1
Claude48,Free,Claude48-Free,0.18840059074797524,AI,1
Claude48,Free,Claude48-Free,0.3015585579018667,AI,1
Claude48,Free,Claude48-Free,0.4543055716606245,AI,1
Claude48,Free,Claude48-Free,0.46352964079798203,AI,1
Claude48,Free,Claude48-Free,0.25998819569982906,AI,1
Claude48,Free,Claude48-Free,0.6961662621466048,AI,1
Claude48,Free,Claude48-Free,0.2747646488518225,AI,1
Claude48,Free,Claude48-Free,0.5766102741683966,AI,1
Claude48,Free,Claude48-Free,0.5681648824341219,AI,1
Claude48,Free,Claude48-Free,0.8663021130701584,AI,1
Claude48,Free,Claude48-Free,0.8174345148948908,AI,1
Claude48,Free,Claude48-Free,0.9352044545309662,AI,1
Claude48,Free,Claude48-Free,0.8416014707537591,AI,1
Claude48,Free,Claude48-Free,0.556425711606281,AI,1
Claude48,Free,Claude48-Free,0.9890642721023163,AI,1
Claude48,Free,Claude48-Free,0.6044869091402211,AI,1
Claude48,Free,Claude48-Free,0.8616719100770222,AI,1
Claude48,Free,Claude48-Free,0.9307385265513303,AI,1
Claude48,Free,Claude48-Free,0.5362141331010454,AI,1
Claude48,Free,Claude48-Free,0.33707657304336464,AI,1
Claude48,Free,Claude48-Free,0.8930700168225051,AI,1
Claude48,Free,Claude48-Free,0.8160379442135994,AI,1
Claude48,Free,Claude48-Free,0.7817686074016958,AI,1
Claude48,Free,Claude48-Free,0.8132517538099348,AI,1
Claude48,Free,Claude48-Free,0.3822338873041259,AI,1
Claude48,Free,Claude48-Free,0.5246874103034079,AI,1
Claude48,Free,Claude48-Free,0.48488612000671344,AI,1
Claude48,Free,Claude48-Free,0.4870413613192691,AI,1
Claude48,Free,Claude48-Free,0.26091725669347043,AI,1
Claude48,Free,Claude48-Free,0.8322481137405887,AI,1
Claude48,Free,Claude48-Free,0.42501323513901834,AI,1
Claude48,Free,Claude48-Free,0.23896595289681696,AI,1
Claude48,Free,Claude48-Free,0.7568626954348726,AI,1
Claude48,Free,Claude48-Free,0.7548652913750153,AI,1
Claude48,Free,Claude48-Free,0.774234693472247,AI,1
Claude48,Free,Claude48-Free,0.41725536118376005,AI,1
Claude48,Free,Claude48-Free,0.7948360247285163,AI,1
Claude48,Free,Claude48-Free,0.4580800804730996,AI,1
Claude48,Free,Claude48-Free,0.5047771066357816,AI,1
Claude48,Free,Claude48-Free,0.8319212833970182,AI,1
Claude48,Free,Claude48-Free,0.9709409197030663,AI,1
Claude48,Free,Claude48-Free,0.24102234052921861,AI,1
Claude48,Free,Claude48-Free,0.4765906250253803,AI,1
Claude48,Free,Claude48-Free,0.9583284001825497,AI,1
Claude48,Free,Claude48-Free,0.7618115151780924,AI,1
Claude48,Free,Claude48-Free,0.3139284498733775,AI,1
Claude48,Free,Claude48-Free,0.5085388111468432,AI,1
Claude48,Free,Claude48-Free,0.10913061678826066,AI,1
Claude48,Free,Claude48-Free,0.4039128082815069,AI,1
Claude48,Free,Claude48-Free,0.7072501083598096,AI,1
Claude48,Free,Claude48-Free,0.18089732364441716,AI,1
Claude48,Free,Claude48-Free,0.7959345319512859,AI,1
Claude48,Free,Claude48-Free,0.3241740485239775,AI,1
Claude48,Free,Claude48-Free,0.14670701221233368,AI,1
Claude48,Free,Claude48-Free,0.6874643710271783,AI,1
Claude48,Free,Claude48-Free,0.20244129379305073,AI,1
Claude48,Free,Claude48-Free,0.7314925415862679,AI,1
Claude48,Free,Claude48-Free,0.2143278652070186,AI,1
Claude48,Free,Claude48-Free,0.8699490918081512,AI,1
Claude48,Free,Claude48-Free,0.21360502242979018,AI,1
Claude48,Free,Claude48-Free,0.32524661545360206,AI,1
Claude48,Free,Claude48-Free,0.7773810100384219,AI,1
Claude48,Free,Claude48-Free,0.8891550404170154,AI,1
Claude48,Free,Claude48-Free,0.7170197138788793,AI,1
Claude48,Free,Claude48-Free,0.8829834038964666,AI,1
Claude48,Free,Claude48-Free,0.2788098975466762,AI,1
Claude48,Free,Claude48-Free,0.8937464752756141,AI,1
Claude48,Free,Claude48-Free,0.7790452708389669,AI,1
Claude48,Free,Claude48-Free,0.9831462670984066,AI,1
Claude48,Free,Claude48-Free,0.5132945161253301,AI,1
Claude48,Free,Claude48-Free,0.40483802155516474,AI,1
Claude48,Free,Claude48-Free,0.8017885953008872,AI,1
Claude48,Free,Claude48-Free,0.7990505530430643,AI,1
Claude48,Free,Claude48-Free,0.2938499702917199,AI,1
Claude48,Free,Claude48-Free,0.21191345206052534,AI,1
Claude48,Free,Claude48-Free,0.2796270760857601,AI,1
Claude48,Free,Claude48-Free,0.8345893252772459,AI,1
Claude48,Free,Claude48-Free,0.6052546102594119,AI,1
Claude48,Free,Claude48-Free,0.22605828356562435,AI,1
Claude48,Free,Claude48-Free,0.8827286596996589,AI,1
Claude48,Free,Claude48-Free,0.7450125231703355,AI,1
Claude48,Free,Claude48-Free,0.9238100593827022,AI,1
Claude48,Free,Claude48-Free,0.7740069174376601,AI,1
Claude48,Free,Claude48-Free,0.7025349097236704,AI,1
Claude48,Free,Claude48-Free,0.725423273660128,AI,1
Claude48,Free,Claude48-Free,0.818911091795035,AI,1
Claude48,Free,Claude48-Free,0.9149201723065253,AI,1
Claude48,Free,Claude48-Free,0.4032249437405209,AI,1
Claude48,Free,Claude48-Free,0.8592515499931386,AI,1
Claude48,Free,Claude48-Free,0.47648620607466957,AI,1
Claude48,Free,Claude48-Free,0.5764505390739282,AI,1
Claude48,Free,Claude48-Free,0.2657945096660245,AI,1
Claude48,Free,Claude48-Free,0.8519728987390885,AI,1
Claude48,Free,Claude48-Free,0.34848880665728327,AI,1
Claude48,Free,Claude48-Free,0.7793586054052376,AI,1
Claude48,Free,Claude48-Free,0.956456665951812,AI,1
Claude48,Free,Claude48-Free,0.8743657246931713,AI,1
Claude48,Free,Claude48-Free,0.8843563234547771,AI,1
Claude48,Free,Claude48-Free,0.8295994228499478,AI,1
Claude48,Free,Claude48-Free,0.6857779860577318,AI,1
Claude48,Free,Claude48-Free,0.7365392839860662,AI,1
Claude48,Free,Claude48-Free,0.6176646410601475,AI,1
Claude48,Free,Claude48-Free,0.48910053180810337,AI,1
Claude48,Free,Claude48-Free,0.8843424644738204,AI,1
Claude48,Free,Claude48-Free,0.6978420113315524,AI,1
Claude48,Free,Claude48-Free,0.8146589096968807,AI,1
Claude48,Free,Claude48-Free,0.7786707034569468,AI,1
Claude48,Free,Claude48-Free,0.09624044244378697,AI,1
Claude48,Free,Claude48-Free,0.4686376600351517,AI,1
Claude48,Free,Claude48-Free,0.18613859370151975,AI,1
Claude48,Free,Claude48-Free,0.4364626061692132,AI,1
Claude48,Free,Claude48-Free,0.8145954660435528,AI,1
Claude48,Free,Claude48-Free,0.2062369803271177,AI,1
Claude48,Free,Claude48-Free,0.6831979941458047,AI,1
Claude48,Free,Claude48-Free,0.47931963074848777,AI,1
Claude48,Free,Claude48-Free,0.9715376109486505,AI,1
Claude48,Free,Claude48-Free,0.45681104142700385,AI,1
Claude48,Free,Claude48-Free,0.8063082699829847,AI,1
Claude48,Free,Claude48-Free,0.5637355605504589,AI,1
Claude48,Free,Claude48-Free,0.811373493356297,AI,1
Claude48,Free,Claude48-Free,0.611991295966785,AI,1
Claude48,Free,Claude48-Free,0.6194950247678432,AI,1
Claude48,Free,Claude48-Free,0.16174698715713168,AI,1
Claude48,Free,Claude48-Free,0.31856182546432793,AI,1
Claude48,Free,Claude48-Free,0.1864596440029403,AI,1
Claude48,Free,Claude48-Free,0.34949491142889544,AI,1
Claude48,Free,Claude48-Free,0.7600191302054696,AI,1
Claude48,Free,Claude48-Free,0.7695854670729039,AI,1
Claude48,Free,Claude48-Free,0.47656154810184875,AI,1
Claude48,Free,Claude48-Free,0.17989357738541886,AI,1
Claude48,Free,Claude48-Free,0.7732356774196582,AI,1
Claude48,Free,Claude48-Free,0.43705304746028695,AI,1
Claude48,Free,Claude48-Free,0.5851299130948826,AI,1
Claude48,Free,Claude48-Free,0.6784365726421175,AI,1
Claude48,Free,Claude48-Free,0.8747345448526146,AI,1
Claude48,Free,Claude48-Free,0.3541162269693611,AI,1
Claude48,Free,Claude48-Free,0.2801680335874105,AI,1
Claude48,Free,Claude48-Free,0.6259845524453266,AI,1
Claude48,Free,Claude48-Free,0.7285124472066221,AI,1
Claude48,Free,Claude48-Free,0.3931237408639184,AI,1
Claude48,Free,Claude48-Free,0.4950395559360916,AI,1
Claude48,Free,Claude48-Free,0.8962910687429095,AI,1
Claude48,Free,Claude48-Free,0.8089626411388213,AI,1
Claude48,Free,Claude48-Free,0.8110511089656328,AI,1
Claude48,Free,Claude48-Free,0.5539471713916352,AI,1
Claude48,Free,Claude48-Free,0.989201695808293,AI,1
Claude48,Free,Claude48-Free,0.7690007324593218,AI,1
Claude48,Free,Claude48-Free,0.9155706076972682,AI,1
Claude48,Free,Claude48-Free,0.2752294196945431,AI,1
Claude48,Free,Claude48-Free,0.6626781671342867,AI,1
Claude48,Free,Claude48-Free,0.38242960574120083,AI,1
Claude48,Free,Claude48-Free,0.6667480783987839,AI,1
Claude48,Free,Claude48-Free,0.5903649478683209,AI,1
Claude48,Free,Claude48-Free,0.550957576149984,AI,1
Claude48,Free,Claude48-Free,0.4942222087378157,AI,1
Claude48,Free,Claude48-Free,0.5321644367353273,AI,1
Claude48,Free,Claude48-Free,0.49612128083263546,AI,1
Claude48,Free,Claude48-Free,0.813740562968939,AI,1
Claude48,Free,Claude48-Free,0.6911926800552166,AI,1
Claude48,Free,Claude48-Free,0.7811993983421041,AI,1
Claude48,Free,Claude48-Free,0.8060214998271932,AI,1
Claude48,Free,Claude48-Free,0.16506331044247918,AI,1
Claude48,Free,Claude48-Free,0.950866282135426,AI,1
Claude48,Free,Claude48-Free,0.8713224054005106,AI,1
Claude48,Free,Claude48-Free,0.9910396731871324,AI,1
Claude48,Free,Claude48-Free,0.9050520853252161,AI,1
Claude48,Free,Claude48-Free,0.3393427570266531,AI,1
Claude48,Free,Claude48-Free,0.8157508110311471,AI,1
Claude48,Free,Claude48-Free,0.9411827944236996,AI,1
Claude48,Free,Claude48-Free,0.5321694685704824,AI,1
Claude48,Free,Claude48-Free,0.3133896447757699,AI,1
Claude48,Free,Claude48-Free,0.8145123649838736,AI,1
Claude48,Free,Claude48-Free,0.7142666194782439,AI,1
Claude48,Free,Claude48-Free,0.7582106049043044,AI,1
Claude48,Free,Claude48-Free,0.669202205829617,AI,1
Claude48,Free,Claude48-Free,0.594101975863988,AI,1
Claude48,Free,Claude48-Free,0.8836350246948984,AI,1
Claude48,Free,Claude48-Free,0.9123491497593444,AI,1
Claude48,Free,Claude48-Free,0.7304658509704824,AI,1
Claude48,Free,Claude48-Free,0.35929915590211686,AI,1
Claude48,Free,Claude48-Free,0.7181992382157975,AI,1
Claude48,Free,Claude48-Free,0.43874570097632415,AI,1
Claude48,Free,Claude48-Free,0.6945377557590005,AI,1
Claude48,Free,Claude48-Free,0.44038738106374176,AI,1
Claude48,Free,Claude48-Free,0.8000586069170716,AI,1
Claude48,Free,Claude48-Free,0.5498950566998531,AI,1
Claude48,Free,Claude48-Free,0.8904705618453155,AI,1
Claude48,Free,Claude48-Free,0.9274069699876133,AI,1
Claude48,Free,Claude48-Free,0.7700845129074628,AI,1
Claude48,Free,Claude48-Free,0.5594633976823187,AI,1
Claude48,Free,Claude48-Free,0.7533262853763134,AI,1
Claude48,Free,Claude48-Free,0.24143887880714754,AI,1
Claude48,Free,Claude48-Free,0.8262473214789092,AI,1
Claude48,Free,Claude48-Free,0.41268535070551654,AI,1
Claude48,Free,Claude48-Free,0.616138704304975,AI,1
Claude48,Free,Claude48-Free,0.6148511138127155,AI,1
Claude48,Free,Claude48-Free,0.8191954207864626,AI,1
Claude48,Free,Claude48-Free,0.8634455353017492,AI,1
Claude48,Free,Claude48-Free,0.09849859344246226,AI,1
Claude48,Free,Claude48-Free,0.7543521529132102,AI,1
Claude48,Free,Claude48-Free,0.3105960415664987,AI,1
Claude48,Free,Claude48-Free,0.1536077466253461,AI,1
Claude48,Free,Claude48-Free,0.6145172984330791,AI,1
Claude48,Free,Claude48-Free,0.6633890077900035,AI,1
Claude48,Free,Claude48-Free,0.4606185447212132,AI,1
Claude48,Free,Claude48-Free,0.48409565048084263,AI,1
Claude48,Free,Claude48-Free,0.680230096640676,AI,1
Claude48,Free,Claude48-Free,0.9015809341477128,AI,1
Claude48,Free,Claude48-Free,0.1425667527446985,AI,1
Claude48,Free,Claude48-Free,0.5833965749306588,AI,1
Claude48,Free,Claude48-Free,0.6026673612786131,AI,1
Claude48,Free,Claude48-Free,0.4058892889431027,AI,1
Claude48,Free,Claude48-Free,0.880228969029059,AI,1
Claude48,Free,Claude48-Free,0.48128902709303434,AI,1
Claude48,Free,Claude48-Free,0.43211180493260865,AI,1
Claude48,Free,Claude48-Free,0.2823843210860068,AI,1
Claude48,Free,Claude48-Free,0.6749065676422821,AI,1
Claude48,Free,Claude48-Free,0.2904248548055302,AI,1
Claude48,Free,Claude48-Free,0.8533531042039586,AI,1
Claude48,Free,Claude48-Free,0.7422848572338334,AI,1
Claude48,Free,Claude48-Free,0.7833943158693918,AI,1
Claude48,Free,Claude48-Free,0.6823233562450213,AI,1
Claude48,Free,Claude48-Free,0.8728227270117626,AI,1
Claude48,Free,Claude48-Free,0.7770071191799766,AI,1
Claude48,Free,Claude48-Free,0.7298934953153874,AI,1
Claude48,Free,Claude48-Free,0.6229104434490192,AI,1
Claude48,Free,Claude48-Free,0.6172096192023163,AI,1
Claude48,Free,Claude48-Free,0.751819650678477,AI,1
Claude48,Free,Claude48-Free,0.8069479342952021,AI,1
Claude48,Free,Claude48-Free,0.5871191013980066,AI,1
Claude48,Free,Claude48-Free,0.5863021855052728,AI,1
Claude48,Free,Claude48-Free,0.6139758514968543,AI,1
Claude48,Free,Claude48-Free,0.6608549422965371,AI,1
Claude48,Free,Claude48-Free,0.7349523444400864,AI,1
Claude48,Free,Claude48-Free,0.8211027039120359,AI,1
Claude48,Free,Claude48-Free,0.5187125618481483,AI,1
Claude48,Free,Claude48-Free,0.48014605522409937,AI,1
Claude48,Free,Claude48-Free,0.6546797687819004,AI,1
Claude48,Free,Claude48-Free,0.8627734614443987,AI,1
Claude48,Free,Claude48-Free,0.46477902053038933,AI,1
Claude48,Free,Claude48-Free,0.9420702151845415,AI,1
Claude48,Free,Claude48-Free,0.7219331571749945,AI,1
Claude48,Free,Claude48-Free,0.6147252282211708,AI,1
Claude48,Free,Claude48-Free,0.8516259843514432,AI,1
Claude48,Free,Claude48-Free,0.594106487715651,AI,1
Claude48,Free,Claude48-Free,0.8827830857608692,AI,1
Claude48,Free,Claude48-Free,0.6535763912174783,AI,1
Claude48,Free,Claude48-Free,0.7819294898240396,AI,1
Claude48,Free,Claude48-Free,0.649965683510327,AI,1
Claude48,Free,Claude48-Free,0.7799594448766721,AI,1
Claude48,Free,Claude48-Free,0.4852559157208496,AI,1
Claude48,Free,Claude48-Free,0.5046760266702367,AI,1
Claude48,Free,Claude48-Free,0.6921582529393073,AI,1
Claude48,Free,Claude48-Free,0.6124460065439506,AI,1
Claude48,Free,Claude48-Free,0.6141579352898849,AI,1
Claude48,Free,Claude48-Free,0.832567899796783,AI,1
Claude48,Free,Claude48-Free,0.8533892193741376,AI,1
Claude48,Free,Claude48-Free,0.8448061027521174,AI,1
Claude48,Free,Claude48-Free,0.7005216659736737,AI,1
Claude48,Free,Claude48-Free,0.3067838996080172,AI,1
Claude48,Free,Claude48-Free,0.47560021324461765,AI,1
Claude48,Free,Claude48-Free,0.4491465901531308,AI,1
Claude48,Free,Claude48-Free,0.30911689395698627,AI,1
Claude48,Free,Claude48-Free,0.09995866025886448,AI,1
Claude48,Free,Claude48-Free,0.42621563153303305,AI,1
Claude48,Free,Claude48-Free,0.18820858756749212,AI,1
Claude48,Free,Claude48-Free,0.6632585491492935,AI,1
Claude48,Free,Claude48-Free,0.9778377767760124,AI,1
Claude48,Free,Claude48-Free,0.6752227671062211,AI,1
Claude48,Free,Claude48-Free,0.31046351693013197,AI,1
Claude48,Free,Claude48-Free,0.7066091447337249,AI,1
Claude48,Free,Claude48-Free,0.7909089832500672,AI,1
Claude48,Free,Claude48-Free,0.7903719899202407,AI,1
Claude48,Free,Claude48-Free,0.2790541292424941,AI,1
Claude48,Free,Claude48-Free,0.7734299853083335,AI,1
Claude48,Free,Claude48-Free,0.7100355541969093,AI,1
Claude48,Free,Claude48-Free,0.4243358312507653,AI,1
Claude48,Free,Claude48-Free,0.8122152574546985,AI,1
Claude48,Free,Claude48-Free,0.4026307332819249,AI,1
Claude48,Free,Claude48-Free,0.8745669473431046,AI,1
Claude48,Free,Claude48-Free,0.9168207017632027,AI,1
Claude48,Free,Claude48-Free,0.8260719250100486,AI,1
Claude48,Free,Claude48-Free,0.9169187269196628,AI,1
Claude48,Free,Claude48-Free,0.20204520340429674,AI,1
Claude48,Free,Claude48-Free,0.6866895567595661,AI,1
Claude48,Free,Claude48-Free,0.8170551531653919,AI,1
Claude48,Free,Claude48-Free,0.7165910086267482,AI,1
Claude48,Free,Claude48-Free,0.866223076344408,AI,1
Claude48,Free,Claude48-Free,0.7656079827761183,AI,1
Claude48,Free,Claude48-Free,0.615959189590923,AI,1
Claude48,Free,Claude48-Free,0.6518212924223898,AI,1
Claude48,Free,Claude48-Free,0.9304186591931624,AI,1
Claude48,Free,Claude48-Free,0.9337286920050425,AI,1
Claude48,Free,Claude48-Free,0.8151747072104804,AI,1
Claude48,Free,Claude48-Free,0.8199083714232628,AI,1
Claude48,Free,Claude48-Free,0.971609057895437,AI,1
Claude48,Free,Claude48-Free,0.8839762602159121,AI,1
Claude48,Free,Claude48-Free,0.28825447366360885,AI,1
Claude48,Free,Claude48-Free,0.6278026045319555,AI,1
Claude48,Free,Claude48-Free,0.4837511020132407,AI,1
Claude48,Free,Claude48-Free,0.4780153001022062,AI,1
Claude48,Free,Claude48-Free,0.44193577690694036,AI,1
Claude48,Free,Claude48-Free,0.5528064875295394,AI,1
Claude48,Free,Claude48-Free,0.19082950648014033,AI,1
Claude48,Free,Claude48-Free,0.563613696841681,AI,1
Claude48,Free,Claude48-Free,0.4609877596095629,AI,1
Claude48,Free,Claude48-Free,0.3170032042244863,AI,1
Claude48,Free,Claude48-Free,0.608922629474523,AI,1
Claude48,Free,Claude48-Free,0.7541257601894472,AI,1
Claude48,Free,Claude48-Free,0.5269138357852415,AI,1
Claude48,Free,Claude48-Free,0.6651660695740227,AI,1
Claude48,Free,Claude48-Free,0.5818469409752255,AI,1
Claude48,Free,Claude48-Free,0.605889009192873,AI,1
Claude48,Free,Claude48-Free,0.4911728407931224,AI,1
Claude48,Free,Claude48-Free,0.6735963856025523,AI,1
Claude48,Free,Claude48-Free,0.8407624933546402,AI,1
Claude48,Free,Claude48-Free,0.2930046349665484,AI,1
Claude48,Free,Claude48-Free,0.6867923136075154,AI,1
Claude48,Free,Claude48-Free,0.5491051095811821,AI,1
Claude48,Free,Claude48-Free,0.7377727935858951,AI,1
Claude48,Free,Claude48-Free,0.7480470428532687,AI,1
Claude48,Free,Claude48-Free,0.58551521824668,AI,1
Claude48,Free,Claude48-Free,0.260755340893918,AI,1
Claude48,Free,Claude48-Free,0.5725568920225794,AI,1
Claude48,Free,Claude48-Free,0.9410361225223679,AI,1
Claude48,Free,Claude48-Free,0.8485191808625877,AI,1
Claude48,Free,Claude48-Free,0.7576109561034812,AI,1
Claude48,Free,Claude48-Free,0.7511115596408525,AI,1
Claude48,Free,Claude48-Free,0.5790431325063584,AI,1
Claude48,Free,Claude48-Free,0.7194714771506557,AI,1
Claude48,Free,Claude48-Free,0.8004801986586313,AI,1
Claude48,Free,Claude48-Free,0.8846690036246346,AI,1
Claude48,Free,Claude48-Free,0.5012473081620169,AI,1
Claude48,Free,Claude48-Free,0.7185705989603833,AI,1
Claude48,Free,Claude48-Free,0.19541992120629406,AI,1
Claude48,Free,Claude48-Free,0.6069736986406173,AI,1
Claude48,Free,Claude48-Free,0.3591826732834018,AI,1
Claude48,Free,Claude48-Free,0.8717567934856388,AI,1
Claude48,Free,Claude48-Free,0.7029619180283095,AI,1
Claude48,Free,Claude48-Free,0.830247840887132,AI,1
Claude48,Free,Claude48-Free,0.1786937890721328,AI,1
Claude48,Free,Claude48-Free,0.7034485182506011,AI,1
Claude48,Free,Claude48-Free,0.5908039716430326,AI,1
Claude48,Free,Claude48-Free,0.3197894666335209,AI,1
Claude48,Free,Claude48-Free,0.7176977881124795,AI,1
Claude48,Free,Claude48-Free,0.37341953237109116,AI,1
Claude48,Free,Claude48-Free,0.8301582436450967,AI,1
Claude48,Free,Claude48-Free,0.6415469133209273,AI,1
Claude48,Free,Claude48-Free,0.4708154076987226,AI,1
Claude48,Free,Claude48-Free,0.21830471944617694,AI,1
Claude48,Free,Claude48-Free,0.5517985900987711,AI,1
Claude48,Free,Claude48-Free,0.9418701986007816,AI,1
Claude48,Free,Claude48-Free,0.815342595303785,AI,1
Claude48,Free,Claude48-Free,0.21153506214627474,AI,1
Claude48,Free,Claude48-Free,0.5016897121764103,AI,1
Claude48,Free,Claude48-Free,0.45307498266043,AI,1
Claude48,Free,Claude48-Free,0.48394046397987206,AI,1
Claude48,Free,Claude48-Free,0.8205003726398794,AI,1
Claude48,Free,Claude48-Free,0.38888765275028003,AI,1
Claude48,Free,Claude48-Free,0.46183716740581443,AI,1
Claude48,Free,Claude48-Free,0.8038906601352426,AI,1
Claude48,Free,Claude48-Free,0.6482821634365284,AI,1
Claude48,Free,Claude48-Free,0.512039111240499,AI,1
Claude48,Free,Claude48-Free,0.27399393438093356,AI,1
Claude48,Free,Claude48-Free,0.6275681918346305,AI,1
Claude48,Free,Claude48-Free,0.7128105425749449,AI,1
Claude48,Free,Claude48-Free,0.21717156123775103,AI,1
Claude48,Free,Claude48-Free,0.5441470085525522,AI,1
Claude48,Free,Claude48-Free,0.8168942318235949,AI,1
Claude48,Free,Claude48-Free,0.8640320445033607,AI,1
Claude48,Free,Claude48-Free,0.538679115516361,AI,1
Claude48,Free,Claude48-Free,0.5717481046908669,AI,1
Claude48,Free,Claude48-Free,0.4533884572100589,AI,1
Claude48,Free,Claude48-Free,0.6110210946141844,AI,1
Claude48,Free,Claude48-Free,0.3526193478154949,AI,1
Claude48,Free,Claude48-Free,0.5705659821483745,AI,1
Claude48,Free,Claude48-Free,0.31308852475325355,AI,1
Claude48,Free,Claude48-Free,0.745993697175602,AI,1
Claude48,Free,Claude48-Free,0.5896841634268585,AI,1
Claude48,Free,Claude48-Free,0.9202232731256035,AI,1
Claude48,Free,Claude48-Free,0.8864978107847877,AI,1
Claude48,Free,Claude48-Free,0.3690644965353321,AI,1
Claude48,Free,Claude48-Free,0.8306364255030056,AI,1
Claude48,Free,Claude48-Free,0.6689339686441412,AI,1
Claude48,Free,Claude48-Free,0.6013566753916665,AI,1
Claude48,Free,Claude48-Free,0.33274702384081634,AI,1
Claude48,Free,Claude48-Free,0.8987798906479049,AI,1
Claude48,Free,Claude48-Free,0.6051786201676655,AI,1
Claude48,Free,Claude48-Free,0.339154456902821,AI,1
Claude48,Free,Claude48-Free,0.6533419131079378,AI,1
Claude48,Free,Claude48-Free,0.62264427975722,AI,1
Claude48,Free,Claude48-Free,0.8668693361761809,AI,1
Claude48,Free,Claude48-Free,0.9462690805866816,AI,1
Claude48,Free,Claude48-Free,0.6979960719615562,AI,1
Claude48,Free,Claude48-Free,0.4861103489623289,AI,1
Claude48,Free,Claude48-Free,0.24526987694890845,AI,1
Claude48,Free,Claude48-Free,0.3005475219284011,AI,1
Claude48,Free,Claude48-Free,0.5358654342536041,AI,1
Claude48,Free,Claude48-Free,0.39539778632446754,AI,1
Claude48,Free,Claude48-Free,0.5960779994926763,AI,1
Claude48,Free,Claude48-Free,0.6554294633606922,AI,1
Claude48,Free,Claude48-Free,0.8165161434683237,AI,1
Claude48,Free,Claude48-Free,0.1952967572515566,AI,1
Claude48,Free,Claude48-Free,0.7529518050288555,AI,1
Claude48,Free,Claude48-Free,0.20871126786045066,AI,1
Claude48,Free,Claude48-Free,0.249454803230423,AI,1
Claude48,Free,Claude48-Free,0.5872968911352119,AI,1
Claude48,Free,Claude48-Free,0.5774560147412807,AI,1
Claude48,Free,Claude48-Free,0.8055883847687386,AI,1
Claude48,Free,Claude48-Free,0.5318519949279306,AI,1
Claude48,Free,Claude48-Free,0.5764503712398853,AI,1
Claude48,Free,Claude48-Free,0.7099198238709757,AI,1
Claude48,Free,Claude48-Free,0.4742050868600508,AI,1
Claude48,Free,Claude48-Free,0.5071334469637728,AI,1
Claude48,Free,Claude48-Free,0.33870724450056217,AI,1
Claude48,Free,Claude48-Free,0.6543733753473729,AI,1
Claude48,Free,Claude48-Free,0.5536830193931588,AI,1
Claude48,Free,Claude48-Free,0.5043381466074417,AI,1
Claude48,Free,Claude48-Free,0.6111874320183778,AI,1
Claude48,Free,Claude48-Free,0.07517724419977807,AI,1
Claude48,Free,Claude48-Free,0.45028900324672316,AI,1
Claude48,Free,Claude48-Free,0.4978650801649172,AI,1
Claude48,Free,Claude48-Free,0.9515125035424692,AI,1
Claude48,Free,Claude48-Free,0.6681071929750045,AI,1
Claude48,Free,Claude48-Free,0.6488275351432086,AI,1
Claude48,Free,Claude48-Free,0.5455474010287549,AI,1
Claude48,Free,Claude48-Free,0.5392139353621417,AI,1
Claude48,Free,Claude48-Free,0.4578936812001144,AI,1
Claude48,Free,Claude48-Free,0.3279668774001897,AI,1
Claude48,Free,Claude48-Free,0.6637662162610726,AI,1
Claude48,Free,Claude48-Free,0.6249913335620728,AI,1
Claude48,Free,Claude48-Free,0.7101828958775683,AI,1
Claude48,Free,Claude48-Free,0.26888161511175546,AI,1
Claude48,Free,Claude48-Free,0.5168582237018372,AI,1
Claude48,Free,Claude48-Free,0.5767089483597777,AI,1
Claude48,Free,Claude48-Free,0.14633667572494452,AI,1
Claude48,Free,Claude48-Free,0.6073793691019483,AI,1
Claude48,Free,Claude48-Free,0.32382257861580904,AI,1
Claude48,Free,Claude48-Free,0.49012225311851143,AI,1
Claude48,Free,Claude48-Free,0.3773428684731898,AI,1
Claude48,Free,Claude48-Free,0.9188835242134303,AI,1
Claude48,Free,Claude48-Free,0.8476179108137673,AI,1
Claude48,Free,Claude48-Free,0.7829304671128917,AI,1
Claude48,Free,Claude48-Free,0.4571058141017566,AI,1
Claude48,Free,Claude48-Free,0.8215007665212287,AI,1
Claude48,Free,Claude48-Free,0.8434910142882052,AI,1
Claude48,Free,Claude48-Free,0.5852571295306693,AI,1
Claude48,Free,Claude48-Free,0.675544198928864,AI,1
Claude48,Free,Claude48-Free,0.6864351319235545,AI,1
Claude48,Free,Claude48-Free,0.8938571179363285,AI,1
Claude48,Free,Claude48-Free,0.5123672780120406,AI,1
Claude48,Free,Claude48-Free,0.9007433252509264,AI,1
Claude48,Free,Claude48-Free,0.9422365510406554,AI,1
Claude48,Free,Claude48-Free,0.7542729773022251,AI,1
Claude48,Free,Claude48-Free,0.7549697230518666,AI,1
Claude48,Free,Claude48-Free,0.8755638815851223,AI,1
Claude48,Free,Claude48-Free,0.8691970229649753,AI,1
Claude48,Free,Claude48-Free,0.7205661432295342,AI,1
Claude48,Free,Claude48-Free,0.8113536021548164,AI,1
Claude48,Free,Claude48-Free,0.9654264628238461,AI,1
Claude48,Free,Claude48-Free,0.9414098418031875,AI,1
Claude48,Free,Claude48-Free,0.6968491038465967,AI,1
Claude48,Free,Claude48-Free,0.9014211743039442,AI,1
Claude48,Free,Claude48-Free,0.5047739977739999,AI,1
Claude48,Free,Claude48-Free,0.7587734769610907,AI,1
Claude48,Free,Claude48-Free,0.8430180761369671,AI,1
Claude48,Free,Claude48-Free,0.9282935292911741,AI,1
Claude48,Free,Claude48-Free,0.9468921556364375,AI,1
Claude48,Free,Claude48-Free,0.6399510541823746,AI,1
Claude48,Free,Claude48-Free,0.8924002342019519,AI,1
Claude48,Free,Claude48-Free,0.8551615019613242,AI,1
Claude48,Free,Claude48-Free,0.9493587306027049,AI,1
Claude48,Free,Claude48-Free,0.5758320489917053,AI,1
Claude48,Free,Claude48-Free,0.6814266378868905,AI,1
Claude48,Free,Claude48-Free,0.826659023473383,AI,1
Claude48,Free,Claude48-Free,0.48999343682643326,AI,1
Claude48,Free,Claude48-Free,0.7422892330700168,AI,1
Claude48,Free,Claude48-Free,0.6049763397604057,AI,1
Claude48,Free,Claude48-Free,0.7684740562638217,AI,1
Claude48,Free,Claude48-Free,0.9933962053838873,AI,1
Claude48,Restricted,Claude48-Restricted,0.5068619498160635,Human,0
Claude48,Restricted,Claude48-Restricted,0.5084897995441381,Human,0
Claude48,Restricted,Claude48-Restricted,0.5026803875792101,Human,0
Claude48,Restricted,Claude48-Restricted,0.4369267311048557,Human,0
Claude48,Restricted,Claude48-Restricted,0.46615777707094913,Human,0
Claude48,Restricted,Claude48-Restricted,0.4909768808582777,Human,0
Claude48,Restricted,Claude48-Restricted,0.522604142579094,Human,0
Claude48,Restricted,Claude48-Restricted,0.5533017763826577,Human,0
Claude48,Restricted,Claude48-Restricted,0.5535313521970756,Human,0
Claude48,Restricted,Claude48-Restricted,0.48430035256510967,Human,0
Claude48,Restricted,Claude48-Restricted,0.48442905670813274,Human,0
Claude48,Restricted,Claude48-Restricted,0.4741379776946823,Human,0
Claude48,Restricted,Claude48-Restricted,0.5286750734957275,Human,0
Claude48,Restricted,Claude48-Restricted,0.4632738653217587,Human,0
Claude48,Restricted,Claude48-Restricted,0.5326986424600876,Human,0
Claude48,Restricted,Claude48-Restricted,0.5519763688477279,Human,0
Claude48,Restricted,Claude48-Restricted,0.49872210061911715,Human,0
Claude48,Restricted,Claude48-Restricted,0.4500985801452028,Human,0
Claude48,Restricted,Claude48-Restricted,0.5356310017561959,Human,0
Claude48,Restricted,Claude48-Restricted,0.4560030348538732,Human,0
Claude48,Restricted,Claude48-Restricted,0.48702336521274153,Human,0
Claude48,Restricted,Claude48-Restricted,0.46798443947294877,Human,0
Claude48,Restricted,Claude48-Restricted,0.45905985684545164,Human,0
Claude48,Restricted,Claude48-Restricted,0.4991308174161898,Human,0
Claude48,Restricted,Claude48-Restricted,0.4274406697513561,Human,0
Claude48,Restricted,Claude48-Restricted,0.507747740226547,Human,0
Claude48,Restricted,Claude48-Restricted,0.41514800337759294,Human,0
Claude48,Restricted,Claude48-Restricted,0.5034123274692888,Human,0
Claude48,Restricted,Claude48-Restricted,0.5551236486112949,Human,0
Claude48,Restricted,Claude48-Restricted,0.48046933687010945,Human,0
Claude48,Restricted,Claude48-Restricted,0.5325867402036946,Human,0
Claude48,Restricted,Claude48-Restricted,0.5476809469104656,Human,0
Claude48,Restricted,Claude48-Restricted,0.4317594761304241,Human,0
Claude48,Restricted,Claude48-Restricted,0.46091903414568625,Human,0
Claude48,Restricted,Claude48-Restricted,0.3848228945714667,Human,0
Claude48,Restricted,Claude48-Restricted,0.5102154011091625,Human,0
Claude48,Restricted,Claude48-Restricted,0.46843155091981586,Human,0
Claude48,Restricted,Claude48-Restricted,0.4573837943607458,Human,0
Claude48,Restricted,Claude48-Restricted,0.4980935754866049,Human,0
Claude48,Restricted,Claude48-Restricted,0.5142071497957713,Human,0
Claude48,Restricted,Claude48-Restricted,0.5029388162356546,Human,0
Claude48,Restricted,Claude48-Restricted,0.4109943528066735,Human,0
Claude48,Restricted,Claude48-Restricted,0.5319519635099617,Human,0
Claude48,Restricted,Claude48-Restricted,0.49909299749057956,Human,0
Claude48,Restricted,Claude48-Restricted,0.5197675718677134,Human,0
Claude48,Restricted,Claude48-Restricted,0.532442142174938,Human,0
Claude48,Restricted,Claude48-Restricted,0.47406243470042403,Human,0
Claude48,Restricted,Claude48-Restricted,0.4925494159646188,Human,0
Claude48,Restricted,Claude48-Restricted,0.5169325657388025,Human,0
Claude48,Restricted,Claude48-Restricted,0.4656787487477142,Human,0
Claude48,Restricted,Claude48-Restricted,0.45822883406769477,Human,0
Claude48,Restricted,Claude48-Restricted,0.4743097571314711,Human,0
Claude48,Restricted,Claude48-Restricted,0.5028269977280394,Human,0
Claude48,Restricted,Claude48-Restricted,0.4802803926249941,Human,0
Claude48,Restricted,Claude48-Restricted,0.46769877219781814,Human,0
Claude48,Restricted,Claude48-Restricted,0.4822302560444124,Human,0
Claude48,Restricted,Claude48-Restricted,0.5030023311164936,Human,0
Claude48,Restricted,Claude48-Restricted,0.5254539606674367,Human,0
Claude48,Restricted,Claude48-Restricted,0.542362211658367,Human,0
Claude48,Restricted,Claude48-Restricted,0.47771212762771076,Human,0
Claude48,Restricted,Claude48-Restricted,0.46732855048930855,Human,0
Claude48,Restricted,Claude48-Restricted,0.44391794451990546,Human,0
Claude48,Restricted,Claude48-Restricted,0.5070900628326436,Human,0
Claude48,Restricted,Claude48-Restricted,0.5279904176312626,Human,0
Claude48,Restricted,Claude48-Restricted,0.500103514765961,Human,0
Claude48,Restricted,Claude48-Restricted,0.5001979005208397,Human,0
Claude48,Restricted,Claude48-Restricted,0.5329119932469523,Human,0
Claude48,Restricted,Claude48-Restricted,0.5633535715062372,Human,0
Claude48,Restricted,Claude48-Restricted,0.5378546315149885,Human,0
Claude48,Restricted,Claude48-Restricted,0.5029657995419999,Human,0
Claude48,Restricted,Claude48-Restricted,0.51854581466961,Human,0
Claude48,Restricted,Claude48-Restricted,0.4963731436812899,Human,0
Claude48,Restricted,Claude48-Restricted,0.49335633536255336,Human,0
Claude48,Restricted,Claude48-Restricted,0.4853645311123234,Human,0
Claude48,Restricted,Claude48-Restricted,0.4946945318392819,Human,0
Claude48,Restricted,Claude48-Restricted,0.4883435683894615,Human,0
Claude48,Restricted,Claude48-Restricted,0.4863787454261831,Human,0
Claude48,Restricted,Claude48-Restricted,0.46998792493532027,Human,0
Claude48,Restricted,Claude48-Restricted,0.47067247556347463,Human,0
Claude48,Restricted,Claude48-Restricted,0.49262582873595023,Human,0
Claude48,Restricted,Claude48-Restricted,0.4553720166322417,Human,0
Claude48,Restricted,Claude48-Restricted,0.45268513366210206,Human,0
Claude48,Restricted,Claude48-Restricted,0.4134984982051694,Human,0
Claude48,Restricted,Claude48-Restricted,0.5260621947122825,Human,0
Claude48,Restricted,Claude48-Restricted,0.4820495327811691,Human,0
Claude48,Restricted,Claude48-Restricted,0.46937365559247235,Human,0
Claude48,Restricted,Claude48-Restricted,0.49236885165923855,Human,0
Claude48,Restricted,Claude48-Restricted,0.493394085612279,Human,0
Claude48,Restricted,Claude48-Restricted,0.43737687218745547,Human,0
Claude48,Restricted,Claude48-Restricted,0.5306268010319272,Human,0
Claude48,Restricted,Claude48-Restricted,0.4669454615291306,Human,0
Claude48,Restricted,Claude48-Restricted,0.4494446088697348,Human,0
Claude48,Restricted,Claude48-Restricted,0.5399586775042273,Human,0
Claude48,Restricted,Claude48-Restricted,0.5196801095511981,Human,0
Claude48,Restricted,Claude48-Restricted,0.5575489950416942,Human,0
Claude48,Restricted,Claude48-Restricted,0.5247165248013637,Human,0
Claude48,Restricted,Claude48-Restricted,0.4644567693966396,Human,0
Claude48,Restricted,Claude48-Restricted,0.5017765965874175,Human,0
Claude48,Restricted,Claude48-Restricted,0.48260734339699474,Human,0
Claude48,Restricted,Claude48-Restricted,0.48882541359529574,Human,0
Claude48,Restricted,Claude48-Restricted,0.5211386281156491,Human,0
Claude48,Restricted,Claude48-Restricted,0.5499188138789389,Human,0
Claude48,Restricted,Claude48-Restricted,0.5212713355368361,Human,0
Claude48,Restricted,Claude48-Restricted,0.5181943315755678,Human,0
Claude48,Restricted,Claude48-Restricted,0.527509270332896,Human,0
Claude48,Restricted,Claude48-Restricted,0.5630923315668986,Human,0
Claude48,Restricted,Claude48-Restricted,0.5552038225685172,Human,0
Claude48,Restricted,Claude48-Restricted,0.425648459610096,Human,0
Claude48,Restricted,Claude48-Restricted,0.4709557528345317,Human,0
Claude48,Restricted,Claude48-Restricted,0.5764889187138359,Human,0
Claude48,Restricted,Claude48-Restricted,0.5475614548988202,Human,0
Claude48,Restricted,Claude48-Restricted,0.4326357006324196,Human,0
Claude48,Restricted,Claude48-Restricted,0.5914427022016286,Human,0
Claude48,Restricted,Claude48-Restricted,0.5646449244992676,Human,0
Claude48,Restricted,Claude48-Restricted,0.5138864405577503,Human,0
Claude48,Restricted,Claude48-Restricted,0.5272994894552824,Human,0
Claude48,Restricted,Claude48-Restricted,0.5258942405724997,Human,0
Claude48,Restricted,Claude48-Restricted,0.5546811040179601,Human,0
Claude48,Restricted,Claude48-Restricted,0.5746945017365412,Human,0
Claude48,Restricted,Claude48-Restricted,0.5308264414375525,Human,0
Claude48,Restricted,Claude48-Restricted,0.48991890430768276,Human,0
Claude48,Restricted,Claude48-Restricted,0.4844809317697563,Human,0
Claude48,Restricted,Claude48-Restricted,0.4896301812700853,Human,0
Claude48,Restricted,Claude48-Restricted,0.533946332358876,Human,0
Claude48,Restricted,Claude48-Restricted,0.4821760311334015,Human,0
Claude48,Restricted,Claude48-Restricted,0.48644081622175916,Human,0
Claude48,Restricted,Claude48-Restricted,0.5194059688340913,Human,0
Claude48,Restricted,Claude48-Restricted,0.5265850855205224,Human,0
Claude48,Restricted,Claude48-Restricted,0.5587286327518971,Human,0
Claude48,Restricted,Claude48-Restricted,0.5560100031525309,Human,0
Claude48,Restricted,Claude48-Restricted,0.6122444146833914,Human,0
Claude48,Restricted,Claude48-Restricted,0.5218012374302234,Human,0
Claude48,Restricted,Claude48-Restricted,0.5687152330014275,Human,0
Claude48,Restricted,Claude48-Restricted,0.5737913006238341,Human,0
Claude48,Restricted,Claude48-Restricted,0.5417334444457432,Human,0
Claude48,Restricted,Claude48-Restricted,0.522991457028224,Human,0
Claude48,Restricted,Claude48-Restricted,0.5139476127887265,Human,0
Claude48,Restricted,Claude48-Restricted,0.5162266316223377,Human,0
Claude48,Restricted,Claude48-Restricted,0.5228724858722484,Human,0
Claude48,Restricted,Claude48-Restricted,0.43635069294669626,Human,0
Claude48,Restricted,Claude48-Restricted,0.5668209201997004,Human,0
Claude48,Restricted,Claude48-Restricted,0.5766311121714514,Human,0
Claude48,Restricted,Claude48-Restricted,0.47543592772827015,Human,0
Claude48,Restricted,Claude48-Restricted,0.42386716766525356,Human,0
Claude48,Restricted,Claude48-Restricted,0.45497968916063336,Human,0
Claude48,Restricted,Claude48-Restricted,0.5075890763522769,Human,0
Claude48,Restricted,Claude48-Restricted,0.4535906995299183,Human,0
Claude48,Restricted,Claude48-Restricted,0.5049021305605379,Human,0
Claude48,Restricted,Claude48-Restricted,0.45911610568304767,Human,0
Claude48,Restricted,Claude48-Restricted,0.47765443669542057,Human,0
Claude48,Restricted,Claude48-Restricted,0.4323443784718503,Human,0
Claude48,Restricted,Claude48-Restricted,0.4486245566473464,Human,0
Claude48,Restricted,Claude48-Restricted,0.4504162072564807,Human,0
Claude48,Restricted,Claude48-Restricted,0.43723271609386083,Human,0
Claude48,Restricted,Claude48-Restricted,0.45511399885551523,Human,0
Claude48,Restricted,Claude48-Restricted,0.45464246304279754,Human,0
Claude48,Restricted,Claude48-Restricted,0.4790736161080533,Human,0
Claude48,Restricted,Claude48-Restricted,0.4832517166160574,Human,0
Claude48,Restricted,Claude48-Restricted,0.47966174626772773,Human,0
Claude48,Restricted,Claude48-Restricted,0.4489986695716755,Human,0
Claude48,Restricted,Claude48-Restricted,0.5095696019114143,Human,0
Claude48,Restricted,Claude48-Restricted,0.539411414193087,Human,0
Claude48,Restricted,Claude48-Restricted,0.4846842780536724,Human,0
Claude48,Restricted,Claude48-Restricted,0.4092383983423016,Human,0
Claude48,Restricted,Claude48-Restricted,0.5381182890845319,Human,0
Claude48,Restricted,Claude48-Restricted,0.5097781730993363,Human,0
Claude48,Restricted,Claude48-Restricted,0.47350549885744264,Human,0
Claude48,Restricted,Claude48-Restricted,0.42869795141827854,Human,0
Claude48,Restricted,Claude48-Restricted,0.45519268059460766,Human,0
Claude48,Restricted,Claude48-Restricted,0.5301151014766758,Human,0
Claude48,Restricted,Claude48-Restricted,0.49358576168022505,Human,0
Claude48,Restricted,Claude48-Restricted,0.5009919993164044,Human,0
Claude48,Restricted,Claude48-Restricted,0.500423637867528,Human,0
Claude48,Restricted,Claude48-Restricted,0.5156538056470273,Human,0
Claude48,Restricted,Claude48-Restricted,0.5183515793713988,Human,0
Claude48,Restricted,Claude48-Restricted,0.48513596683000865,Human,0
Claude48,Restricted,Claude48-Restricted,0.45754013929463033,Human,0
Claude48,Restricted,Claude48-Restricted,0.565869885181073,Human,0
Claude48,Restricted,Claude48-Restricted,0.5956922931737672,Human,0
Claude48,Restricted,Claude48-Restricted,0.5243020850736699,Human,0
Claude48,Restricted,Claude48-Restricted,0.5477916890500959,Human,0
Claude48,Restricted,Claude48-Restricted,0.4626153908697106,Human,0
Claude48,Restricted,Claude48-Restricted,0.6034509724669347,Human,0
Claude48,Restricted,Claude48-Restricted,0.47156448919223354,Human,0
Claude48,Restricted,Claude48-Restricted,0.498973220408934,Human,0
Claude48,Restricted,Claude48-Restricted,0.4504464224046052,Human,0
Claude48,Restricted,Claude48-Restricted,0.5179155587492202,Human,0
Claude48,Restricted,Claude48-Restricted,0.5940953955724008,Human,0
Claude48,Restricted,Claude48-Restricted,0.5812093711281151,Human,0
Claude48,Restricted,Claude48-Restricted,0.5666595182875596,Human,0
Claude48,Restricted,Claude48-Restricted,0.5449800924295227,Human,0
Claude48,Restricted,Claude48-Restricted,0.5723095438300757,Human,0
Claude48,Restricted,Claude48-Restricted,0.5499309576708229,Human,0
Claude48,Restricted,Claude48-Restricted,0.5562777618841774,Human,0
Claude48,Restricted,Claude48-Restricted,0.580475066529584,Human,0
Claude48,Restricted,Claude48-Restricted,0.6008127798942146,Human,0
Claude48,Restricted,Claude48-Restricted,0.5495958634317516,Human,0
Claude48,Restricted,Claude48-Restricted,0.5985818614256753,Human,0
Claude48,Restricted,Claude48-Restricted,0.5497586815861265,Human,0
Claude48,Restricted,Claude48-Restricted,0.49908153813527345,Human,0
Claude48,Restricted,Claude48-Restricted,0.45823937384624,Human,0
Claude48,Restricted,Claude48-Restricted,0.45948463101287956,Human,0
Claude48,Restricted,Claude48-Restricted,0.5747632040469727,Human,0
Claude48,Restricted,Claude48-Restricted,0.5145258329204544,Human,0
Claude48,Restricted,Claude48-Restricted,0.5212521901123991,Human,0
Claude48,Restricted,Claude48-Restricted,0.5270362220143003,Human,0
Claude48,Restricted,Claude48-Restricted,0.5112343541944292,Human,0
Claude48,Restricted,Claude48-Restricted,0.5045993255482636,Human,0
Claude48,Restricted,Claude48-Restricted,0.5082299553492142,Human,0
Claude48,Restricted,Claude48-Restricted,0.553637030942159,Human,0
Claude48,Restricted,Claude48-Restricted,0.5093562417067756,Human,0
Claude48,Restricted,Claude48-Restricted,0.5372739233135267,Human,0
Claude48,Restricted,Claude48-Restricted,0.5942377057813354,Human,0
Claude48,Restricted,Claude48-Restricted,0.5368601060151476,Human,0
Claude48,Restricted,Claude48-Restricted,0.48604625947450836,Human,0
Claude48,Restricted,Claude48-Restricted,0.539746697916916,Human,0
Claude48,Restricted,Claude48-Restricted,0.46074714214987594,Human,0
Claude48,Restricted,Claude48-Restricted,0.4337934109988371,Human,0
Claude48,Restricted,Claude48-Restricted,0.545444838929081,Human,0
Claude48,Restricted,Claude48-Restricted,0.5131146655061362,Human,0
Claude48,Restricted,Claude48-Restricted,0.4761874551395395,Human,0
Claude48,Restricted,Claude48-Restricted,0.5404716099098086,Human,0
Claude48,Restricted,Claude48-Restricted,0.47165600333430807,Human,0
Claude48,Restricted,Claude48-Restricted,0.5602199354706634,Human,0
Claude48,Restricted,Claude48-Restricted,0.5253981194596237,Human,0
Claude48,Restricted,Claude48-Restricted,0.5465077633678093,Human,0
Claude48,Restricted,Claude48-Restricted,0.5500882002654802,Human,0
Claude48,Restricted,Claude48-Restricted,0.5352110600897831,Human,0
Claude48,Restricted,Claude48-Restricted,0.4636884785455602,Human,0
Claude48,Restricted,Claude48-Restricted,0.5011753546677832,Human,0
Claude48,Restricted,Claude48-Restricted,0.4943616813054867,Human,0
Claude48,Restricted,Claude48-Restricted,0.4569203480938526,Human,0
Claude48,Restricted,Claude48-Restricted,0.3792067134633712,Human,0
Claude48,Restricted,Claude48-Restricted,0.4943610623745997,Human,0
Claude48,Restricted,Claude48-Restricted,0.39626766674513597,Human,0
Claude48,Restricted,Claude48-Restricted,0.43572936829057357,Human,0
Claude48,Restricted,Claude48-Restricted,0.46232746056005497,Human,0
Claude48,Restricted,Claude48-Restricted,0.4414243076704961,Human,0
Claude48,Restricted,Claude48-Restricted,0.4706110472714443,Human,0
Claude48,Restricted,Claude48-Restricted,0.4416002148567588,Human,0
Claude48,Restricted,Claude48-Restricted,0.46695693893139417,Human,0
Claude48,Restricted,Claude48-Restricted,0.48593978623544104,Human,0
Claude48,Restricted,Claude48-Restricted,0.4420767634302317,Human,0
Claude48,Restricted,Claude48-Restricted,0.48985771315019844,Human,0
Claude48,Restricted,Claude48-Restricted,0.5147414806586991,Human,0
Claude48,Restricted,Claude48-Restricted,0.5243521160268848,Human,0
Claude48,Restricted,Claude48-Restricted,0.5082602108114838,Human,0
Claude48,Restricted,Claude48-Restricted,0.709438047194929,Human,0
Claude48,Restricted,Claude48-Restricted,0.5370889908665653,Human,0
Claude48,Restricted,Claude48-Restricted,0.4015626910795306,Human,0
Claude48,Restricted,Claude48-Restricted,0.47981928398130685,Human,0
Claude48,Restricted,Claude48-Restricted,0.4879137522436143,Human,0
Claude48,Restricted,Claude48-Restricted,0.4321665657597959,Human,0
Claude48,Restricted,Claude48-Restricted,0.456232363753619,Human,0
Claude48,Restricted,Claude48-Restricted,0.48503413250292904,Human,0
Claude48,Restricted,Claude48-Restricted,0.4729695434615165,Human,0
Claude48,Restricted,Claude48-Restricted,0.6309293263681804,Human,0
Claude48,Restricted,Claude48-Restricted,0.5025285806522662,Human,0
Claude48,Restricted,Claude48-Restricted,0.488030168271654,Human,0
Claude48,Restricted,Claude48-Restricted,0.4507201680272227,Human,0
Claude48,Restricted,Claude48-Restricted,0.4023371111397743,Human,0
Claude48,Restricted,Claude48-Restricted,0.4390907510740926,Human,0
Claude48,Restricted,Claude48-Restricted,0.5195584070365273,Human,0
Claude48,Restricted,Claude48-Restricted,0.45881177824069913,Human,0
Claude48,Restricted,Claude48-Restricted,0.5484757781930127,Human,0
Claude48,Restricted,Claude48-Restricted,0.5044247874203239,Human,0
Claude48,Restricted,Claude48-Restricted,0.5156741951661177,Human,0
Claude48,Restricted,Claude48-Restricted,0.4887804621611397,Human,0
Claude48,Restricted,Claude48-Restricted,0.45499492707496186,Human,0
Claude48,Restricted,Claude48-Restricted,0.518638786022828,Human,0
Claude48,Restricted,Claude48-Restricted,0.47998527016417564,Human,0
Claude48,Restricted,Claude48-Restricted,0.5538977234074779,Human,0
Claude48,Restricted,Claude48-Restricted,0.41529792098820456,Human,0
Claude48,Restricted,Claude48-Restricted,0.5186782316196985,Human,0
Claude48,Restricted,Claude48-Restricted,0.4716205952960285,Human,0
Claude48,Restricted,Claude48-Restricted,0.5430919442411629,Human,0
Claude48,Restricted,Claude48-Restricted,0.5058636015732187,Human,0
Claude48,Restricted,Claude48-Restricted,0.6033480877665338,Human,0
Claude48,Restricted,Claude48-Restricted,0.42351785962657396,Human,0
Claude48,Restricted,Claude48-Restricted,0.5585294157872567,Human,0
Claude48,Restricted,Claude48-Restricted,0.521193309853142,Human,0
Claude48,Restricted,Claude48-Restricted,0.4720520961425383,Human,0
Claude48,Restricted,Claude48-Restricted,0.5415391585395664,Human,0
Claude48,Restricted,Claude48-Restricted,0.6287177318238621,Human,0
Claude48,Restricted,Claude48-Restricted,0.5853374269809193,Human,0
Claude48,Restricted,Claude48-Restricted,0.5295550299589002,Human,0
Claude48,Restricted,Claude48-Restricted,0.5250424071224059,Human,0
Claude48,Restricted,Claude48-Restricted,0.40363080151291164,Human,0
Claude48,Restricted,Claude48-Restricted,0.4688140160963801,Human,0
Claude48,Restricted,Claude48-Restricted,0.46728337785552415,Human,0
Claude48,Restricted,Claude48-Restricted,0.621145028225829,Human,0
Claude48,Restricted,Claude48-Restricted,0.4640176596954567,Human,0
Claude48,Restricted,Claude48-Restricted,0.41703630228207383,Human,0
Claude48,Restricted,Claude48-Restricted,0.4315895816840497,Human,0
Claude48,Restricted,Claude48-Restricted,0.4876103252578052,Human,0
Claude48,Restricted,Claude48-Restricted,0.4117747876243301,Human,0
Claude48,Restricted,Claude48-Restricted,0.5186186262214303,Human,0
Claude48,Restricted,Claude48-Restricted,0.4384315694909114,Human,0
Claude48,Restricted,Claude48-Restricted,0.3952842079665497,Human,0
Claude48,Restricted,Claude48-Restricted,0.5612732390750875,Human,0
Claude48,Restricted,Claude48-Restricted,0.49815155410497375,Human,0
Claude48,Restricted,Claude48-Restricted,0.4843269463280349,Human,0
Claude48,Restricted,Claude48-Restricted,0.5596334242964877,Human,0
Claude48,Restricted,Claude48-Restricted,0.4537877373837475,Human,0
Claude48,Restricted,Claude48-Restricted,0.4693614711700883,Human,0
Claude48,Restricted,Claude48-Restricted,0.5344205732782564,Human,0
Claude48,Restricted,Claude48-Restricted,0.5306518553427378,Human,0
Claude48,Restricted,Claude48-Restricted,0.4934881382053314,Human,0
Claude48,Restricted,Claude48-Restricted,0.49623658502203477,Human,0
Claude48,Restricted,Claude48-Restricted,0.4893493213740108,Human,0
Claude48,Restricted,Claude48-Restricted,0.42718524456645524,Human,0
Claude48,Restricted,Claude48-Restricted,0.4923772845737917,Human,0
Claude48,Restricted,Claude48-Restricted,0.41265109149574825,Human,0
Claude48,Restricted,Claude48-Restricted,0.5139658679377975,Human,0
Claude48,Restricted,Claude48-Restricted,0.42271202402043045,Human,0
Claude48,Restricted,Claude48-Restricted,0.5477643203798215,Human,0
Claude48,Restricted,Claude48-Restricted,0.5332568146680189,Human,0
Claude48,Restricted,Claude48-Restricted,0.5510948607042743,Human,0
Claude48,Restricted,Claude48-Restricted,0.5298352414198474,Human,0
Claude48,Restricted,Claude48-Restricted,0.6200977117563143,Human,0
Claude48,Restricted,Claude48-Restricted,0.547405255039209,Human,0
Claude48,Restricted,Claude48-Restricted,0.4250977762999817,Human,0
Claude48,Restricted,Claude48-Restricted,0.5179877256077255,Human,0
Claude48,Restricted,Claude48-Restricted,0.5584984356215935,Human,0
Claude48,Restricted,Claude48-Restricted,0.538720247049458,Human,0
Claude48,Restricted,Claude48-Restricted,0.5288763400914624,Human,0
Claude48,Restricted,Claude48-Restricted,0.47783349371021294,Human,0
Claude48,Restricted,Claude48-Restricted,0.5313594996737957,Human,0
Claude48,Restricted,Claude48-Restricted,0.5251384877420889,Human,0
Claude48,Restricted,Claude48-Restricted,0.4203022975757246,Human,0
Claude48,Restricted,Claude48-Restricted,0.5072835243945126,Human,0
Claude48,Restricted,Claude48-Restricted,0.5380426714911642,Human,0
Claude48,Restricted,Claude48-Restricted,0.6095397534332283,Human,0
Claude48,Restricted,Claude48-Restricted,0.4732889956320383,Human,0
Claude48,Restricted,Claude48-Restricted,0.4912936835894256,Human,0
Claude48,Restricted,Claude48-Restricted,0.5148046719102701,Human,0
Claude48,Restricted,Claude48-Restricted,0.5150555680314273,Human,0
Claude48,Restricted,Claude48-Restricted,0.4966396838999755,Human,0
Claude48,Restricted,Claude48-Restricted,0.5104457711149839,Human,0
Claude48,Restricted,Claude48-Restricted,0.5951926551207231,Human,0
Claude48,Restricted,Claude48-Restricted,0.5781314232204356,Human,0
Claude48,Restricted,Claude48-Restricted,0.5035859115737719,Human,0
Claude48,Restricted,Claude48-Restricted,0.5475804791065095,Human,0
Claude48,Restricted,Claude48-Restricted,0.556544668877037,Human,0
Claude48,Restricted,Claude48-Restricted,0.5056513725830835,Human,0
Claude48,Restricted,Claude48-Restricted,0.5645781509578421,Human,0
Claude48,Restricted,Claude48-Restricted,0.5798916286500971,Human,0
Claude48,Restricted,Claude48-Restricted,0.487757428038174,Human,0
Claude48,Restricted,Claude48-Restricted,0.5422559236388435,Human,0
Claude48,Restricted,Claude48-Restricted,0.48578648298341526,Human,0
Claude48,Restricted,Claude48-Restricted,0.5962359428761415,Human,0
Claude48,Restricted,Claude48-Restricted,0.5228095690786373,Human,0
Claude48,Restricted,Claude48-Restricted,0.478927867372134,Human,0
Claude48,Restricted,Claude48-Restricted,0.5082095335113389,Human,0
Claude48,Restricted,Claude48-Restricted,0.4240634460119187,Human,0
Claude48,Restricted,Claude48-Restricted,0.5149139522904902,Human,0
Claude48,Restricted,Claude48-Restricted,0.4916482327132014,Human,0
Claude48,Restricted,Claude48-Restricted,0.4980980030687466,Human,0
Claude48,Restricted,Claude48-Restricted,0.45416390326484696,Human,0
Claude48,Restricted,Claude48-Restricted,0.5073806632050031,Human,0
Claude48,Restricted,Claude48-Restricted,0.5043997354817621,Human,0
Claude48,Restricted,Claude48-Restricted,0.419443085705727,Human,0
Claude48,Restricted,Claude48-Restricted,0.5297130190854102,Human,0
Claude48,Restricted,Claude48-Restricted,0.5197725917722414,Human,0
Claude48,Restricted,Claude48-Restricted,0.5593442731322201,Human,0
Claude48,Restricted,Claude48-Restricted,0.48829600314811183,Human,0
Claude48,Restricted,Claude48-Restricted,0.43236893086488587,Human,0
Claude48,Restricted,Claude48-Restricted,0.5002372787718069,Human,0
Claude48,Restricted,Claude48-Restricted,0.5136889712165063,Human,0
Claude48,Restricted,Claude48-Restricted,0.5223954458066699,Human,0
Claude48,Restricted,Claude48-Restricted,0.5495899961830017,Human,0
Claude48,Restricted,Claude48-Restricted,0.5408469676199715,Human,0
Claude48,Restricted,Claude48-Restricted,0.563347964127492,Human,0
Claude48,Restricted,Claude48-Restricted,0.5574486500802286,Human,0
Claude48,Restricted,Claude48-Restricted,0.5292290232385568,Human,0
Claude48,Restricted,Claude48-Restricted,0.4960630236325118,Human,0
Claude48,Restricted,Claude48-Restricted,0.5523715025590442,Human,0
Claude48,Restricted,Claude48-Restricted,0.544594429092795,Human,0
Claude48,Restricted,Claude48-Restricted,0.5593009411349295,Human,0
Claude48,Restricted,Claude48-Restricted,0.5296488118492798,Human,0
Claude48,Restricted,Claude48-Restricted,0.4786591502827698,Human,0
Claude48,Restricted,Claude48-Restricted,0.504775320695002,Human,0
Claude48,Restricted,Claude48-Restricted,0.5079487341434349,Human,0
Claude48,Restricted,Claude48-Restricted,0.47251607520030453,Human,0
Claude48,Restricted,Claude48-Restricted,0.44206381360166586,Human,0
Claude48,Restricted,Claude48-Restricted,0.45988188087380233,Human,0
Claude48,Restricted,Claude48-Restricted,0.6189148188619852,Human,0
Claude48,Restricted,Claude48-Restricted,0.5182319635848561,Human,0
Claude48,Restricted,Claude48-Restricted,0.5912054933850279,Human,0
Claude48,Restricted,Claude48-Restricted,0.5569207517360011,Human,0
Claude48,Restricted,Claude48-Restricted,0.5237248871509118,Human,0
Claude48,Restricted,Claude48-Restricted,0.5086094556783066,Human,0
Claude48,Restricted,Claude48-Restricted,0.4755468316686976,Human,0
Claude48,Restricted,Claude48-Restricted,0.5826662392808817,Human,0
Claude48,Restricted,Claude48-Restricted,0.5167996149664666,Human,0
Claude48,Restricted,Claude48-Restricted,0.5300113616093671,Human,0
Claude48,Restricted,Claude48-Restricted,0.4790615494444285,Human,0
Claude48,Restricted,Claude48-Restricted,0.44872979175777805,Human,0
Claude48,Restricted,Claude48-Restricted,0.46280979611876377,Human,0
Claude48,Restricted,Claude48-Restricted,0.5402130475563973,Human,0
Claude48,Restricted,Claude48-Restricted,0.5742024536060535,Human,0
Claude48,Restricted,Claude48-Restricted,0.506833976844044,Human,0
Claude48,Restricted,Claude48-Restricted,0.5128647824036755,Human,0
Claude48,Restricted,Claude48-Restricted,0.4349897161285662,Human,0
Claude48,Restricted,Claude48-Restricted,0.48511478516926637,Human,0
Claude48,Restricted,Claude48-Restricted,0.4997492490956852,Human,0
Claude48,Restricted,Claude48-Restricted,0.5221082685144723,Human,0
Claude48,Restricted,Claude48-Restricted,0.5401240007460244,Human,0
Claude48,Restricted,Claude48-Restricted,0.42997858395419414,Human,0
Claude48,Restricted,Claude48-Restricted,0.5077218383387286,Human,0
Claude48,Restricted,Claude48-Restricted,0.5836088882368363,Human,0
Claude48,Restricted,Claude48-Restricted,0.548467125665735,Human,0
Claude48,Restricted,Claude48-Restricted,0.5558911456086739,Human,0
Claude48,Restricted,Claude48-Restricted,0.5279979642314427,Human,0
Claude48,Restricted,Claude48-Restricted,0.4718977416115448,Human,0
Claude48,Restricted,Claude48-Restricted,0.5473980626860361,Human,0
Claude48,Restricted,Claude48-Restricted,0.507471584582669,Human,0
Claude48,Restricted,Claude48-Restricted,0.4840427979529764,Human,0
Claude48,Restricted,Claude48-Restricted,0.6361872256336862,Human,0
Claude48,Restricted,Claude48-Restricted,0.6026443335343932,Human,0
Claude48,Restricted,Claude48-Restricted,0.5380125954243673,Human,0
Claude48,Restricted,Claude48-Restricted,0.5355109694917852,Human,0
Claude48,Restricted,Claude48-Restricted,0.5378714124419102,Human,0
Claude48,Restricted,Claude48-Restricted,0.533259326129862,Human,0
Claude48,Restricted,Claude48-Restricted,0.5159428260635608,Human,0
Claude48,Restricted,Claude48-Restricted,0.6387414662407773,Human,0
Claude48,Restricted,Claude48-Restricted,0.4746410499996873,Human,0
Claude48,Restricted,Claude48-Restricted,0.37386056819872354,Human,0
Claude48,Restricted,Claude48-Restricted,0.5096007495192987,Human,0
Claude48,Restricted,Claude48-Restricted,0.5284956105204099,Human,0
Claude48,Restricted,Claude48-Restricted,0.45963967804236905,Human,0
Claude48,Restricted,Claude48-Restricted,0.47866775789716465,Human,0
Claude48,Restricted,Claude48-Restricted,0.5141800997336878,Human,0
Claude48,Restricted,Claude48-Restricted,0.5749978493545146,Human,0
Claude48,Restricted,Claude48-Restricted,0.5657217823446873,Human,0
Claude48,Restricted,Claude48-Restricted,0.4954873360974279,Human,0
Claude48,Restricted,Claude48-Restricted,0.5291724013508134,Human,0
Claude48,Restricted,Claude48-Restricted,0.6071750249531723,Human,0
Claude48,Restricted,Claude48-Restricted,0.513238014271856,Human,0
Claude48,Restricted,Claude48-Restricted,0.4706387782921505,Human,0
Claude48,Restricted,Claude48-Restricted,0.554711379482715,Human,0
Claude48,Restricted,Claude48-Restricted,0.47996213719372166,Human,0
Claude48,Restricted,Claude48-Restricted,0.5444418639676977,Human,0
Claude48,Restricted,Claude48-Restricted,0.5191589847097408,Human,0
Claude48,Restricted,Claude48-Restricted,0.568453913955892,Human,0
Claude48,Restricted,Claude48-Restricted,0.49625251128152115,Human,0
Claude48,Restricted,Claude48-Restricted,0.5274993098397772,Human,0
Claude48,Restricted,Claude48-Restricted,0.5240415930224197,Human,0
Claude48,Restricted,Claude48-Restricted,0.5307114750192807,Human,0
Claude48,Restricted,Claude48-Restricted,0.4832321451761007,Human,0
Claude48,Restricted,Claude48-Restricted,0.504593749542556,Human,0
Claude48,Restricted,Claude48-Restricted,0.5129464630466025,Human,0
Claude48,Restricted,Claude48-Restricted,0.5629536442286934,Human,0
Claude48,Restricted,Claude48-Restricted,0.5899220381101717,Human,0
Claude48,Restricted,Claude48-Restricted,0.47838699854935557,Human,0
Claude48,Restricted,Claude48-Restricted,0.4611123274393265,Human,0
Claude48,Restricted,Claude48-Restricted,0.4778903969729789,Human,0
Claude48,Restricted,Claude48-Restricted,0.45794076434921255,Human,0
Claude48,Restricted,Claude48-Restricted,0.4684149922090766,Human,0
Claude48,Restricted,Claude48-Restricted,0.4985223146890352,Human,0
Claude48,Restricted,Claude48-Restricted,0.585800498443124,Human,0
Claude48,Restricted,Claude48-Restricted,0.5601050199172647,Human,0
Claude48,Restricted,Claude48-Restricted,0.5123220822863402,Human,0
Claude48,Restricted,Claude48-Restricted,0.4514007221572416,Human,0
Claude48,Restricted,Claude48-Restricted,0.4903624789719973,Human,0
Claude48,Restricted,Claude48-Restricted,0.49420970933073255,Human,0
Claude48,Restricted,Claude48-Restricted,0.5000410594565976,Human,0
Claude48,Restricted,Claude48-Restricted,0.5275704077017219,Human,0
Claude48,Restricted,Claude48-Restricted,0.5635603061813522,Human,0
Claude48,Restricted,Claude48-Restricted,0.48425541313016796,Human,0
Claude48,Restricted,Claude48-Restricted,0.46966052437812783,Human,0
Claude48,Restricted,Claude48-Restricted,0.5249011699322632,Human,0
Claude48,Restricted,Claude48-Restricted,0.5626479020111756,Human,0
Claude48,Restricted,Claude48-Restricted,0.5783199447734005,Human,0
Claude48,Restricted,Claude48-Restricted,0.47357239190726735,Human,0
Claude48,Restricted,Claude48-Restricted,0.43625035625412173,Human,0
Claude48,Restricted,Claude48-Restricted,0.5188810743430081,Human,0
Claude48,Restricted,Claude48-Restricted,0.38885059636297387,Human,0
Claude48,Restricted,Claude48-Restricted,0.46499200369794086,Human,0
Claude48,Restricted,Claude48-Restricted,0.4608895244347522,Human,0
Claude48,Restricted,Claude48-Restricted,0.5213389966384949,Human,0
Claude48,Restricted,Claude48-Restricted,0.5409376634174391,Human,0
Claude48,Restricted,Claude48-Restricted,0.5245703234210196,Human,0
Claude48,Restricted,Claude48-Restricted,0.5581967000591266,Human,0
Claude48,Restricted,Claude48-Restricted,0.5579265603576743,Human,0
Claude48,Restricted,Claude48-Restricted,0.4616603272442079,Human,0
Claude48,Restricted,Claude48-Restricted,0.43821678358134736,Human,0
Claude48,Restricted,Claude48-Restricted,0.49048743758528973,Human,0
Claude48,Restricted,Claude48-Restricted,0.5306352830331481,Human,0
Claude48,Restricted,Claude48-Restricted,0.588488506798993,Human,0
Claude48,Restricted,Claude48-Restricted,0.48162590354512075,Human,0
Claude48,Restricted,Claude48-Restricted,0.5300701406031845,Human,0
Claude48,Restricted,Claude48-Restricted,0.505579270932282,Human,0
Claude48,Restricted,Claude48-Restricted,0.4797389264841748,Human,0
Claude48,Restricted,Claude48-Restricted,0.5065390547736706,Human,0
Claude48,Restricted,Claude48-Restricted,0.544118763425762,Human,0
Claude48,Restricted,Claude48-Restricted,0.5493979248845124,Human,0
Claude48,Restricted,Claude48-Restricted,0.5493992850714502,Human,0
Claude48,Restricted,Claude48-Restricted,0.6069037396670716,Human,0
Claude48,Restricted,Claude48-Restricted,0.526581485144982,Human,0
Claude48,Restricted,Claude48-Restricted,0.506365001001152,Human,0
Claude48,Restricted,Claude48-Restricted,0.5389634069146635,Human,0
Claude48,Restricted,Claude48-Restricted,0.48619364339669113,Human,0
Claude48,Restricted,Claude48-Restricted,0.535647201285798,Human,0
Claude48,Restricted,Claude48-Restricted,0.5551380613450678,Human,0
Claude48,Restricted,Claude48-Restricted,0.43248811273034626,Human,0
Claude48,Restricted,Claude48-Restricted,0.460638505027984,Human,0
Claude48,Restricted,Claude48-Restricted,0.40263502794864087,Human,0
Claude48,Restricted,Claude48-Restricted,0.615306551808675,Human,0
Claude48,Restricted,Claude48-Restricted,0.5477119380001501,Human,0
Claude48,Restricted,Claude48-Restricted,0.5857258459339121,Human,0
Claude48,Restricted,Claude48-Restricted,0.4739170193822466,Human,0
Claude48,Restricted,Claude48-Restricted,0.5692832785850942,Human,0
Claude48,Restricted,Claude48-Restricted,0.49308685409269987,Human,0
Claude48,Restricted,Claude48-Restricted,0.5560139612333896,Human,0
Claude48,Restricted,Claude48-Restricted,0.5570859329280333,Human,0
Claude48,Restricted,Claude48-Restricted,0.5340957836575366,Human,0
Claude48,Restricted,Claude48-Restricted,0.5564613740450766,Human,0
Claude48,Restricted,Claude48-Restricted,0.512051824174584,Human,0
Claude48,Restricted,Claude48-Restricted,0.5731998913336517,Human,0
Claude48,Restricted,Claude48-Restricted,0.5145698354125521,Human,0
Claude48,Restricted,Claude48-Restricted,0.5350510774237881,Human,0
Claude48,Restricted,Claude48-Restricted,0.5431581177239622,Human,0
Claude48,Restricted,Claude48-Restricted,0.5273664944591309,Human,0
Claude48,Restricted,Claude48-Restricted,0.41819246373428554,Human,0
Claude48,Restricted,Claude48-Restricted,0.443256146398507,Human,0
Claude48,Restricted,Claude48-Restricted,0.3725832594723127,Human,0
Claude48,Restricted,Claude48-Restricted,0.5474192184125499,Human,0
Claude48,Restricted,Claude48-Restricted,0.44567846792799065,Human,0
Claude48,Restricted,Claude48-Restricted,0.49504640784707965,Human,0
Claude48,Restricted,Claude48-Restricted,0.5269902981369012,Human,0
Claude48,Restricted,Claude48-Restricted,0.5002172332964754,Human,0
Claude48,Restricted,Claude48-Restricted,0.5321619807484524,Human,0
Claude48,Restricted,Claude48-Restricted,0.4980010493859451,Human,0
Claude48,Restricted,Claude48-Restricted,0.49468323883889326,Human,0
Claude48,Restricted,Claude48-Restricted,0.4985641302106555,Human,0
Claude48,Restricted,Claude48-Restricted,0.5215668679282868,Human,0
Claude48,Restricted,Claude48-Restricted,0.47867783620003174,Human,0
Claude48,Restricted,Claude48-Restricted,0.5329664998463464,Human,0
Claude48,Restricted,Claude48-Restricted,0.4396286136608806,Human,0
Claude48,Restricted,Claude48-Restricted,0.505405142412904,Human,0
Claude48,Restricted,Claude48-Restricted,0.5248812993996009,Human,0
Claude48,Restricted,Claude48-Restricted,0.47546249537789426,Human,0
Claude48,Restricted,Claude48-Restricted,0.5313443495796084,Human,0
Claude48,Restricted,Claude48-Restricted,0.48035977942261193,Human,0
Claude48,Restricted,Claude48-Restricted,0.5278318213562951,Human,0
Claude48,Restricted,Claude48-Restricted,0.5792277721830321,Human,0
Claude48,Restricted,Claude48-Restricted,0.4624961727743815,Human,0
Claude48,Restricted,Claude48-Restricted,0.5029695183391956,Human,0
Claude48,Restricted,Claude48-Restricted,0.5960528093234384,Human,0
Claude48,Restricted,Claude48-Restricted,0.5151819323029283,Human,0
Claude48,Restricted,Claude48-Restricted,0.5134658225244327,Human,0
Claude48,Restricted,Claude48-Restricted,0.4968872017616812,Human,0
Claude48,Restricted,Claude48-Restricted,0.5298493046045442,Human,0
Claude48,Restricted,Claude48-Restricted,0.539185303781724,Human,0
Claude48,Restricted,Claude48-Restricted,0.3907907965254918,Human,0
Claude48,Restricted,Claude48-Restricted,0.5597330218447986,Human,0
Claude48,Restricted,Claude48-Restricted,0.5783644152190187,Human,0
Claude48,Restricted,Claude48-Restricted,0.4627774854364188,Human,0
Claude48,Restricted,Claude48-Restricted,0.4766893575544729,Human,0
Claude48,Restricted,Claude48-Restricted,0.43557160414536955,Human,0
Claude48,Restricted,Claude48-Restricted,0.5222422120843694,Human,0
Claude48,Restricted,Claude48-Restricted,0.4873765017842518,Human,0
Claude48,Restricted,Claude48-Restricted,0.4078027006932488,Human,0
Claude48,Restricted,Claude48-Restricted,0.563375043986109,Human,0
Claude48,Restricted,Claude48-Restricted,0.5209960898641642,Human,0
Claude48,Restricted,Claude48-Restricted,0.48657508022992035,Human,0
Claude48,Restricted,Claude48-Restricted,0.5180639502181259,Human,0
Claude48,Restricted,Claude48-Restricted,0.5385531133321781,Human,0
Claude48,Restricted,Claude48-Restricted,0.5365632637018899,Human,0
Claude48,Restricted,Claude48-Restricted,0.4919675144274553,Human,0
Claude48,Restricted,Claude48-Restricted,0.38974762621350334,Human,0
Claude48,Restricted,Claude48-Restricted,0.5201528329025119,Human,0
Claude48,Restricted,Claude48-Restricted,0.5147569633712593,Human,0
Claude48,Restricted,Claude48-Restricted,0.47658026119962676,Human,0
Claude48,Restricted,Claude48-Restricted,0.5164961420726206,Human,0
Claude48,Restricted,Claude48-Restricted,0.46000794705185566,Human,0
Claude48,Restricted,Claude48-Restricted,0.5458683742388618,Human,0
Claude48,Restricted,Claude48-Restricted,0.552326349016023,Human,0
Claude48,Restricted,Claude48-Restricted,0.5449582109546969,Human,0
Claude48,Restricted,Claude48-Restricted,0.5672010641946096,Human,0
Claude48,Restricted,Claude48-Restricted,0.4799440574084204,Human,0
Claude48,Restricted,Claude48-Restricted,0.4965627367669427,Human,0
Claude48,Restricted,Claude48-Restricted,0.5732898309841507,Human,0
Claude48,Restricted,Claude48-Restricted,0.5325880784903766,Human,0
Claude48,Restricted,Claude48-Restricted,0.5746418651543939,Human,0
Claude48,Restricted,Claude48-Restricted,0.5276351317868936,Human,0
Claude48,Restricted,Claude48-Restricted,0.6042277377299298,Human,0
Claude48,Restricted,Claude48-Restricted,0.4962727031810348,Human,0
Claude48,Restricted,Claude48-Restricted,0.5418349240388611,Human,0
Claude48,Restricted,Claude48-Restricted,0.5407965182670397,Human,0
Claude48,Restricted,Claude48-Restricted,0.548456984956502,Human,0
Claude48,Restricted,Claude48-Restricted,0.5107828720996039,Human,0
Claude48,Restricted,Claude48-Restricted,0.49045420151852864,Human,0
Claude48,Restricted,Claude48-Restricted,0.5443103051440815,Human,0
Claude48,Restricted,Claude48-Restricted,0.4473898803112585,Human,0
Claude48,Restricted,Claude48-Restricted,0.5109255796380073,Human,0
Claude48,Restricted,Claude48-Restricted,0.47075878838651963,Human,0
Claude48,Restricted,Claude48-Restricted,0.5760441624543885,Human,0
Claude48,Restricted,Claude48-Restricted,0.5515227997033038,Human,0
Claude48,Restricted,Claude48-Restricted,0.47071951617755564,Human,0
Claude48,Restricted,Claude48-Restricted,0.46964975556295036,Human,0
Claude48,Restricted,Claude48-Restricted,0.5041997851033562,Human,0
Claude48,Restricted,Claude48-Restricted,0.5192957476306692,Human,0
Claude48,Restricted,Claude48-Restricted,0.5364322856125349,Human,0
Claude48,Restricted,Claude48-Restricted,0.5592802496814137,Human,0
Claude48,Restricted,Claude48-Restricted,0.514667975523575,Human,0
Claude48,Restricted,Claude48-Restricted,0.5227256667760624,Human,0
Claude48,Restricted,Claude48-Restricted,0.5423683441989074,Human,0
Claude48,Restricted,Claude48-Restricted,0.5327592761726577,Human,0
Claude48,Restricted,Claude48-Restricted,0.5004596825227694,Human,0
Claude48,Restricted,Claude48-Restricted,0.44804907120815096,Human,0
Claude48,Restricted,Claude48-Restricted,0.49688998325356176,Human,0
Claude48,Restricted,Claude48-Restricted,0.5264977954570924,Human,0
Claude48,Restricted,Claude48-Restricted,0.6058465195644188,Human,0
Claude48,Restricted,Claude48-Restricted,0.4926635929935151,Human,0
Claude48,Restricted,Claude48-Restricted,0.47463968150939834,Human,0
Claude48,Restricted,Claude48-Restricted,0.4376050090827389,Human,0
Claude48,Restricted,Claude48-Restricted,0.502503488290282,Human,0
Claude48,Restricted,Claude48-Restricted,0.44130646372691673,Human,0
Claude48,Restricted,Claude48-Restricted,0.4492703888795572,Human,0
Claude48,Restricted,Claude48-Restricted,0.45707836771594035,Human,0
Claude48,Restricted,Claude48-Restricted,0.5615134492271218,Human,0
Claude48,Restricted,Claude48-Restricted,0.424025824549592,Human,0
Claude48,Restricted,Claude48-Restricted,0.46938928565240745,Human,0
Claude48,Restricted,Claude48-Restricted,0.5124325201893705,Human,0
Claude48,Restricted,Claude48-Restricted,0.5757580071900911,Human,0
Claude48,Restricted,Claude48-Restricted,0.492265130773782,Human,0
Claude48,Restricted,Claude48-Restricted,0.4183779006600509,Human,0
Claude48,Restricted,Claude48-Restricted,0.49387888075898617,Human,0
Claude48,Restricted,Claude48-Restricted,0.4973451472787373,Human,0
Claude48,Restricted,Claude48-Restricted,0.41172020164376977,Human,0
Claude48,Restricted,Claude48-Restricted,0.4440828450848626,Human,0
Claude48,Restricted,Claude48-Restricted,0.43765462132267213,Human,0
Claude48,Restricted,Claude48-Restricted,0.49958902868189775,Human,0
Claude48,Restricted,Claude48-Restricted,0.4749129661675955,Human,0
Claude48,Restricted,Claude48-Restricted,0.49203080232339524,Human,0
Claude48,Restricted,Claude48-Restricted,0.46903910941172905,Human,0
Claude48,Restricted,Claude48-Restricted,0.5077608732314991,Human,0
Claude48,Restricted,Claude48-Restricted,0.441221002448226,Human,0
Claude48,Restricted,Claude48-Restricted,0.577900560403033,Human,0
Claude48,Restricted,Claude48-Restricted,0.541169007410213,Human,0
Claude48,Restricted,Claude48-Restricted,0.501836248424109,Human,0
Claude48,Restricted,Claude48-Restricted,0.5238602783064975,Human,0
Claude48,Restricted,Claude48-Restricted,0.4427090144758459,Human,0
Claude48,Restricted,Claude48-Restricted,0.4765836095635629,Human,0
Claude48,Restricted,Claude48-Restricted,0.4637159620017196,Human,0
Claude48,Restricted,Claude48-Restricted,0.4950082031876608,Human,0
Claude48,Restricted,Claude48-Restricted,0.5496553476671423,Human,0
Claude48,Restricted,Claude48-Restricted,0.5537098011005267,Human,0
Claude48,Restricted,Claude48-Restricted,0.49612077951134603,Human,0
Claude48,Restricted,Claude48-Restricted,0.4963189689501818,Human,0
Claude48,Restricted,Claude48-Restricted,0.4856034626174507,Human,0
Claude48,Restricted,Claude48-Restricted,0.48170215954523493,Human,0
Claude48,Restricted,Claude48-Restricted,0.49225702354188544,Human,0
Claude48,Restricted,Claude48-Restricted,0.50645913127618,Human,0
Claude48,Restricted,Claude48-Restricted,0.4763491151347604,Human,0
Claude48,Restricted,Claude48-Restricted,0.4737426407671282,Human,0
Claude48,Restricted,Claude48-Restricted,0.5221998403799641,Human,0
Claude48,Restricted,Claude48-Restricted,0.4919684674079457,Human,0
Claude48,Restricted,Claude48-Restricted,0.5236257894831242,Human,0
Claude48,Restricted,Claude48-Restricted,0.5141497937530907,Human,0
Claude48,Restricted,Claude48-Restricted,0.48812038618622333,Human,0
Claude48,Restricted,Claude48-Restricted,0.49825184594435157,Human,0
Claude48,Restricted,Claude48-Restricted,0.587371550493812,Human,0
Claude48,Restricted,Claude48-Restricted,0.537063069373668,Human,0
Claude48,Restricted,Claude48-Restricted,0.5020543023591911,Human,0
Claude48,Restricted,Claude48-Restricted,0.5003920804821628,Human,0
Claude48,Restricted,Claude48-Restricted,0.5697240786359647,Human,0
Claude48,Restricted,Claude48-Restricted,0.4923562537651639,Human,0
Claude48,Restricted,Claude48-Restricted,0.6036639043482546,Human,0
Claude48,Restricted,Claude48-Restricted,0.5353478375417488,Human,0
Claude48,Restricted,Claude48-Restricted,0.5157712002624727,Human,0
Claude48,Restricted,Claude48-Restricted,0.48984677613446803,Human,0
Claude48,Restricted,Claude48-Restricted,0.5459918356491318,Human,0
Claude48,Restricted,Claude48-Restricted,0.5700657375205337,Human,0
Claude48,Restricted,Claude48-Restricted,0.5789947279504642,Human,0
Claude48,Restricted,Claude48-Restricted,0.45593081351544235,Human,0
Claude48,Restricted,Claude48-Restricted,0.5494924948420689,Human,0
Claude48,Restricted,Claude48-Restricted,0.5227400053749858,Human,0
Claude48,Restricted,Claude48-Restricted,0.4423041701513177,Human,0
Claude48,Restricted,Claude48-Restricted,0.5703033047777667,Human,0
Claude48,Restricted,Claude48-Restricted,0.5868238357252712,Human,0
Claude48,Restricted,Claude48-Restricted,0.5283572714854443,Human,0
Claude48,Restricted,Claude48-Restricted,0.531240500801236,Human,0
Claude48,Restricted,Claude48-Restricted,0.5485799917375948,Human,0
Claude48,Restricted,Claude48-Restricted,0.5167093144218985,Human,0
Claude48,Restricted,Claude48-Restricted,0.5801601649747958,Human,0
Claude48,Restricted,Claude48-Restricted,0.4302412888998727,Human,0
Claude48,Restricted,Claude48-Restricted,0.5267320926658561,Human,0
Claude48,Restricted,Claude48-Restricted,0.5340475564059974,Human,0
Claude48,Restricted,Claude48-Restricted,0.6929712513324459,Human,0
Claude48,Restricted,Claude48-Restricted,0.5993165062296232,Human,0
Claude48,Restricted,Claude48-Restricted,0.5920836081671521,Human,0
Claude48,Restricted,Claude48-Restricted,0.5128031737666845,Human,0
Claude48,Restricted,Claude48-Restricted,0.5019861631288944,Human,0
Claude48,Restricted,Claude48-Restricted,0.5068991453041475,Human,0
Claude48,Restricted,Claude48-Restricted,0.5279684711879455,Human,0
Claude48,Restricted,Claude48-Restricted,0.5753772271548109,Human,0
Claude48,Restricted,Claude48-Restricted,0.4722434104967813,Human,0
Claude48,Restricted,Claude48-Restricted,0.4862720629011851,Human,0
Claude48,Restricted,Claude48-Restricted,0.5929720579982014,Human,0
Claude48,Restricted,Claude48-Restricted,0.5468535995174105,Human,0
Claude48,Restricted,Claude48-Restricted,0.4599874281593838,Human,0
Claude48,Restricted,Claude48-Restricted,0.4955620463219799,Human,0
Claude48,Restricted,Claude48-Restricted,0.4046157232734255,Human,0
Claude48,Restricted,Claude48-Restricted,0.47877747696672934,Human,0
Claude48,Restricted,Claude48-Restricted,0.40354858296192664,Human,0
Claude48,Restricted,Claude48-Restricted,0.44647884262572074,Human,0
Claude48,Restricted,Claude48-Restricted,0.4019941090044525,Human,0
Claude48,Restricted,Claude48-Restricted,0.5036185399145041,Human,0
Claude48,Restricted,Claude48-Restricted,0.5173045687917803,Human,0
Claude48,Restricted,Claude48-Restricted,0.5350192538388979,Human,0
Claude48,Restricted,Claude48-Restricted,0.5536751498285786,Human,0
Claude48,Restricted,Claude48-Restricted,0.49163708785549814,Human,0
Claude48,Restricted,Claude48-Restricted,0.48350716210939193,Human,0
Claude48,Restricted,Claude48-Restricted,0.4187562919359478,Human,0
Claude48,Restricted,Claude48-Restricted,0.5003659565223152,Human,0
Claude48,Restricted,Claude48-Restricted,0.49343040592440324,Human,0
Claude48,Restricted,Claude48-Restricted,0.5691344877626009,Human,0
Claude48,Restricted,Claude48-Restricted,0.44068284710192746,Human,0
Claude48,Restricted,Claude48-Restricted,0.5963971957821734,Human,0
Claude48,Restricted,Claude48-Restricted,0.5822613816055516,Human,0
Claude48,Restricted,Claude48-Restricted,0.43914223721727585,Human,0
Claude48,Restricted,Claude48-Restricted,0.3915513293160571,Human,0
Claude48,Restricted,Claude48-Restricted,0.5210030479229512,Human,0
Claude48,Restricted,Claude48-Restricted,0.4271113496029786,Human,0
Claude48,Restricted,Claude48-Restricted,0.5078439161780476,Human,0
Claude48,Restricted,Claude48-Restricted,0.4211302860769299,Human,0
Claude48,Restricted,Claude48-Restricted,0.4611801645535943,Human,0
Claude48,Restricted,Claude48-Restricted,0.4457590253217446,Human,0
Claude48,Restricted,Claude48-Restricted,0.44277193847766844,Human,0
Claude48,Restricted,Claude48-Restricted,0.46097912329222546,Human,0
Claude48,Restricted,Claude48-Restricted,0.4994247406194768,Human,0
Claude48,Restricted,Claude48-Restricted,0.4911771882458429,Human,0
Claude48,Restricted,Claude48-Restricted,0.5099988763519421,Human,0
Claude48,Restricted,Claude48-Restricted,0.5504851602577218,Human,0
Claude48,Restricted,Claude48-Restricted,0.5476903346411081,Human,0
Claude48,Restricted,Claude48-Restricted,0.49092513209588695,Human,0
Claude48,Restricted,Claude48-Restricted,0.5162077183369856,Human,0
Claude48,Restricted,Claude48-Restricted,0.5359201837487967,Human,0
Claude48,Restricted,Claude48-Restricted,0.4472336869333701,Human,0
Claude48,Restricted,Claude48-Restricted,0.4741291678671823,Human,0
Claude48,Restricted,Claude48-Restricted,0.5788370546174451,Human,0
Claude48,Restricted,Claude48-Restricted,0.3980186775673558,Human,0
Claude48,Restricted,Claude48-Restricted,0.47676994147056134,Human,0
Claude48,Restricted,Claude48-Restricted,0.5211734303574164,Human,0
Claude48,Restricted,Claude48-Restricted,0.3904774953764867,Human,0
Claude48,Restricted,Claude48-Restricted,0.4209524826237003,Human,0
Claude48,Restricted,Claude48-Restricted,0.5256700398511095,Human,0
Claude48,Restricted,Claude48-Restricted,0.42112231996998434,Human,0
Claude48,Restricted,Claude48-Restricted,0.4840855857559445,Human,0
Claude48,Restricted,Claude48-Restricted,0.5431515120136914,Human,0
Claude48,Restricted,Claude48-Restricted,0.47721572739298235,Human,0
Claude48,Restricted,Claude48-Restricted,0.4020138403064702,Human,0
Claude48,Restricted,Claude48-Restricted,0.4778265207857233,Human,0
Claude48,Restricted,Claude48-Restricted,0.5003450370679696,Human,0
Claude48,Restricted,Claude48-Restricted,0.45625664304702,Human,0
Claude48,Restricted,Claude48-Restricted,0.5303256199968075,Human,0
Claude48,Restricted,Claude48-Restricted,0.5813616904437916,Human,0
Claude48,Restricted,Claude48-Restricted,0.48565526690868954,Human,0
Claude48,Restricted,Claude48-Restricted,0.485383770748099,Human,0
Claude48,Restricted,Claude48-Restricted,0.5016774984331699,Human,0
Claude48,Restricted,Claude48-Restricted,0.4437610463375466,Human,0
Claude48,Restricted,Claude48-Restricted,0.38907296668724933,Human,0
Claude48,Restricted,Claude48-Restricted,0.456702976000321,Human,0
Claude48,Restricted,Claude48-Restricted,0.44555943814023974,Human,0
Claude48,Restricted,Claude48-Restricted,0.46714699030718565,Human,0
Claude48,Restricted,Claude48-Restricted,0.5032041672597458,Human,0
Claude48,Restricted,Claude48-Restricted,0.43883638726197827,Human,0
Claude48,Restricted,Claude48-Restricted,0.38896111583082765,Human,0
Claude48,Restricted,Claude48-Restricted,0.5815779323425753,Human,0
Claude48,Restricted,Claude48-Restricted,0.5322030594246028,Human,0
Claude48,Restricted,Claude48-Restricted,0.5295884206327962,Human,0
Claude48,Restricted,Claude48-Restricted,0.49512480735958186,Human,0
Claude48,Restricted,Claude48-Restricted,0.455473605530429,Human,0
Claude48,Restricted,Claude48-Restricted,0.47536352297284284,Human,0
Claude48,Restricted,Claude48-Restricted,0.4975768830703281,Human,0
Claude48,Restricted,Claude48-Restricted,0.5694849866998619,Human,0
Claude48,Restricted,Claude48-Restricted,0.49735425633391567,Human,0
Claude48,Restricted,Claude48-Restricted,0.4976664561528814,Human,0
Claude48,Restricted,Claude48-Restricted,0.4545320355204763,Human,0
Claude48,Restricted,Claude48-Restricted,0.5321315015365596,Human,0
Claude48,Restricted,Claude48-Restricted,0.5252920919005238,Human,0
Claude48,Restricted,Claude48-Restricted,0.41437157571018957,Human,0
Claude48,Restricted,Claude48-Restricted,0.4027346666912826,Human,0
Claude48,Restricted,Claude48-Restricted,0.5529855189790504,Human,0
Claude48,Restricted,Claude48-Restricted,0.5190462625583502,Human,0
Claude48,Restricted,Claude48-Restricted,0.5089006174533912,Human,0
Claude48,Restricted,Claude48-Restricted,0.4457346724282818,Human,0
Claude48,Restricted,Claude48-Restricted,0.5149485176703686,Human,0
Claude48,Restricted,Claude48-Restricted,0.35582016680200795,Human,0
Claude48,Restricted,Claude48-Restricted,0.38501076175439697,Human,0
Claude48,Restricted,Claude48-Restricted,0.5729641818383812,Human,0
Claude48,Restricted,Claude48-Restricted,0.48101943739888176,Human,0
Claude48,Restricted,Claude48-Restricted,0.5166953701740639,Human,0
Claude48,Restricted,Claude48-Restricted,0.5672076178563832,Human,0
Claude48,Restricted,Claude48-Restricted,0.5633161957365611,Human,0
Claude48,Restricted,Claude48-Restricted,0.5484174162102801,Human,0
Claude48,Restricted,Claude48-Restricted,0.4542231568647665,Human,0
Claude48,Restricted,Claude48-Restricted,0.4799512672695241,Human,0
Claude48,Restricted,Claude48-Restricted,0.5093581239446391,Human,0
Claude48,Restricted,Claude48-Restricted,0.5091094466632455,Human,0
Claude48,Restricted,Claude48-Restricted,0.5489472819482973,Human,0
Claude48,Restricted,Claude48-Restricted,0.3986806437523281,Human,0
Claude48,Restricted,Claude48-Restricted,0.46263089328921286,Human,0
Claude48,Restricted,Claude48-Restricted,0.5405130090267051,Human,0
Claude48,Restricted,Claude48-Restricted,0.523255368448849,Human,0
Claude48,Restricted,Claude48-Restricted,0.47618915902754605,Human,0
Claude48,Restricted,Claude48-Restricted,0.5152592914935329,Human,0
Claude48,Restricted,Claude48-Restricted,0.48099567469135995,Human,0
Claude48,Restricted,Claude48-Restricted,0.47732693899447626,Human,0
Claude48,Restricted,Claude48-Restricted,0.4429994749410425,Human,0
Claude48,Restricted,Claude48-Restricted,0.5186103863808568,Human,0
Claude48,Restricted,Claude48-Restricted,0.5790530581842844,Human,0
Claude48,Restricted,Claude48-Restricted,0.5406632393699826,Human,0
Claude48,Restricted,Claude48-Restricted,0.4546994335451888,Human,0
Claude48,Restricted,Claude48-Restricted,0.4745372198373158,Human,0
Claude48,Restricted,Claude48-Restricted,0.584982684722167,Human,0
Claude48,Restricted,Claude48-Restricted,0.5332017094167724,Human,0
Claude48,Restricted,Claude48-Restricted,0.5161451456951718,Human,0
Claude48,Restricted,Claude48-Restricted,0.42987077442775673,Human,0
Claude48,Restricted,Claude48-Restricted,0.47276563958018064,Human,0
Claude48,Restricted,Claude48-Restricted,0.41986727032922405,Human,0
Claude48,Restricted,Claude48-Restricted,0.49492105313486484,Human,0
Claude48,Restricted,Claude48-Restricted,0.5058383715351226,Human,0
Claude48,Restricted,Claude48-Restricted,0.4710994316721127,Human,0
Claude48,Restricted,Claude48-Restricted,0.4557063761116062,Human,0
Claude48,Restricted,Claude48-Restricted,0.506814868002313,Human,0
Claude48,Restricted,Claude48-Restricted,0.4947371105197349,Human,0
Claude48,Restricted,Claude48-Restricted,0.5515185200438388,Human,0
Claude48,Restricted,Claude48-Restricted,0.4480851045411353,Human,0
Claude48,Restricted,Claude48-Restricted,0.45177057730368564,Human,0
Claude48,Restricted,Claude48-Restricted,0.5386285690352258,Human,0
Claude48,Restricted,Claude48-Restricted,0.45972773616253193,Human,0
Claude48,Restricted,Claude48-Restricted,0.4924017261836474,Human,0
Claude48,Restricted,Claude48-Restricted,0.5031541578461562,Human,0
Claude48,Restricted,Claude48-Restricted,0.48950560273549454,Human,0
Claude48,Restricted,Claude48-Restricted,0.409746482131008,Human,0
Claude48,Restricted,Claude48-Restricted,0.43992375422884233,Human,0
Claude48,Restricted,Claude48-Restricted,0.5711507504198787,Human,0
Claude48,Restricted,Claude48-Restricted,0.5430471657440158,Human,0
Claude48,Restricted,Claude48-Restricted,0.5316668196638167,Human,0
Claude48,Restricted,Claude48-Restricted,0.4618616979847694,Human,0
Claude48,Restricted,Claude48-Restricted,0.5324659977883364,Human,0
Claude48,Restricted,Claude48-Restricted,0.43863556361213946,Human,0
Claude48,Restricted,Claude48-Restricted,0.40881908293549085,Human,0
Claude48,Restricted,Claude48-Restricted,0.477961503399057,Human,0
Claude48,Restricted,Claude48-Restricted,0.5347684083968661,Human,0
Claude48,Restricted,Claude48-Restricted,0.44162085168083254,Human,0
Claude48,Restricted,Claude48-Restricted,0.49009086110994754,Human,0
Claude48,Restricted,Claude48-Restricted,0.6217737634908361,Human,0
Claude48,Restricted,Claude48-Restricted,0.47749839968371144,Human,0
Claude48,Restricted,Claude48-Restricted,0.5117544547983222,Human,0
Claude48,Restricted,Claude48-Restricted,0.4187564977743749,Human,0
Claude48,Restricted,Claude48-Restricted,0.4782121595486814,Human,0
Claude48,Restricted,Claude48-Restricted,0.5636980767801383,Human,0
Claude48,Restricted,Claude48-Restricted,0.4965465804094523,Human,0
Claude48,Restricted,Claude48-Restricted,0.5169032480941599,Human,0
Claude48,Restricted,Claude48-Restricted,0.5351151312988761,Human,0
Claude48,Restricted,Claude48-Restricted,0.5920648132889736,Human,0
Claude48,Restricted,Claude48-Restricted,0.5185957515488893,Human,0
Claude48,Restricted,Claude48-Restricted,0.5024072885429717,Human,0
Claude48,Restricted,Claude48-Restricted,0.5270486929419826,Human,0
Claude48,Restricted,Claude48-Restricted,0.5082819138161775,Human,0
Claude48,Restricted,Claude48-Restricted,0.5532887864269292,Human,0
Claude48,Restricted,Claude48-Restricted,0.5207743639595847,Human,0
Claude48,Restricted,Claude48-Restricted,0.5615994648308366,Human,0
Claude48,Restricted,Claude48-Restricted,0.5386599508266671,Human,0
Claude48,Restricted,Claude48-Restricted,0.49125341538927975,Human,0
Claude48,Restricted,Claude48-Restricted,0.44342199693927226,Human,0
Claude48,Restricted,Claude48-Restricted,0.4724643111326865,Human,0
Claude48,Restricted,Claude48-Restricted,0.47088079787191284,Human,0
Claude48,Restricted,Claude48-Restricted,0.4295039337619654,Human,0
Claude48,Restricted,Claude48-Restricted,0.4161869765220735,Human,0
Claude48,Restricted,Claude48-Restricted,0.5525721105093238,Human,0
Claude48,Restricted,Claude48-Restricted,0.41536416129656245,Human,0
Claude48,Restricted,Claude48-Restricted,0.5355837229823158,Human,0
Claude48,Restricted,Claude48-Restricted,0.515728223061848,Human,0
Claude48,Restricted,Claude48-Restricted,0.42834840107580485,Human,0
Claude48,Restricted,Claude48-Restricted,0.4830263760060186,Human,0
Claude48,Restricted,Claude48-Restricted,0.5200830903085913,Human,0
Claude48,Restricted,Claude48-Restricted,0.488687264852477,Human,0
Claude48,Restricted,Claude48-Restricted,0.39176275269616095,Human,0
Claude48,Restricted,Claude48-Restricted,0.49621834149553,Human,0
Claude48,Restricted,Claude48-Restricted,0.4946619592333485,Human,0
Claude48,Restricted,Claude48-Restricted,0.49464442631609834,Human,0
Claude48,Restricted,Claude48-Restricted,0.5114054999819059,Human,0
Claude48,Restricted,Claude48-Restricted,0.5290526177195702,Human,0
Claude48,Restricted,Claude48-Restricted,0.597500212628964,Human,0
Claude48,Restricted,Claude48-Restricted,0.5145583511404347,Human,0
Claude48,Restricted,Claude48-Restricted,0.4992504248047049,Human,0
Claude48,Restricted,Claude48-Restricted,0.6538768466340927,Human,0
Claude48,Restricted,Claude48-Restricted,0.4877294427265995,Human,0
Claude48,Restricted,Claude48-Restricted,0.43753925332587945,Human,0
Claude48,Restricted,Claude48-Restricted,0.5006112424800039,Human,0
Claude48,Restricted,Claude48-Restricted,0.4665838360686113,Human,0
Claude48,Restricted,Claude48-Restricted,0.4939098132852497,Human,0
Claude48,Restricted,Claude48-Restricted,0.5452430429050131,Human,0
Claude48,Restricted,Claude48-Restricted,0.5456262425203298,Human,0
Claude48,Restricted,Claude48-Restricted,0.6126649899026763,Human,0
Claude48,Restricted,Claude48-Restricted,0.5192789452390445,Human,0
Claude48,Restricted,Claude48-Restricted,0.5003288011445388,Human,0
Claude48,Restricted,Claude48-Restricted,0.3715095782126437,Human,0
Claude48,Restricted,Claude48-Restricted,0.4726467337503624,Human,0
Claude48,Restricted,Claude48-Restricted,0.47953689361008994,Human,0
Claude48,Restricted,Claude48-Restricted,0.5358851498986266,Human,0
Claude48,Restricted,Claude48-Restricted,0.5212897817527818,Human,0
Claude48,Restricted,Claude48-Restricted,0.48987579764030714,Human,0
Claude48,Restricted,Claude48-Restricted,0.5402597427444924,Human,0
Claude48,Restricted,Claude48-Restricted,0.5117660360495097,Human,0
Claude48,Restricted,Claude48-Restricted,0.5107164154963859,Human,0
Claude48,Restricted,Claude48-Restricted,0.46916633205530356,Human,0
Claude48,Restricted,Claude48-Restricted,0.47067793638568783,Human,0
Claude48,Restricted,Claude48-Restricted,0.502843481789796,Human,0
Claude48,Restricted,Claude48-Restricted,0.486602544707315,Human,0
Claude48,Restricted,Claude48-Restricted,0.4329911395069456,Human,0
Claude48,Restricted,Claude48-Restricted,0.38877035482378525,Human,0
Claude48,Restricted,Claude48-Restricted,0.4587150622371697,Human,0
Claude48,Restricted,Claude48-Restricted,0.4081951844054502,Human,0
Claude48,Restricted,Claude48-Restricted,0.45407638019268537,Human,0
Claude48,Restricted,Claude48-Restricted,0.4838581370090708,Human,0
Claude48,Restricted,Claude48-Restricted,0.48834378551768043,Human,0
Claude48,Restricted,Claude48-Restricted,0.5296175350226303,Human,0
Claude48,Restricted,Claude48-Restricted,0.532441323189655,Human,0
Claude48,Restricted,Claude48-Restricted,0.5245620241110747,Human,0
Claude48,Restricted,Claude48-Restricted,0.5235144656544898,Human,0
Claude48,Restricted,Claude48-Restricted,0.5456067077592094,Human,0
Claude48,Restricted,Claude48-Restricted,0.48085461991531,Human,0
Claude48,Restricted,Claude48-Restricted,0.4852258994532118,Human,0
Claude48,Restricted,Claude48-Restricted,0.5748925797455562,Human,0
Claude48,Restricted,Claude48-Restricted,0.5229644317670439,Human,0
Claude48,Restricted,Claude48-Restricted,0.45940521147449354,Human,0
Claude48,Restricted,Claude48-Restricted,0.565879790284073,Human,0
Claude48,Restricted,Claude48-Restricted,0.566671425721968,Human,0
Claude48,Restricted,Claude48-Restricted,0.3817179431084507,Human,0
Claude48,Restricted,Claude48-Restricted,0.48204735775659446,Human,0
Claude48,Restricted,Claude48-Restricted,0.5436955204123065,Human,0
Claude48,Restricted,Claude48-Restricted,0.5381995019954466,Human,0
Claude48,Restricted,Claude48-Restricted,0.5011533283869573,Human,0
Claude48,Restricted,Claude48-Restricted,0.48836153829481843,Human,0
Claude48,Restricted,Claude48-Restricted,0.49359111854849114,Human,0
Claude48,Restricted,Claude48-Restricted,0.45152089331375145,Human,0
Claude48,Restricted,Claude48-Restricted,0.4275741438972473,Human,0
Claude48,Restricted,Claude48-Restricted,0.49698840842592124,Human,0
Claude48,Restricted,Claude48-Restricted,0.5149197359184394,Human,0
Claude48,Restricted,Claude48-Restricted,0.5231091259629777,Human,0
Claude48,Restricted,Claude48-Restricted,0.48987066475027136,Human,0
Claude48,Restricted,Claude48-Restricted,0.5896612207178628,Human,0
Claude48,Restricted,Claude48-Restricted,0.5921208481958165,Human,0
Claude48,Restricted,Claude48-Restricted,0.5002138730777901,Human,0
Claude48,Restricted,Claude48-Restricted,0.45655451584208734,Human,0
Claude48,Restricted,Claude48-Restricted,0.4744173315780736,Human,0
Claude48,Restricted,Claude48-Restricted,0.5175520182188169,Human,0
Claude48,Restricted,Claude48-Restricted,0.5042658588943719,Human,0
Claude48,Restricted,Claude48-Restricted,0.4446590484989832,Human,0
Claude48,Restricted,Claude48-Restricted,0.5096317501549869,Human,0
Claude48,Restricted,Claude48-Restricted,0.5384964551606478,Human,0
Claude48,Restricted,Claude48-Restricted,0.43747251514888447,Human,0
Claude48,Restricted,Claude48-Restricted,0.5343673376138945,Human,0
Claude48,Restricted,Claude48-Restricted,0.49274691937058385,Human,0
Claude48,Restricted,Claude48-Restricted,0.5368794214623895,Human,0
Claude48,Restricted,Claude48-Restricted,0.48460556917888015,Human,0
Claude48,Restricted,Claude48-Restricted,0.5150875275898266,Human,0
Claude48,Restricted,Claude48-Restricted,0.47848071492598054,Human,0
Claude48,Restricted,Claude48-Restricted,0.5197953613400724,Human,0
Claude48,Restricted,Claude48-Restricted,0.5133078765774064,Human,0
Claude48,Restricted,Claude48-Restricted,0.47017536772851337,Human,0
Claude48,Restricted,Claude48-Restricted,0.5273298536080352,Human,0
Claude48,Restricted,Claude48-Restricted,0.49551026997461495,Human,0
Claude48,Restricted,Claude48-Restricted,0.44542198654928844,Human,0
Claude48,Restricted,Claude48-Restricted,0.5191342771818217,Human,0
Claude48,Restricted,Claude48-Restricted,0.556843214296415,Human,0
Claude48,Restricted,Claude48-Restricted,0.4593286911409126,Human,0
Claude48,Restricted,Claude48-Restricted,0.42898000580986884,Human,0
Claude48,Restricted,Claude48-Restricted,0.4948824856089795,Human,0
Claude48,Restricted,Claude48-Restricted,0.5087468139489206,Human,0
Claude48,Restricted,Claude48-Restricted,0.5114363237460164,Human,0
Claude48,Restricted,Claude48-Restricted,0.45923848340819773,Human,0
Claude48,Restricted,Claude48-Restricted,0.5531337743805909,Human,0
Claude48,Restricted,Claude48-Restricted,0.5733013613694031,Human,0
Claude48,Restricted,Claude48-Restricted,0.49429797312778284,Human,0
Claude48,Restricted,Claude48-Restricted,0.5263755432929834,Human,0
Claude48,Restricted,Claude48-Restricted,0.5794597485096858,Human,0
Claude48,Restricted,Claude48-Restricted,0.5313939451568072,Human,0
Claude48,Restricted,Claude48-Restricted,0.5194334848113968,Human,0
Claude48,Restricted,Claude48-Restricted,0.5801122374559016,Human,0
Claude48,Restricted,Claude48-Restricted,0.519730322882976,Human,0
Claude48,Restricted,Claude48-Restricted,0.49252396147268074,Human,0
Claude48,Restricted,Claude48-Restricted,0.547707926665667,Human,0
Claude48,Restricted,Claude48-Restricted,0.5512498522838889,Human,0
Claude48,Restricted,Claude48-Restricted,0.5589924034841661,Human,0
Claude48,Restricted,Claude48-Restricted,0.4939309223622159,Human,0
Claude48,Restricted,Claude48-Restricted,0.4667300724920709,Human,0
Claude48,Restricted,Claude48-Restricted,0.42318585742427045,Human,0
Claude48,Restricted,Claude48-Restricted,0.46864561166444857,Human,0
Claude48,Restricted,Claude48-Restricted,0.4723412028040097,Human,0
Claude48,Restricted,Claude48-Restricted,0.47797513125210683,Human,0
Claude48,Restricted,Claude48-Restricted,0.49495375676591885,Human,0
Claude48,Restricted,Claude48-Restricted,0.48053012257906325,Human,0
Claude48,Restricted,Claude48-Restricted,0.4671398842926342,Human,0
Claude48,Restricted,Claude48-Restricted,0.483610617061533,Human,0
Claude48,Restricted,Claude48-Restricted,0.5347299692097442,Human,0
Claude48,Restricted,Claude48-Restricted,0.5514160211897109,Human,0
Claude48,Restricted,Claude48-Restricted,0.4864938982900303,Human,0
Claude48,Restricted,Claude48-Restricted,0.4734273135979869,Human,0
Claude48,Restricted,Claude48-Restricted,0.47431814883944795,Human,0
Claude48,Restricted,Claude48-Restricted,0.44568190102585986,Human,0
Claude48,Restricted,Claude48-Restricted,0.40150901521386234,Human,0
Claude48,Restricted,Claude48-Restricted,0.4323307335426331,Human,0
Claude48,Restricted,Claude48-Restricted,0.5168222954677538,Human,0
Claude48,Restricted,Claude48-Restricted,0.5025944842831153,Human,0
Claude48,Restricted,Claude48-Restricted,0.44225649041298415,Human,0
Claude48,Restricted,Claude48-Restricted,0.43591834302342436,Human,0
Claude48,Restricted,Claude48-Restricted,0.5764597815082989,Human,0
Claude48,Restricted,Claude48-Restricted,0.5726566708946945,Human,0
Claude48,Restricted,Claude48-Restricted,0.5051639829445195,Human,0
Claude48,Restricted,Claude48-Restricted,0.5126350429119892,Human,0
Claude48,Restricted,Claude48-Restricted,0.5128272394043089,Human,0
Claude48,Restricted,Claude48-Restricted,0.5532121099816425,Human,0
Claude48,Restricted,Claude48-Restricted,0.42568689036331575,Human,0
Claude48,Restricted,Claude48-Restricted,0.4502232393130259,Human,0
Claude48,Restricted,Claude48-Restricted,0.4719569991606892,Human,0
Claude48,Restricted,Claude48-Restricted,0.5749530013220718,Human,0
Claude48,Restricted,Claude48-Restricted,0.47524613019474105,Human,0
Claude48,Restricted,Claude48-Restricted,0.508181449101592,Human,0
Claude48,Restricted,Claude48-Restricted,0.48623601060633354,Human,0
Claude48,Restricted,Claude48-Restricted,0.48097021275208457,Human,0
Claude48,Restricted,Claude48-Restricted,0.4118279020737244,Human,0
Claude48,Restricted,Claude48-Restricted,0.5368690208581892,Human,0
Claude48,Restricted,Claude48-Restricted,0.4598381064665467,Human,0
Claude48,Restricted,Claude48-Restricted,0.45806212416826003,Human,0
Claude48,Restricted,Claude48-Restricted,0.4322310956037584,Human,0
Claude48,Restricted,Claude48-Restricted,0.5754736544467227,Human,0
Claude48,Restricted,Claude48-Restricted,0.45975129951541105,Human,0
Claude48,Restricted,Claude48-Restricted,0.47870061465584623,Human,0
Claude48,Restricted,Claude48-Restricted,0.5362069351260681,Human,0
Claude48,Restricted,Claude48-Restricted,0.4802643804984931,Human,0
Claude48,Restricted,Claude48-Restricted,0.46262296658480345,Human,0
Claude48,Restricted,Claude48-Restricted,0.4564850178881819,Human,0
Claude48,Restricted,Claude48-Restricted,0.6042641939964604,Human,0
Claude48,Restricted,Claude48-Restricted,0.4875249439559833,Human,0
Claude48,Restricted,Claude48-Restricted,0.504148460672876,Human,0
Claude48,Restricted,Claude48-Restricted,0.5389840596176099,Human,0
Claude48,Restricted,Claude48-Restricted,0.520139622030636,Human,0
Claude48,Restricted,Claude48-Restricted,0.4591378385925807,Human,0
Claude48,Restricted,Claude48-Restricted,0.5055813488286058,Human,0
Claude48,Restricted,Claude48-Restricted,0.5516775578668057,Human,0
Claude48,Restricted,Claude48-Restricted,0.48603155402165055,Human,0
Claude48,Restricted,Claude48-Restricted,0.5541275369391188,Human,0
Claude48,Restricted,Claude48-Restricted,0.595917144627334,Human,0
Claude48,Restricted,Claude48-Restricted,0.48241548985362825,Human,0
Claude48,Restricted,Claude48-Restricted,0.49991659506133657,Human,0
Claude48,Restricted,Claude48-Restricted,0.46762986085185954,Human,0
Claude48,Restricted,Claude48-Restricted,0.5191864611035029,Human,0
Claude48,Restricted,Claude48-Restricted,0.5145197611885409,Human,0
Claude48,Restricted,Claude48-Restricted,0.45174987691225266,Human,0
Claude48,Restricted,Claude48-Restricted,0.484577886213973,Human,0
Claude48,Restricted,Claude48-Restricted,0.45336473334414085,Human,0
Claude48,Restricted,Claude48-Restricted,0.532043481409342,Human,0
Claude48,Restricted,Claude48-Restricted,0.4928480321336005,Human,0
Claude48,Restricted,Claude48-Restricted,0.5147337415528963,Human,0
Claude48,Restricted,Claude48-Restricted,0.631726603151678,Human,0
Claude48,Restricted,Claude48-Restricted,0.5238139355369248,Human,0
Claude48,Restricted,Claude48-Restricted,0.49392012373582234,Human,0
Claude48,Restricted,Claude48-Restricted,0.5200933804863482,Human,0
Claude48,Restricted,Claude48-Restricted,0.5415944143618351,Human,0
Claude48,Restricted,Claude48-Restricted,0.5514600665048628,Human,0
Claude48,Restricted,Claude48-Restricted,0.6289974614258018,Human,0
Claude48,Restricted,Claude48-Restricted,0.554753951804664,Human,0
Claude48,Restricted,Claude48-Restricted,0.5598314225311962,Human,0
Claude48,Restricted,Claude48-Restricted,0.5885881434855457,Human,0
Claude48,Restricted,Claude48-Restricted,0.5809757196288746,Human,0
Claude48,Restricted,Claude48-Restricted,0.5504393680647988,Human,0
Claude48,Restricted,Claude48-Restricted,0.5047889244911242,Human,0
Claude48,Restricted,Claude48-Restricted,0.44558185990265,Human,0
Claude48,Restricted,Claude48-Restricted,0.5485296963382738,Human,0
Claude48,Restricted,Claude48-Restricted,0.5695193239129402,Human,0
Claude48,Restricted,Claude48-Restricted,0.49447773297385494,Human,0
Claude48,Restricted,Claude48-Restricted,0.47861273883996097,Human,0
Claude48,Restricted,Claude48-Restricted,0.5186248028661679,Human,0
Claude48,Restricted,Claude48-Restricted,0.5170092719414682,Human,0
Claude48,Restricted,Claude48-Restricted,0.5074064426208372,Human,0
Claude48,Restricted,Claude48-Restricted,0.45180463462893894,Human,0
Claude48,Restricted,Claude48-Restricted,0.494455977353774,Human,0
Claude48,Restricted,Claude48-Restricted,0.5128152071560824,Human,0
Claude48,Restricted,Claude48-Restricted,0.45475436835395683,Human,0
Claude48,Restricted,Claude48-Restricted,0.47348991565532816,Human,0
Claude48,Restricted,Claude48-Restricted,0.47205099499003633,Human,0
Claude48,Restricted,Claude48-Restricted,0.5106979546374437,Human,0
Claude48,Restricted,Claude48-Restricted,0.4541147216807529,Human,0
Claude48,Restricted,Claude48-Restricted,0.578169900144302,Human,0
Claude48,Restricted,Claude48-Restricted,0.535653224563068,Human,0
Claude48,Restricted,Claude48-Restricted,0.4892005354567782,Human,0
Claude48,Restricted,Claude48-Restricted,0.4539651130368568,Human,0
Claude48,Restricted,Claude48-Restricted,0.4742578048710375,Human,0
Claude48,Restricted,Claude48-Restricted,0.5334126896227285,Human,0
Claude48,Restricted,Claude48-Restricted,0.4946339177888913,Human,0
Claude48,Restricted,Claude48-Restricted,0.4989063510917353,Human,0
Claude48,Restricted,Claude48-Restricted,0.5366780923243814,Human,0
Claude48,Restricted,Claude48-Restricted,0.5262106590600413,Human,0
Claude48,Restricted,Claude48-Restricted,0.5494643511770597,Human,0
Claude48,Restricted,Claude48-Restricted,0.5346725080370908,Human,0
Claude48,Restricted,Claude48-Restricted,0.5949642941264536,Human,0
Claude48,Restricted,Claude48-Restricted,0.5564592416901406,Human,0
Claude48,Restricted,Claude48-Restricted,0.6064934679295358,Human,0
Claude48,Restricted,Claude48-Restricted,0.5521475493444887,Human,0
Claude48,Restricted,Claude48-Restricted,0.5311464508273965,Human,0
Claude48,Restricted,Claude48-Restricted,0.5868802900099577,Human,0
Claude48,Restricted,Claude48-Restricted,0.5675973204337585,Human,0
Claude48,Restricted,Claude48-Restricted,0.5006646946122585,Human,0
Claude48,Restricted,Claude48-Restricted,0.5085027486068583,Human,0
Claude48,Restricted,Claude48-Restricted,0.5107094862928848,Human,0
Claude48,Restricted,Claude48-Restricted,0.5635505395437707,Human,0
Claude48,Restricted,Claude48-Restricted,0.5763756268978594,Human,0
Claude48,Restricted,Claude48-Restricted,0.5363012036099403,Human,0
Claude48,Restricted,Claude48-Restricted,0.5208052550255038,Human,0
Claude48,Restricted,Claude48-Restricted,0.4840470954932166,Human,0
Claude48,Restricted,Claude48-Restricted,0.6359143334046813,Human,0
Claude48,Restricted,Claude48-Restricted,0.5809458508622178,Human,0
Claude48,Restricted,Claude48-Restricted,0.5052173596123395,Human,0
Claude48,Restricted,Claude48-Restricted,0.5225396049972271,Human,0
Claude48,Restricted,Claude48-Restricted,0.48445651937453327,Human,0
Claude48,Restricted,Claude48-Restricted,0.5657936942253846,Human,0
Claude48,Restricted,Claude48-Restricted,0.56463110481965,Human,0
Claude48,Restricted,Claude48-Restricted,0.5086265321380518,Human,0
Claude48,Restricted,Claude48-Restricted,0.5772787891132763,Human,0
Claude48,Restricted,Claude48-Restricted,0.5355264529565934,Human,0
Claude48,Restricted,Claude48-Restricted,0.46772966898744656,Human,0
Claude48,Restricted,Claude48-Restricted,0.5286400091838621,Human,0
Claude48,Restricted,Claude48-Restricted,0.48032575539704864,Human,0
Claude48,Restricted,Claude48-Restricted,0.44961993035581665,Human,0
Claude48,Restricted,Claude48-Restricted,0.46335669483348696,Human,0
Claude48,Restricted,Claude48-Restricted,0.4593028488201757,Human,0
Claude48,Restricted,Claude48-Restricted,0.5478276348417364,Human,0
Claude48,Restricted,Claude48-Restricted,0.5626545331874382,Human,0
Claude48,Restricted,Claude48-Restricted,0.5559928353037614,Human,0
Claude48,Restricted,Claude48-Restricted,0.5237786595516489,Human,0
Claude48,Restricted,Claude48-Restricted,0.5696618848444969,Human,0
Claude48,Restricted,Claude48-Restricted,0.47934845174990165,Human,0
Claude48,Restricted,Claude48-Restricted,0.57908007706353,Human,0
Claude48,Restricted,Claude48-Restricted,0.6417246033961294,Human,0
Claude48,Restricted,Claude48-Restricted,0.5239060511001253,Human,0
Claude48,Restricted,Claude48-Restricted,0.4581586941057623,Human,0
Claude48,Restricted,Claude48-Restricted,0.5133806824725512,Human,0
Claude48,Restricted,Claude48-Restricted,0.5576186350314316,Human,0
Claude48,Restricted,Claude48-Restricted,0.47445604638258454,Human,0
Claude48,Restricted,Claude48-Restricted,0.5376288922953826,Human,0
Claude48,Restricted,Claude48-Restricted,0.5516203769141305,Human,0
Claude48,Restricted,Claude48-Restricted,0.5376254312191114,Human,0
Claude48,Restricted,Claude48-Restricted,0.5337516684181781,Human,0
Claude48,Restricted,Claude48-Restricted,0.4708209108366981,Human,0
Claude48,Restricted,Claude48-Restricted,0.5390971771153732,Human,0
Claude48,Restricted,Claude48-Restricted,0.5125226246995255,Human,0
Claude48,Restricted,Claude48-Restricted,0.5713429421659658,Human,0
Claude48,Restricted,Claude48-Restricted,0.501007663602542,Human,0
Claude48,Restricted,Claude48-Restricted,0.5255756420261353,Human,0
Claude48,Restricted,Claude48-Restricted,0.5661106949310774,Human,0
Claude48,Restricted,Claude48-Restricted,0.5246329051279767,Human,0
Claude48,Restricted,Claude48-Restricted,0.5252830959321877,Human,0
Claude48,Restricted,Claude48-Restricted,0.5084769005659268,Human,0
Claude48,Restricted,Claude48-Restricted,0.5316092115968972,Human,0
Claude48,Restricted,Claude48-Restricted,0.5223389503632831,Human,0
Claude48,Restricted,Claude48-Restricted,0.5920072133126679,Human,0
Claude48,Restricted,Claude48-Restricted,0.5841983369182582,Human,0
Claude48,Restricted,Claude48-Restricted,0.493072522982252,Human,0
Claude48,Restricted,Claude48-Restricted,0.5164861343349035,Human,0
Claude48,Restricted,Claude48-Restricted,0.5197912704049376,Human,0
Claude48,Restricted,Claude48-Restricted,0.5512022067825549,Human,0
Claude48,Restricted,Claude48-Restricted,0.554298753279921,Human,0
Claude48,Restricted,Claude48-Restricted,0.5516284771370759,Human,0
Claude48,Restricted,Claude48-Restricted,0.5958875888471141,Human,0
Claude48,Restricted,Claude48-Restricted,0.48885953197868276,Human,0
Claude48,Restricted,Claude48-Restricted,0.5561086812778523,Human,0
Claude48,Restricted,Claude48-Restricted,0.5654251749699561,Human,0
Claude48,Restricted,Claude48-Restricted,0.47796729263336724,Human,0
Claude48,Restricted,Claude48-Restricted,0.6292427317018505,Human,0
Claude48,Restricted,Claude48-Restricted,0.6090724559298595,Human,0
Claude48,Restricted,Claude48-Restricted,0.4935431235835079,Human,0
Claude48,Restricted,Claude48-Restricted,0.502942681394659,Human,0
Claude48,Restricted,Claude48-Restricted,0.536037321816545,Human,0
Claude48,Restricted,Claude48-Restricted,0.4936625085509735,Human,0
Claude48,Restricted,Claude48-Restricted,0.510696335365974,Human,0
Claude48,Restricted,Claude48-Restricted,0.5536688782547302,Human,0
Claude48,Restricted,Claude48-Restricted,0.4921646270276923,Human,0
Claude48,Restricted,Claude48-Restricted,0.4660752705150841,Human,0
Claude48,Restricted,Claude48-Restricted,0.5587146798230316,Human,0
Claude48,Restricted,Claude48-Restricted,0.5442808164763976,Human,0
Claude48,Restricted,Claude48-Restricted,0.5754770840086602,Human,0
Claude48,Restricted,Claude48-Restricted,0.5135816123722646,Human,0
Claude48,Restricted,Claude48-Restricted,0.4965839660144868,Human,0
Claude48,Restricted,Claude48-Restricted,0.42027602958222104,Human,0
Claude48,Restricted,Claude48-Restricted,0.5116539898581368,Human,0
Claude48,Restricted,Claude48-Restricted,0.6055071135206624,Human,0
Claude48,Restricted,Claude48-Restricted,0.5594839511719385,Human,0
Claude48,Restricted,Claude48-Restricted,0.5515795970350522,Human,0
Claude48,Restricted,Claude48-Restricted,0.5393816855788249,Human,0
Claude48,Restricted,Claude48-Restricted,0.5524173172225652,Human,0
Claude48,Restricted,Claude48-Restricted,0.5462898585173401,Human,0
Claude48,Restricted,Claude48-Restricted,0.4490314398421565,Human,0
Claude48,Restricted,Claude48-Restricted,0.48713950063129396,Human,0
Claude48,Restricted,Claude48-Restricted,0.568130384074404,Human,0
Claude48,Restricted,Claude48-Restricted,0.5936605572622352,Human,0
Claude48,Restricted,Claude48-Restricted,0.6011746532250194,Human,0
Claude48,Restricted,Claude48-Restricted,0.5126259126231352,Human,0
Claude48,Restricted,Claude48-Restricted,0.5498997586846325,Human,0
Claude48,Restricted,Claude48-Restricted,0.5803593807682246,Human,0
Claude48,Restricted,Claude48-Restricted,0.6193670087292074,Human,0
Claude48,Restricted,Claude48-Restricted,0.5429903917530944,Human,0
Claude48,Restricted,Claude48-Restricted,0.5795597700410531,Human,0
Claude48,Restricted,Claude48-Restricted,0.5119038765838907,Human,0
Claude48,Restricted,Claude48-Restricted,0.5990253857792078,Human,0
Claude48,Restricted,Claude48-Restricted,0.5783726580429558,Human,0
Claude48,Restricted,Claude48-Restricted,0.6136992497364029,Human,0
Claude48,Restricted,Claude48-Restricted,0.6257338169658424,Human,0
Claude48,Restricted,Claude48-Restricted,0.5775582459479479,Human,0
Claude48,Restricted,Claude48-Restricted,0.518100635212614,Human,0
Claude48,Restricted,Claude48-Restricted,0.5137733325671482,Human,0
Claude48,Restricted,Claude48-Restricted,0.5368054797617399,Human,0
Claude48,Restricted,Claude48-Restricted,0.6173169202587979,Human,0
Claude48,Restricted,Claude48-Restricted,0.5957983394570942,Human,0
Claude48,Restricted,Claude48-Restricted,0.5761782845157595,Human,0
Claude48,Restricted,Claude48-Restricted,0.5224543565865889,Human,0
Claude48,Restricted,Claude48-Restricted,0.480598853473874,Human,0
Claude48,Restricted,Claude48-Restricted,0.5490525995616283,Human,0
Claude48,Restricted,Claude48-Restricted,0.5823675234164147,Human,0
Claude48,Restricted,Claude48-Restricted,0.5487907526288627,Human,0
Claude48,Restricted,Claude48-Restricted,0.46583460347776284,Human,0
Claude48,Restricted,Claude48-Restricted,0.5010328107358722,Human,0
Claude48,Restricted,Claude48-Restricted,0.5162450547813392,Human,0
Claude48,Restricted,Claude48-Restricted,0.4429279076479345,Human,0
Claude48,Restricted,Claude48-Restricted,0.6075136308970718,Human,0
Claude48,Restricted,Claude48-Restricted,0.5698193092557865,Human,0
Claude48,Restricted,Claude48-Restricted,0.4947016600853911,Human,0
Claude48,Restricted,Claude48-Restricted,0.628886216030756,Human,0
Claude48,Restricted,Claude48-Restricted,0.5927092821375952,Human,0
Claude48,Restricted,Claude48-Restricted,0.5371656665093956,Human,0
Claude48,Restricted,Claude48-Restricted,0.5008657543745102,Human,0
Claude48,Restricted,Claude48-Restricted,0.485992567657792,Human,0
Claude48,Restricted,Claude48-Restricted,0.5610423121587781,Human,0
Claude48,Restricted,Claude48-Restricted,0.55455080034373,Human,0
Claude48,Restricted,Claude48-Restricted,0.6035719344368543,Human,0
Claude48,Restricted,Claude48-Restricted,0.45357890133165024,Human,0
Claude48,Restricted,Claude48-Restricted,0.5820972983297484,Human,0
Claude48,Restricted,Claude48-Restricted,0.5433663530028745,Human,0
Claude48,Restricted,Claude48-Restricted,0.5776916845505365,Human,0
Claude48,Restricted,Claude48-Restricted,0.501800522623446,Human,0
Claude48,Restricted,Claude48-Restricted,0.5328203773993735,Human,0
Claude48,Restricted,Claude48-Restricted,0.5478844232953997,Human,0
Claude48,Restricted,Claude48-Restricted,0.5802159877218602,Human,0
Claude48,Restricted,Claude48-Restricted,0.5540110788018594,Human,0
Claude48,Restricted,Claude48-Restricted,0.5880218493462376,Human,0
Claude48,Restricted,Claude48-Restricted,0.5262090677446088,Human,0
Claude48,Restricted,Claude48-Restricted,0.547825226080496,Human,0
Claude48,Restricted,Claude48-Restricted,0.5452079314203574,Human,0
Claude48,Restricted,Claude48-Restricted,0.5288842699958928,Human,0
Claude48,Restricted,Claude48-Restricted,0.5007981821875106,Human,0
Claude48,Restricted,Claude48-Restricted,0.5310893730720219,Human,0
Claude48,Restricted,Claude48-Restricted,0.5594594760523208,Human,0
Claude48,Restricted,Claude48-Restricted,0.5647277985233007,Human,0
Claude48,Restricted,Claude48-Restricted,0.5125383128699044,Human,0
Claude48,Restricted,Claude48-Restricted,0.505720335002951,Human,0
Claude48,Restricted,Claude48-Restricted,0.5802587602426411,Human,0
Claude48,Restricted,Claude48-Restricted,0.7270391161373942,Human,0
Claude48,Restricted,Claude48-Restricted,0.525012721668074,Human,0
Claude48,Restricted,Claude48-Restricted,0.5763378075929988,Human,0
Claude48,Restricted,Claude48-Restricted,0.5334412810641957,Human,0
Claude48,Restricted,Claude48-Restricted,0.4469347763794755,Human,0
Claude48,Restricted,Claude48-Restricted,0.4941219247045606,Human,0
Claude48,Restricted,Claude48-Restricted,0.5443566113330298,Human,0
Claude48,Restricted,Claude48-Restricted,0.5061469681707532,Human,0
Claude48,Restricted,Claude48-Restricted,0.5280343053356861,Human,0
Claude48,Restricted,Claude48-Restricted,0.4728668332244917,Human,0
Claude48,Restricted,Claude48-Restricted,0.5466023619405568,Human,0
Claude48,Restricted,Claude48-Restricted,0.5111249672754303,Human,0
Claude48,Restricted,Claude48-Restricted,0.6189028503169097,Human,0
Claude48,Restricted,Claude48-Restricted,0.4147719112271492,Human,0
Claude48,Restricted,Claude48-Restricted,0.5941078580525775,Human,0
Claude48,Restricted,Claude48-Restricted,0.5157101045406675,Human,0
Claude48,Restricted,Claude48-Restricted,0.6282040916420775,Human,0
Claude48,Restricted,Claude48-Restricted,0.5075131705467829,Human,0
Claude48,Restricted,Claude48-Restricted,0.4778875683027499,Human,0
Claude48,Restricted,Claude48-Restricted,0.4737079837233897,Human,0
Claude48,Restricted,Claude48-Restricted,0.5486127716132421,Human,0
Claude48,Restricted,Claude48-Restricted,0.5382023925472634,Human,0
Claude48,Restricted,Claude48-Restricted,0.5337395173220064,Human,0
Claude48,Restricted,Claude48-Restricted,0.5384844805974925,Human,0
Claude48,Restricted,Claude48-Restricted,0.5105322373299443,Human,0
Claude48,Restricted,Claude48-Restricted,0.46760191873469326,Human,0
Claude48,Restricted,Claude48-Restricted,0.5212746636725193,Human,0
Claude48,Restricted,Claude48-Restricted,0.5444114175162875,Human,0
Claude48,Restricted,Claude48-Restricted,0.5399950292453112,Human,0
Claude48,Restricted,Claude48-Restricted,0.4400252407408383,Human,0
Claude48,Restricted,Claude48-Restricted,0.5627964954384209,Human,0
Claude48,Restricted,Claude48-Restricted,0.538799991150414,Human,0
Claude48,Restricted,Claude48-Restricted,0.48840711100441475,Human,0
Claude48,Restricted,Claude48-Restricted,0.5413008228872661,Human,0
Claude48,Restricted,Claude48-Restricted,0.4584623018597078,Human,0
Claude48,Restricted,Claude48-Restricted,0.535998604613474,Human,0
Claude48,Restricted,Claude48-Restricted,0.484749323498624,Human,0
Claude48,Restricted,Claude48-Restricted,0.5246710732561812,Human,0
Claude48,Restricted,Claude48-Restricted,0.5058820431386131,Human,0
Claude48,Restricted,Claude48-Restricted,0.47504696692168746,Human,0
Claude48,Restricted,Claude48-Restricted,0.49725460018884915,Human,0
Claude48,Restricted,Claude48-Restricted,0.49939441264463785,Human,0
Claude48,Restricted,Claude48-Restricted,0.48053584447624914,Human,0
Claude48,Restricted,Claude48-Restricted,0.4990712860177005,Human,0
Claude48,Restricted,Claude48-Restricted,0.5382877950672414,Human,0
Claude48,Restricted,Claude48-Restricted,0.6493491897198457,Human,0
Claude48,Restricted,Claude48-Restricted,0.5504431406101724,Human,0
Claude48,Restricted,Claude48-Restricted,0.5292858276458348,Human,0
Claude48,Restricted,Claude48-Restricted,0.5027096736321828,Human,0
Claude48,Restricted,Claude48-Restricted,0.5173894450360615,Human,0
Claude48,Restricted,Claude48-Restricted,0.5661152339111382,Human,0
Claude48,Restricted,Claude48-Restricted,0.4764150555684265,Human,0
Claude48,Restricted,Claude48-Restricted,0.46493754071612386,Human,0
Claude48,Restricted,Claude48-Restricted,0.5025752434491542,Human,0
Claude48,Restricted,Claude48-Restricted,0.4575683621783594,Human,0
Claude48,Restricted,Claude48-Restricted,0.483701096781762,Human,0
Claude48,Restricted,Claude48-Restricted,0.48557422030666747,Human,0
Claude48,Restricted,Claude48-Restricted,0.5067411413319635,Human,0
Claude48,Restricted,Claude48-Restricted,0.5110171259172286,Human,0
Claude48,Restricted,Claude48-Restricted,0.5224976874459437,AI,1
Claude48,Restricted,Claude48-Restricted,0.500350442247524,AI,1
Claude48,Restricted,Claude48-Restricted,0.5214020414851027,AI,1
Claude48,Restricted,Claude48-Restricted,0.4505642585997341,AI,1
Claude48,Restricted,Claude48-Restricted,0.459509624812872,AI,1
Claude48,Restricted,Claude48-Restricted,0.4931407723606131,AI,1
Claude48,Restricted,Claude48-Restricted,0.5223821411606758,AI,1
Claude48,Restricted,Claude48-Restricted,0.5648905219996267,AI,1
Claude48,Restricted,Claude48-Restricted,0.5462371801497173,AI,1
Claude48,Restricted,Claude48-Restricted,0.49989508182896986,AI,1
Claude48,Restricted,Claude48-Restricted,0.46694865512763106,AI,1
Claude48,Restricted,Claude48-Restricted,0.4989717441710939,AI,1
Claude48,Restricted,Claude48-Restricted,0.5018897420775355,AI,1
Claude48,Restricted,Claude48-Restricted,0.4632091847945749,AI,1
Claude48,Restricted,Claude48-Restricted,0.5360667790889333,AI,1
Claude48,Restricted,Claude48-Restricted,0.5615537368357153,AI,1
Claude48,Restricted,Claude48-Restricted,0.5182783559714909,AI,1
Claude48,Restricted,Claude48-Restricted,0.4673154612367925,AI,1
Claude48,Restricted,Claude48-Restricted,0.5318756280845421,AI,1
Claude48,Restricted,Claude48-Restricted,0.49439035704164364,AI,1
Claude48,Restricted,Claude48-Restricted,0.52734476310967,AI,1
Claude48,Restricted,Claude48-Restricted,0.4793957166813591,AI,1
Claude48,Restricted,Claude48-Restricted,0.46216883962765837,AI,1
Claude48,Restricted,Claude48-Restricted,0.5102649291868829,AI,1
Claude48,Restricted,Claude48-Restricted,0.43977338064417176,AI,1
Claude48,Restricted,Claude48-Restricted,0.5164592356827663,AI,1
Claude48,Restricted,Claude48-Restricted,0.41119410767789505,AI,1
Claude48,Restricted,Claude48-Restricted,0.4843631471889248,AI,1
Claude48,Restricted,Claude48-Restricted,0.5627662720753668,AI,1
Claude48,Restricted,Claude48-Restricted,0.4845749633794206,AI,1
Claude48,Restricted,Claude48-Restricted,0.5256187643393294,AI,1
Claude48,Restricted,Claude48-Restricted,0.5461866268440341,AI,1
Claude48,Restricted,Claude48-Restricted,0.44033614926224157,AI,1
Claude48,Restricted,Claude48-Restricted,0.45358484287319767,AI,1
Claude48,Restricted,Claude48-Restricted,0.3815579258429544,AI,1
Claude48,Restricted,Claude48-Restricted,0.5222849079740894,AI,1
Claude48,Restricted,Claude48-Restricted,0.4490457959496866,AI,1
Claude48,Restricted,Claude48-Restricted,0.43102697924616123,AI,1
Claude48,Restricted,Claude48-Restricted,0.4870390805315956,AI,1
Claude48,Restricted,Claude48-Restricted,0.5167174988067634,AI,1
Claude48,Restricted,Claude48-Restricted,0.4693276996606126,AI,1
Claude48,Restricted,Claude48-Restricted,0.40025100286844506,AI,1
Claude48,Restricted,Claude48-Restricted,0.535462828998473,AI,1
Claude48,Restricted,Claude48-Restricted,0.49925817495660374,AI,1
Claude48,Restricted,Claude48-Restricted,0.519453056677058,AI,1
Claude48,Restricted,Claude48-Restricted,0.5329616533466043,AI,1
Claude48,Restricted,Claude48-Restricted,0.47210780867331426,AI,1
Claude48,Restricted,Claude48-Restricted,0.4998479860604952,AI,1
Claude48,Restricted,Claude48-Restricted,0.5054987665975214,AI,1
Claude48,Restricted,Claude48-Restricted,0.5074016048871475,AI,1
Claude48,Restricted,Claude48-Restricted,0.4551963412893363,AI,1
Claude48,Restricted,Claude48-Restricted,0.4644877335429017,AI,1
Claude48,Restricted,Claude48-Restricted,0.4793476749033507,AI,1
Claude48,Restricted,Claude48-Restricted,0.489450964834944,AI,1
Claude48,Restricted,Claude48-Restricted,0.4736508672110971,AI,1
Claude48,Restricted,Claude48-Restricted,0.47215614026649766,AI,1
Claude48,Restricted,Claude48-Restricted,0.5244004669188208,AI,1
Claude48,Restricted,Claude48-Restricted,0.5265485055836258,AI,1
Claude48,Restricted,Claude48-Restricted,0.5534003873597911,AI,1
Claude48,Restricted,Claude48-Restricted,0.44471354194443297,AI,1
Claude48,Restricted,Claude48-Restricted,0.45571198283875586,AI,1
Claude48,Restricted,Claude48-Restricted,0.4510199956135323,AI,1
Claude48,Restricted,Claude48-Restricted,0.4904992323772429,AI,1
Claude48,Restricted,Claude48-Restricted,0.5236988353226432,AI,1
Claude48,Restricted,Claude48-Restricted,0.4814003520094828,AI,1
Claude48,Restricted,Claude48-Restricted,0.5097180048655111,AI,1
Claude48,Restricted,Claude48-Restricted,0.524146874804105,AI,1
Claude48,Restricted,Claude48-Restricted,0.5715311556207251,AI,1
Claude48,Restricted,Claude48-Restricted,0.5547201873831745,AI,1
Claude48,Restricted,Claude48-Restricted,0.49582908828507877,AI,1
Claude48,Restricted,Claude48-Restricted,0.5200922104936835,AI,1
Claude48,Restricted,Claude48-Restricted,0.5111912407831188,AI,1
Claude48,Restricted,Claude48-Restricted,0.49063782595697497,AI,1
Claude48,Restricted,Claude48-Restricted,0.4983383765468086,AI,1
Claude48,Restricted,Claude48-Restricted,0.5118623250005593,AI,1
Claude48,Restricted,Claude48-Restricted,0.49195834203310196,AI,1
Claude48,Restricted,Claude48-Restricted,0.4907492543719415,AI,1
Claude48,Restricted,Claude48-Restricted,0.507706506178924,AI,1
Claude48,Restricted,Claude48-Restricted,0.4728783873866518,AI,1
Claude48,Restricted,Claude48-Restricted,0.48361479751760744,AI,1
Claude48,Restricted,Claude48-Restricted,0.4522240759307382,AI,1
Claude48,Restricted,Claude48-Restricted,0.4667357886348151,AI,1
Claude48,Restricted,Claude48-Restricted,0.42155567822983675,AI,1
Claude48,Restricted,Claude48-Restricted,0.5059536000262966,AI,1
Claude48,Restricted,Claude48-Restricted,0.46241174874469715,AI,1
Claude48,Restricted,Claude48-Restricted,0.45633424029897934,AI,1
Claude48,Restricted,Claude48-Restricted,0.5272142266149212,AI,1
Claude48,Restricted,Claude48-Restricted,0.49621335009775874,AI,1
Claude48,Restricted,Claude48-Restricted,0.43113339863973354,AI,1
Claude48,Restricted,Claude48-Restricted,0.5297896761119223,AI,1
Claude48,Restricted,Claude48-Restricted,0.46882592164104947,AI,1
Claude48,Restricted,Claude48-Restricted,0.4831803464238253,AI,1
Claude48,Restricted,Claude48-Restricted,0.5338768791131199,AI,1
Claude48,Restricted,Claude48-Restricted,0.5277027020804941,AI,1
Claude48,Restricted,Claude48-Restricted,0.5584222179745442,AI,1
Claude48,Restricted,Claude48-Restricted,0.5137684739295139,AI,1
Claude48,Restricted,Claude48-Restricted,0.48425798023697425,AI,1
Claude48,Restricted,Claude48-Restricted,0.5118366835739511,AI,1
Claude48,Restricted,Claude48-Restricted,0.49478591760822815,AI,1
Claude48,Restricted,Claude48-Restricted,0.5154440196331298,AI,1
Claude48,Restricted,Claude48-Restricted,0.5484106428848805,AI,1
Claude48,Restricted,Claude48-Restricted,0.5612518267528382,AI,1
Claude48,Restricted,Claude48-Restricted,0.5143516074904474,AI,1
Claude48,Restricted,Claude48-Restricted,0.5249755003154158,AI,1
Claude48,Restricted,Claude48-Restricted,0.5149207539734166,AI,1
Claude48,Restricted,Claude48-Restricted,0.5738457874873507,AI,1
Claude48,Restricted,Claude48-Restricted,0.52320678126596,AI,1
Claude48,Restricted,Claude48-Restricted,0.4359977763630354,AI,1
Claude48,Restricted,Claude48-Restricted,0.5053162848346968,AI,1
Claude48,Restricted,Claude48-Restricted,0.5866167668450865,AI,1
Claude48,Restricted,Claude48-Restricted,0.5572996948294391,AI,1
Claude48,Restricted,Claude48-Restricted,0.46055683794613445,AI,1
Claude48,Restricted,Claude48-Restricted,0.596489012505611,AI,1
Claude48,Restricted,Claude48-Restricted,0.578711890964159,AI,1
Claude48,Restricted,Claude48-Restricted,0.5220051855074066,AI,1
Claude48,Restricted,Claude48-Restricted,0.5245086195155804,AI,1
Claude48,Restricted,Claude48-Restricted,0.5093471682712581,AI,1
Claude48,Restricted,Claude48-Restricted,0.5614502535085792,AI,1
Claude48,Restricted,Claude48-Restricted,0.5687896788636752,AI,1
Claude48,Restricted,Claude48-Restricted,0.5268967441743952,AI,1
Claude48,Restricted,Claude48-Restricted,0.49383156477460505,AI,1
Claude48,Restricted,Claude48-Restricted,0.5230192548884437,AI,1
Claude48,Restricted,Claude48-Restricted,0.5007082514669328,AI,1
Claude48,Restricted,Claude48-Restricted,0.557567912524941,AI,1
Claude48,Restricted,Claude48-Restricted,0.4829253248140038,AI,1
Claude48,Restricted,Claude48-Restricted,0.49603748157858846,AI,1
Claude48,Restricted,Claude48-Restricted,0.51765879862427,AI,1
Claude48,Restricted,Claude48-Restricted,0.5297481189381594,AI,1
Claude48,Restricted,Claude48-Restricted,0.5626316011137716,AI,1
Claude48,Restricted,Claude48-Restricted,0.5634763013145228,AI,1
Claude48,Restricted,Claude48-Restricted,0.5985636040635959,AI,1
Claude48,Restricted,Claude48-Restricted,0.5560619040711845,AI,1
Claude48,Restricted,Claude48-Restricted,0.5443670366563351,AI,1
Claude48,Restricted,Claude48-Restricted,0.5751720657450348,AI,1
Claude48,Restricted,Claude48-Restricted,0.5304780223915432,AI,1
Claude48,Restricted,Claude48-Restricted,0.5185247165616437,AI,1
Claude48,Restricted,Claude48-Restricted,0.49472567178002097,AI,1
Claude48,Restricted,Claude48-Restricted,0.5177490953297668,AI,1
Claude48,Restricted,Claude48-Restricted,0.5317102780581817,AI,1
Claude48,Restricted,Claude48-Restricted,0.4412509924588988,AI,1
Claude48,Restricted,Claude48-Restricted,0.5793044482174866,AI,1
Claude48,Restricted,Claude48-Restricted,0.5867274973697416,AI,1
Claude48,Restricted,Claude48-Restricted,0.48795152289127136,AI,1
Claude48,Restricted,Claude48-Restricted,0.45200820088506705,AI,1
Claude48,Restricted,Claude48-Restricted,0.45497968916063336,AI,1
Claude48,Restricted,Claude48-Restricted,0.5024795072712365,AI,1
Claude48,Restricted,Claude48-Restricted,0.45599085592462735,AI,1
Claude48,Restricted,Claude48-Restricted,0.5277787788986017,AI,1
Claude48,Restricted,Claude48-Restricted,0.4568415556807732,AI,1
Claude48,Restricted,Claude48-Restricted,0.5062627470832974,AI,1
Claude48,Restricted,Claude48-Restricted,0.5560203370359852,AI,1
Claude48,Restricted,Claude48-Restricted,0.47640934566380255,AI,1
Claude48,Restricted,Claude48-Restricted,0.45056180860027983,AI,1
Claude48,Restricted,Claude48-Restricted,0.4888845398045364,AI,1
Claude48,Restricted,Claude48-Restricted,0.4882690113410973,AI,1
Claude48,Restricted,Claude48-Restricted,0.464653617287834,AI,1
Claude48,Restricted,Claude48-Restricted,0.4873401346577333,AI,1
Claude48,Restricted,Claude48-Restricted,0.4878930756492716,AI,1
Claude48,Restricted,Claude48-Restricted,0.5035927158366537,AI,1
Claude48,Restricted,Claude48-Restricted,0.46642657681645444,AI,1
Claude48,Restricted,Claude48-Restricted,0.5102945119012299,AI,1
Claude48,Restricted,Claude48-Restricted,0.5109130179466324,AI,1
Claude48,Restricted,Claude48-Restricted,0.4966247911723175,AI,1
Claude48,Restricted,Claude48-Restricted,0.4061131536529795,AI,1
Claude48,Restricted,Claude48-Restricted,0.5369927679033238,AI,1
Claude48,Restricted,Claude48-Restricted,0.49919110129963695,AI,1
Claude48,Restricted,Claude48-Restricted,0.46952356574248166,AI,1
Claude48,Restricted,Claude48-Restricted,0.42412603733049614,AI,1
Claude48,Restricted,Claude48-Restricted,0.45764150287468364,AI,1
Claude48,Restricted,Claude48-Restricted,0.5094789342090875,AI,1
Claude48,Restricted,Claude48-Restricted,0.4793045145038331,AI,1
Claude48,Restricted,Claude48-Restricted,0.5089276529027955,AI,1
Claude48,Restricted,Claude48-Restricted,0.49340601600545597,AI,1
Claude48,Restricted,Claude48-Restricted,0.5247740810270946,AI,1
Claude48,Restricted,Claude48-Restricted,0.5336252708659464,AI,1
Claude48,Restricted,Claude48-Restricted,0.49289718115033626,AI,1
Claude48,Restricted,Claude48-Restricted,0.45959570342592926,AI,1
Claude48,Restricted,Claude48-Restricted,0.5543989601430129,AI,1
Claude48,Restricted,Claude48-Restricted,0.6274162239822685,AI,1
Claude48,Restricted,Claude48-Restricted,0.535973271479782,AI,1
Claude48,Restricted,Claude48-Restricted,0.5625744048303508,AI,1
Claude48,Restricted,Claude48-Restricted,0.4945741465848437,AI,1
Claude48,Restricted,Claude48-Restricted,0.5963497187731522,AI,1
Claude48,Restricted,Claude48-Restricted,0.47422439065339794,AI,1
Claude48,Restricted,Claude48-Restricted,0.5053793760102269,AI,1
Claude48,Restricted,Claude48-Restricted,0.46308756022657427,AI,1
Claude48,Restricted,Claude48-Restricted,0.514276335860585,AI,1
Claude48,Restricted,Claude48-Restricted,0.5962927918622277,AI,1
Claude48,Restricted,Claude48-Restricted,0.577290734531074,AI,1
Claude48,Restricted,Claude48-Restricted,0.5631895177671924,AI,1
Claude48,Restricted,Claude48-Restricted,0.5413867774593527,AI,1
Claude48,Restricted,Claude48-Restricted,0.5772600501818436,AI,1
Claude48,Restricted,Claude48-Restricted,0.5590941093228218,AI,1
Claude48,Restricted,Claude48-Restricted,0.5487855284613075,AI,1
Claude48,Restricted,Claude48-Restricted,0.5841051095803862,AI,1
Claude48,Restricted,Claude48-Restricted,0.5931209209566327,AI,1
Claude48,Restricted,Claude48-Restricted,0.544041483159582,AI,1
Claude48,Restricted,Claude48-Restricted,0.6198739344533873,AI,1
Claude48,Restricted,Claude48-Restricted,0.4794548338658661,AI,1
Claude48,Restricted,Claude48-Restricted,0.5175193774049072,AI,1
Claude48,Restricted,Claude48-Restricted,0.44568376167479257,AI,1
Claude48,Restricted,Claude48-Restricted,0.4513454005301312,AI,1
Claude48,Restricted,Claude48-Restricted,0.6039309397621971,AI,1
Claude48,Restricted,Claude48-Restricted,0.520590589684258,AI,1
Claude48,Restricted,Claude48-Restricted,0.5289507010387338,AI,1
Claude48,Restricted,Claude48-Restricted,0.5092787131219598,AI,1
Claude48,Restricted,Claude48-Restricted,0.49177445013608234,AI,1
Claude48,Restricted,Claude48-Restricted,0.5006036441408565,AI,1
Claude48,Restricted,Claude48-Restricted,0.5372282621417788,AI,1
Claude48,Restricted,Claude48-Restricted,0.6101154868877527,AI,1
Claude48,Restricted,Claude48-Restricted,0.5435794417003507,AI,1
Claude48,Restricted,Claude48-Restricted,0.5372739233135267,AI,1
Claude48,Restricted,Claude48-Restricted,0.6160380316276189,AI,1
Claude48,Restricted,Claude48-Restricted,0.5327937658679763,AI,1
Claude48,Restricted,Claude48-Restricted,0.48942630387701275,AI,1
Claude48,Restricted,Claude48-Restricted,0.5258355884930156,AI,1
Claude48,Restricted,Claude48-Restricted,0.49272785343507003,AI,1
Claude48,Restricted,Claude48-Restricted,0.4260727698073437,AI,1
Claude48,Restricted,Claude48-Restricted,0.5257603178283041,AI,1
Claude48,Restricted,Claude48-Restricted,0.5217649659505029,AI,1
Claude48,Restricted,Claude48-Restricted,0.47874880449061646,AI,1
Claude48,Restricted,Claude48-Restricted,0.5424065085456085,AI,1
Claude48,Restricted,Claude48-Restricted,0.4772492068355363,AI,1
Claude48,Restricted,Claude48-Restricted,0.5723528726117667,AI,1
Claude48,Restricted,Claude48-Restricted,0.5253981194596237,AI,1
Claude48,Restricted,Claude48-Restricted,0.5421199940539675,AI,1
Claude48,Restricted,Claude48-Restricted,0.5431807274705868,AI,1
Claude48,Restricted,Claude48-Restricted,0.5183047567805978,AI,1
Claude48,Restricted,Claude48-Restricted,0.4746599287976736,AI,1
Claude48,Restricted,Claude48-Restricted,0.5028281074899005,AI,1
Claude48,Restricted,Claude48-Restricted,0.5148748372598553,AI,1
Claude48,Restricted,Claude48-Restricted,0.4731049289714735,AI,1
Claude48,Restricted,Claude48-Restricted,0.3937451613367747,AI,1
Claude48,Restricted,Claude48-Restricted,0.49548454285427646,AI,1
Claude48,Restricted,Claude48-Restricted,0.39626766674513597,AI,1
Claude48,Restricted,Claude48-Restricted,0.45279738613187615,AI,1
Claude48,Restricted,Claude48-Restricted,0.465062154762961,AI,1
Claude48,Restricted,Claude48-Restricted,0.4405004926452664,AI,1
Claude48,Restricted,Claude48-Restricted,0.4706110472714443,AI,1
Claude48,Restricted,Claude48-Restricted,0.3960008320834896,AI,1
Claude48,Restricted,Claude48-Restricted,0.45258561521745116,AI,1
Claude48,Restricted,Claude48-Restricted,0.5014827244866894,AI,1
Claude48,Restricted,Claude48-Restricted,0.44152634744902264,AI,1
Claude48,Restricted,Claude48-Restricted,0.5101376813129451,AI,1
Claude48,Restricted,Claude48-Restricted,0.5277005865287878,AI,1
Claude48,Restricted,Claude48-Restricted,0.5137665272684593,AI,1
Claude48,Restricted,Claude48-Restricted,0.48169446368095054,AI,1
Claude48,Restricted,Claude48-Restricted,0.7100648185737422,AI,1
Claude48,Restricted,Claude48-Restricted,0.49246698273378414,AI,1
Claude48,Restricted,Claude48-Restricted,0.4015626910795306,AI,1
Claude48,Restricted,Claude48-Restricted,0.4745807018107233,AI,1
Claude48,Restricted,Claude48-Restricted,0.5000967116169897,AI,1
Claude48,Restricted,Claude48-Restricted,0.4384761895525758,AI,1
Claude48,Restricted,Claude48-Restricted,0.4514744937240008,AI,1
Claude48,Restricted,Claude48-Restricted,0.4971470272639027,AI,1
Claude48,Restricted,Claude48-Restricted,0.4363756454725613,AI,1
Claude48,Restricted,Claude48-Restricted,0.62338746401581,AI,1
Claude48,Restricted,Claude48-Restricted,0.5212016271936437,AI,1
Claude48,Restricted,Claude48-Restricted,0.48067469395397777,AI,1
Claude48,Restricted,Claude48-Restricted,0.44249548389668547,AI,1
Claude48,Restricted,Claude48-Restricted,0.4153677777513194,AI,1
Claude48,Restricted,Claude48-Restricted,0.4397464833390395,AI,1
Claude48,Restricted,Claude48-Restricted,0.474210927519933,AI,1
Claude48,Restricted,Claude48-Restricted,0.45153659793658346,AI,1
Claude48,Restricted,Claude48-Restricted,0.48627286928630603,AI,1
Claude48,Restricted,Claude48-Restricted,0.5114651339657533,AI,1
Claude48,Restricted,Claude48-Restricted,0.5083151793094538,AI,1
Claude48,Restricted,Claude48-Restricted,0.4997566886523836,AI,1
Claude48,Restricted,Claude48-Restricted,0.43739424113422337,AI,1
Claude48,Restricted,Claude48-Restricted,0.505243948381884,AI,1
Claude48,Restricted,Claude48-Restricted,0.4674078583853377,AI,1
Claude48,Restricted,Claude48-Restricted,0.5490243708288588,AI,1
Claude48,Restricted,Claude48-Restricted,0.45670944337046554,AI,1
Claude48,Restricted,Claude48-Restricted,0.5132790815270071,AI,1
Claude48,Restricted,Claude48-Restricted,0.46745071138271205,AI,1
Claude48,Restricted,Claude48-Restricted,0.536618586461878,AI,1
Claude48,Restricted,Claude48-Restricted,0.5029431716730817,AI,1
Claude48,Restricted,Claude48-Restricted,0.6124985360597132,AI,1
Claude48,Restricted,Claude48-Restricted,0.4354008836800288,AI,1
Claude48,Restricted,Claude48-Restricted,0.5588772368057751,AI,1
Claude48,Restricted,Claude48-Restricted,0.5119639384018048,AI,1
Claude48,Restricted,Claude48-Restricted,0.4363399446583527,AI,1
Claude48,Restricted,Claude48-Restricted,0.540746210593952,AI,1
Claude48,Restricted,Claude48-Restricted,0.6235508046429411,AI,1
Claude48,Restricted,Claude48-Restricted,0.5937073082720433,AI,1
Claude48,Restricted,Claude48-Restricted,0.5093573496413054,AI,1
Claude48,Restricted,Claude48-Restricted,0.5464314813705318,AI,1
Claude48,Restricted,Claude48-Restricted,0.41551869966987454,AI,1
Claude48,Restricted,Claude48-Restricted,0.46186297890781197,AI,1
Claude48,Restricted,Claude48-Restricted,0.4591429877184641,AI,1
Claude48,Restricted,Claude48-Restricted,0.6002848451165331,AI,1
Claude48,Restricted,Claude48-Restricted,0.4462282039180652,AI,1
Claude48,Restricted,Claude48-Restricted,0.434624447731229,AI,1
Claude48,Restricted,Claude48-Restricted,0.44014348612776655,AI,1
Claude48,Restricted,Claude48-Restricted,0.48508000941456314,AI,1
Claude48,Restricted,Claude48-Restricted,0.4117747876243301,AI,1
Claude48,Restricted,Claude48-Restricted,0.5072330814149862,AI,1
Claude48,Restricted,Claude48-Restricted,0.4291482668135094,AI,1
Claude48,Restricted,Claude48-Restricted,0.42078693328262834,AI,1
Claude48,Restricted,Claude48-Restricted,0.5643150690137165,AI,1
Claude48,Restricted,Claude48-Restricted,0.4982769025840327,AI,1
Claude48,Restricted,Claude48-Restricted,0.49207876829018915,AI,1
Claude48,Restricted,Claude48-Restricted,0.5891806870084619,AI,1
Claude48,Restricted,Claude48-Restricted,0.46016270739568255,AI,1
Claude48,Restricted,Claude48-Restricted,0.48941211527187023,AI,1
Claude48,Restricted,Claude48-Restricted,0.5337964998401035,AI,1
Claude48,Restricted,Claude48-Restricted,0.5297613738967986,AI,1
Claude48,Restricted,Claude48-Restricted,0.4993799364026365,AI,1
Claude48,Restricted,Claude48-Restricted,0.49216064874998616,AI,1
Claude48,Restricted,Claude48-Restricted,0.5129048889024136,AI,1
Claude48,Restricted,Claude48-Restricted,0.4174066972996547,AI,1
Claude48,Restricted,Claude48-Restricted,0.4878514233758214,AI,1
Claude48,Restricted,Claude48-Restricted,0.44770407158325415,AI,1
Claude48,Restricted,Claude48-Restricted,0.4888611792773825,AI,1
Claude48,Restricted,Claude48-Restricted,0.4596574752900808,AI,1
Claude48,Restricted,Claude48-Restricted,0.5382891771247194,AI,1
Claude48,Restricted,Claude48-Restricted,0.5332568146680189,AI,1
Claude48,Restricted,Claude48-Restricted,0.5529919211924914,AI,1
Claude48,Restricted,Claude48-Restricted,0.5342025841180413,AI,1
Claude48,Restricted,Claude48-Restricted,0.6035727068224926,AI,1
Claude48,Restricted,Claude48-Restricted,0.554076613670466,AI,1
Claude48,Restricted,Claude48-Restricted,0.42012622148493045,AI,1
Claude48,Restricted,Claude48-Restricted,0.520902562001681,AI,1
Claude48,Restricted,Claude48-Restricted,0.5631785101229508,AI,1
Claude48,Restricted,Claude48-Restricted,0.5396146417481673,AI,1
Claude48,Restricted,Claude48-Restricted,0.5047607819638634,AI,1
Claude48,Restricted,Claude48-Restricted,0.4742581292583022,AI,1
Claude48,Restricted,Claude48-Restricted,0.5307479714063236,AI,1
Claude48,Restricted,Claude48-Restricted,0.5105502303883408,AI,1
Claude48,Restricted,Claude48-Restricted,0.4685761240002722,AI,1
Claude48,Restricted,Claude48-Restricted,0.5074573563109277,AI,1
Claude48,Restricted,Claude48-Restricted,0.5469872395162233,AI,1
Claude48,Restricted,Claude48-Restricted,0.6117323287562837,AI,1
Claude48,Restricted,Claude48-Restricted,0.5362900491033668,AI,1
Claude48,Restricted,Claude48-Restricted,0.49545381628426527,AI,1
Claude48,Restricted,Claude48-Restricted,0.510405733054011,AI,1
Claude48,Restricted,Claude48-Restricted,0.5171342415465576,AI,1
Claude48,Restricted,Claude48-Restricted,0.5026008036921936,AI,1
Claude48,Restricted,Claude48-Restricted,0.5227536425453932,AI,1
Claude48,Restricted,Claude48-Restricted,0.5647740693904776,AI,1
Claude48,Restricted,Claude48-Restricted,0.593495524078171,AI,1
Claude48,Restricted,Claude48-Restricted,0.5193502849459051,AI,1
Claude48,Restricted,Claude48-Restricted,0.5727833120332125,AI,1
Claude48,Restricted,Claude48-Restricted,0.5579502803852173,AI,1
Claude48,Restricted,Claude48-Restricted,0.5104162559857938,AI,1
Claude48,Restricted,Claude48-Restricted,0.5515156315800579,AI,1
Claude48,Restricted,Claude48-Restricted,0.5934016486410129,AI,1
Claude48,Restricted,Claude48-Restricted,0.5044131417063741,AI,1
Claude48,Restricted,Claude48-Restricted,0.5493033862738221,AI,1
Claude48,Restricted,Claude48-Restricted,0.4888228201249123,AI,1
Claude48,Restricted,Claude48-Restricted,0.5859009360930364,AI,1
Claude48,Restricted,Claude48-Restricted,0.4903638734745464,AI,1
Claude48,Restricted,Claude48-Restricted,0.5068026550718923,AI,1
Claude48,Restricted,Claude48-Restricted,0.49260493376203357,AI,1
Claude48,Restricted,Claude48-Restricted,0.4185182787384915,AI,1
Claude48,Restricted,Claude48-Restricted,0.5206058067925619,AI,1
Claude48,Restricted,Claude48-Restricted,0.48560416612183005,AI,1
Claude48,Restricted,Claude48-Restricted,0.46997519215276756,AI,1
Claude48,Restricted,Claude48-Restricted,0.4915886877192893,AI,1
Claude48,Restricted,Claude48-Restricted,0.5084672938187974,AI,1
Claude48,Restricted,Claude48-Restricted,0.5052793251570893,AI,1
Claude48,Restricted,Claude48-Restricted,0.43724940248847144,AI,1
Claude48,Restricted,Claude48-Restricted,0.5299700054916756,AI,1
Claude48,Restricted,Claude48-Restricted,0.5366500506848273,AI,1
Claude48,Restricted,Claude48-Restricted,0.5593442731322201,AI,1
Claude48,Restricted,Claude48-Restricted,0.5007033807251077,AI,1
Claude48,Restricted,Claude48-Restricted,0.43092368756789257,AI,1
Claude48,Restricted,Claude48-Restricted,0.4996241839710454,AI,1
Claude48,Restricted,Claude48-Restricted,0.514414953394551,AI,1
Claude48,Restricted,Claude48-Restricted,0.5368972074769407,AI,1
Claude48,Restricted,Claude48-Restricted,0.5392668544309203,AI,1
Claude48,Restricted,Claude48-Restricted,0.559818059481373,AI,1
Claude48,Restricted,Claude48-Restricted,0.5605053869998163,AI,1
Claude48,Restricted,Claude48-Restricted,0.5524823758685495,AI,1
Claude48,Restricted,Claude48-Restricted,0.5336979598297136,AI,1
Claude48,Restricted,Claude48-Restricted,0.4649601037856439,AI,1
Claude48,Restricted,Claude48-Restricted,0.5607245000089228,AI,1
Claude48,Restricted,Claude48-Restricted,0.5247872512963714,AI,1
Claude48,Restricted,Claude48-Restricted,0.5690683929727345,AI,1
Claude48,Restricted,Claude48-Restricted,0.5202805620285098,AI,1
Claude48,Restricted,Claude48-Restricted,0.5057976858209038,AI,1
Claude48,Restricted,Claude48-Restricted,0.5090680170504011,AI,1
Claude48,Restricted,Claude48-Restricted,0.5063169853712413,AI,1
Claude48,Restricted,Claude48-Restricted,0.48674400243342225,AI,1
Claude48,Restricted,Claude48-Restricted,0.4499219415292106,AI,1
Claude48,Restricted,Claude48-Restricted,0.41455270917172876,AI,1
Claude48,Restricted,Claude48-Restricted,0.6128196709644974,AI,1
Claude48,Restricted,Claude48-Restricted,0.5419036321611322,AI,1
Claude48,Restricted,Claude48-Restricted,0.5750873343587459,AI,1
Claude48,Restricted,Claude48-Restricted,0.5439103336180485,AI,1
Claude48,Restricted,Claude48-Restricted,0.5002765872486694,AI,1
Claude48,Restricted,Claude48-Restricted,0.5251412441922206,AI,1
Claude48,Restricted,Claude48-Restricted,0.4992950505646438,AI,1
Claude48,Restricted,Claude48-Restricted,0.5646340659546917,AI,1
Claude48,Restricted,Claude48-Restricted,0.523391591530448,AI,1
Claude48,Restricted,Claude48-Restricted,0.538194416541029,AI,1
Claude48,Restricted,Claude48-Restricted,0.4818741271280254,AI,1
Claude48,Restricted,Claude48-Restricted,0.46910243599545637,AI,1
Claude48,Restricted,Claude48-Restricted,0.4849670209250137,AI,1
Claude48,Restricted,Claude48-Restricted,0.5130971184671209,AI,1
Claude48,Restricted,Claude48-Restricted,0.576913807100585,AI,1
Claude48,Restricted,Claude48-Restricted,0.5221460502272168,AI,1
Claude48,Restricted,Claude48-Restricted,0.5128647824036755,AI,1
Claude48,Restricted,Claude48-Restricted,0.4502688424029303,AI,1
Claude48,Restricted,Claude48-Restricted,0.4899181613337239,AI,1
Claude48,Restricted,Claude48-Restricted,0.4959216635860938,AI,1
Claude48,Restricted,Claude48-Restricted,0.47510781873610974,AI,1
Claude48,Restricted,Claude48-Restricted,0.5390318485931884,AI,1
Claude48,Restricted,Claude48-Restricted,0.4412797023820485,AI,1
Claude48,Restricted,Claude48-Restricted,0.5298693770089202,AI,1
Claude48,Restricted,Claude48-Restricted,0.5554740771493876,AI,1
Claude48,Restricted,Claude48-Restricted,0.5658286590554179,AI,1
Claude48,Restricted,Claude48-Restricted,0.5672150016705112,AI,1
Claude48,Restricted,Claude48-Restricted,0.5328476701882551,AI,1
Claude48,Restricted,Claude48-Restricted,0.4999241453881357,AI,1
Claude48,Restricted,Claude48-Restricted,0.5525181272782107,AI,1
Claude48,Restricted,Claude48-Restricted,0.5011239326991163,AI,1
Claude48,Restricted,Claude48-Restricted,0.5087821170451619,AI,1
Claude48,Restricted,Claude48-Restricted,0.6437678016830864,AI,1
Claude48,Restricted,Claude48-Restricted,0.6126373460549093,AI,1
Claude48,Restricted,Claude48-Restricted,0.5532866321630602,AI,1
Claude48,Restricted,Claude48-Restricted,0.4800923116406419,AI,1
Claude48,Restricted,Claude48-Restricted,0.5295151713225135,AI,1
Claude48,Restricted,Claude48-Restricted,0.5556206781859712,AI,1
Claude48,Restricted,Claude48-Restricted,0.5167757325882499,AI,1
Claude48,Restricted,Claude48-Restricted,0.6240983812061262,AI,1
Claude48,Restricted,Claude48-Restricted,0.509304569579612,AI,1
Claude48,Restricted,Claude48-Restricted,0.3739678024636362,AI,1
Claude48,Restricted,Claude48-Restricted,0.5140031464110328,AI,1
Claude48,Restricted,Claude48-Restricted,0.5334670177014728,AI,1
Claude48,Restricted,Claude48-Restricted,0.46333887116041306,AI,1
Claude48,Restricted,Claude48-Restricted,0.48975580923731243,AI,1
Claude48,Restricted,Claude48-Restricted,0.5241724095469183,AI,1
Claude48,Restricted,Claude48-Restricted,0.5762352512145993,AI,1
Claude48,Restricted,Claude48-Restricted,0.5718037209677743,AI,1
Claude48,Restricted,Claude48-Restricted,0.49424725695868793,AI,1
Claude48,Restricted,Claude48-Restricted,0.5315370762228038,AI,1
Claude48,Restricted,Claude48-Restricted,0.6146748650802822,AI,1
Claude48,Restricted,Claude48-Restricted,0.5121868144480742,AI,1
Claude48,Restricted,Claude48-Restricted,0.4695930446505052,AI,1
Claude48,Restricted,Claude48-Restricted,0.5512144208239926,AI,1
Claude48,Restricted,Claude48-Restricted,0.5065910839639017,AI,1
Claude48,Restricted,Claude48-Restricted,0.5604890434278202,AI,1
Claude48,Restricted,Claude48-Restricted,0.5026396589194508,AI,1
Claude48,Restricted,Claude48-Restricted,0.49646852930928875,AI,1
Claude48,Restricted,Claude48-Restricted,0.4985554424164185,AI,1
Claude48,Restricted,Claude48-Restricted,0.4969262923501251,AI,1
Claude48,Restricted,Claude48-Restricted,0.5146525529369078,AI,1
Claude48,Restricted,Claude48-Restricted,0.5323058122705329,AI,1
Claude48,Restricted,Claude48-Restricted,0.48766408475068396,AI,1
Claude48,Restricted,Claude48-Restricted,0.5020646429893304,AI,1
Claude48,Restricted,Claude48-Restricted,0.5428522320170186,AI,1
Claude48,Restricted,Claude48-Restricted,0.5246977806006706,AI,1
Claude48,Restricted,Claude48-Restricted,0.6009447843854435,AI,1
Claude48,Restricted,Claude48-Restricted,0.4838973434789653,AI,1
Claude48,Restricted,Claude48-Restricted,0.5216416722654154,AI,1
Claude48,Restricted,Claude48-Restricted,0.4927885866046867,AI,1
Claude48,Restricted,Claude48-Restricted,0.4579958855214759,AI,1
Claude48,Restricted,Claude48-Restricted,0.4764293347373426,AI,1
Claude48,Restricted,Claude48-Restricted,0.48843092754298445,AI,1
Claude48,Restricted,Claude48-Restricted,0.579797192125913,AI,1
Claude48,Restricted,Claude48-Restricted,0.577808709689583,AI,1
Claude48,Restricted,Claude48-Restricted,0.5103896803660948,AI,1
Claude48,Restricted,Claude48-Restricted,0.46575470143036296,AI,1
Claude48,Restricted,Claude48-Restricted,0.48443636565448484,AI,1
Claude48,Restricted,Claude48-Restricted,0.48946442258014483,AI,1
Claude48,Restricted,Claude48-Restricted,0.49305608539951973,AI,1
Claude48,Restricted,Claude48-Restricted,0.5225938129760126,AI,1
Claude48,Restricted,Claude48-Restricted,0.5624765835736115,AI,1
Claude48,Restricted,Claude48-Restricted,0.5074076188051403,AI,1
Claude48,Restricted,Claude48-Restricted,0.469620206719202,AI,1
Claude48,Restricted,Claude48-Restricted,0.5213511414781447,AI,1
Claude48,Restricted,Claude48-Restricted,0.5415610798358083,AI,1
Claude48,Restricted,Claude48-Restricted,0.5859456817499012,AI,1
Claude48,Restricted,Claude48-Restricted,0.471295000424919,AI,1
Claude48,Restricted,Claude48-Restricted,0.43332753900321613,AI,1
Claude48,Restricted,Claude48-Restricted,0.5188810743430081,AI,1
Claude48,Restricted,Claude48-Restricted,0.38798734628128034,AI,1
Claude48,Restricted,Claude48-Restricted,0.495771290870884,AI,1
Claude48,Restricted,Claude48-Restricted,0.5040758798302036,AI,1
Claude48,Restricted,Claude48-Restricted,0.5151476654387254,AI,1
Claude48,Restricted,Claude48-Restricted,0.5409376634174391,AI,1
Claude48,Restricted,Claude48-Restricted,0.5095497927843393,AI,1
Claude48,Restricted,Claude48-Restricted,0.545834704191244,AI,1
Claude48,Restricted,Claude48-Restricted,0.5235580982375305,AI,1
Claude48,Restricted,Claude48-Restricted,0.4856110208889929,AI,1
Claude48,Restricted,Claude48-Restricted,0.3997047946034551,AI,1
Claude48,Restricted,Claude48-Restricted,0.4945571061636166,AI,1
Claude48,Restricted,Claude48-Restricted,0.5627306216761244,AI,1
Claude48,Restricted,Claude48-Restricted,0.6067465906347373,AI,1
Claude48,Restricted,Claude48-Restricted,0.4861667014053287,AI,1
Claude48,Restricted,Claude48-Restricted,0.5248583791201357,AI,1
Claude48,Restricted,Claude48-Restricted,0.48635669369323486,AI,1
Claude48,Restricted,Claude48-Restricted,0.4797389264841748,AI,1
Claude48,Restricted,Claude48-Restricted,0.5117853045740676,AI,1
Claude48,Restricted,Claude48-Restricted,0.5473130740513236,AI,1
Claude48,Restricted,Claude48-Restricted,0.538466702708441,AI,1
Claude48,Restricted,Claude48-Restricted,0.5518868746424931,AI,1
Claude48,Restricted,Claude48-Restricted,0.5665997038222027,AI,1
Claude48,Restricted,Claude48-Restricted,0.5288450974558456,AI,1
Claude48,Restricted,Claude48-Restricted,0.5172472475352218,AI,1
Claude48,Restricted,Claude48-Restricted,0.5097527779295962,AI,1
Claude48,Restricted,Claude48-Restricted,0.4810804323717094,AI,1
Claude48,Restricted,Claude48-Restricted,0.5222730511006719,AI,1
Claude48,Restricted,Claude48-Restricted,0.5471499855196743,AI,1
Claude48,Restricted,Claude48-Restricted,0.4465290735901449,AI,1
Claude48,Restricted,Claude48-Restricted,0.4440038297350612,AI,1
Claude48,Restricted,Claude48-Restricted,0.4141616686605751,AI,1
Claude48,Restricted,Claude48-Restricted,0.6200809488306772,AI,1
Claude48,Restricted,Claude48-Restricted,0.542339482118527,AI,1
Claude48,Restricted,Claude48-Restricted,0.5849553314928436,AI,1
Claude48,Restricted,Claude48-Restricted,0.47378438097131037,AI,1
Claude48,Restricted,Claude48-Restricted,0.5820985852005631,AI,1
Claude48,Restricted,Claude48-Restricted,0.4880736714323215,AI,1
Claude48,Restricted,Claude48-Restricted,0.5577576792227,AI,1
Claude48,Restricted,Claude48-Restricted,0.562901381132024,AI,1
Claude48,Restricted,Claude48-Restricted,0.5165517642957966,AI,1
Claude48,Restricted,Claude48-Restricted,0.5193814003449458,AI,1
Claude48,Restricted,Claude48-Restricted,0.5387402635881497,AI,1
Claude48,Restricted,Claude48-Restricted,0.5645296873155597,AI,1
Claude48,Restricted,Claude48-Restricted,0.5128266091383445,AI,1
Claude48,Restricted,Claude48-Restricted,0.5359088095726235,AI,1
Claude48,Restricted,Claude48-Restricted,0.5483438917876166,AI,1
Claude48,Restricted,Claude48-Restricted,0.5661758981389255,AI,1
Claude48,Restricted,Claude48-Restricted,0.41995611379196596,AI,1
Claude48,Restricted,Claude48-Restricted,0.43751578199503977,AI,1
Claude48,Restricted,Claude48-Restricted,0.4204858998615841,AI,1
Claude48,Restricted,Claude48-Restricted,0.5489424523267007,AI,1
Claude48,Restricted,Claude48-Restricted,0.45791248897520376,AI,1
Claude48,Restricted,Claude48-Restricted,0.5166735147965531,AI,1
Claude48,Restricted,Claude48-Restricted,0.5369416075574361,AI,1
Claude48,Restricted,Claude48-Restricted,0.5145528363031593,AI,1
Claude48,Restricted,Claude48-Restricted,0.5348960206909272,AI,1
Claude48,Restricted,Claude48-Restricted,0.504905970390871,AI,1
Claude48,Restricted,Claude48-Restricted,0.4993286916710339,AI,1
Claude48,Restricted,Claude48-Restricted,0.5018514028509488,AI,1
Claude48,Restricted,Claude48-Restricted,0.5231098979998162,AI,1
Claude48,Restricted,Claude48-Restricted,0.48377477717000916,AI,1
Claude48,Restricted,Claude48-Restricted,0.5696698690976245,AI,1
Claude48,Restricted,Claude48-Restricted,0.4256809563745765,AI,1
Claude48,Restricted,Claude48-Restricted,0.5205273525269328,AI,1
Claude48,Restricted,Claude48-Restricted,0.5423614882790273,AI,1
Claude48,Restricted,Claude48-Restricted,0.4710965822072748,AI,1
Claude48,Restricted,Claude48-Restricted,0.5096807157845396,AI,1
Claude48,Restricted,Claude48-Restricted,0.48124217823036053,AI,1
Claude48,Restricted,Claude48-Restricted,0.5520540827340867,AI,1
Claude48,Restricted,Claude48-Restricted,0.5797763234369769,AI,1
Claude48,Restricted,Claude48-Restricted,0.46757283515410947,AI,1
Claude48,Restricted,Claude48-Restricted,0.541697906397969,AI,1
Claude48,Restricted,Claude48-Restricted,0.5735109803630951,AI,1
Claude48,Restricted,Claude48-Restricted,0.5147675087977457,AI,1
Claude48,Restricted,Claude48-Restricted,0.5101270560315578,AI,1
Claude48,Restricted,Claude48-Restricted,0.5041634186022887,AI,1
Claude48,Restricted,Claude48-Restricted,0.5136115826839636,AI,1
Claude48,Restricted,Claude48-Restricted,0.5439293563005742,AI,1
Claude48,Restricted,Claude48-Restricted,0.37635160779172644,AI,1
Claude48,Restricted,Claude48-Restricted,0.5499779088549263,AI,1
Claude48,Restricted,Claude48-Restricted,0.5758798881183096,AI,1
Claude48,Restricted,Claude48-Restricted,0.4675553156147519,AI,1
Claude48,Restricted,Claude48-Restricted,0.47677009365201,AI,1
Claude48,Restricted,Claude48-Restricted,0.40100851690119776,AI,1
Claude48,Restricted,Claude48-Restricted,0.5279282604010586,AI,1
Claude48,Restricted,Claude48-Restricted,0.48511180726233805,AI,1
Claude48,Restricted,Claude48-Restricted,0.4242760657195212,AI,1
Claude48,Restricted,Claude48-Restricted,0.5921579483987373,AI,1
Claude48,Restricted,Claude48-Restricted,0.5163607066675316,AI,1
Claude48,Restricted,Claude48-Restricted,0.48800346254483995,AI,1
Claude48,Restricted,Claude48-Restricted,0.5208290895882021,AI,1
Claude48,Restricted,Claude48-Restricted,0.5516790930493886,AI,1
Claude48,Restricted,Claude48-Restricted,0.5723351400773794,AI,1
Claude48,Restricted,Claude48-Restricted,0.497194492104336,AI,1
Claude48,Restricted,Claude48-Restricted,0.41119178053470373,AI,1
Claude48,Restricted,Claude48-Restricted,0.5345891037273268,AI,1
Claude48,Restricted,Claude48-Restricted,0.5169184570447667,AI,1
Claude48,Restricted,Claude48-Restricted,0.47596086163661583,AI,1
Claude48,Restricted,Claude48-Restricted,0.5135624055851792,AI,1
Claude48,Restricted,Claude48-Restricted,0.49264787636827134,AI,1
Claude48,Restricted,Claude48-Restricted,0.55538498047561,AI,1
Claude48,Restricted,Claude48-Restricted,0.6082975016016477,AI,1
Claude48,Restricted,Claude48-Restricted,0.5758584071596093,AI,1
Claude48,Restricted,Claude48-Restricted,0.5847336287240879,AI,1
Claude48,Restricted,Claude48-Restricted,0.5073799624177076,AI,1
Claude48,Restricted,Claude48-Restricted,0.49650862555487585,AI,1
Claude48,Restricted,Claude48-Restricted,0.567652552787251,AI,1
Claude48,Restricted,Claude48-Restricted,0.5358224732672847,AI,1
Claude48,Restricted,Claude48-Restricted,0.594838494225818,AI,1
Claude48,Restricted,Claude48-Restricted,0.5338000176895057,AI,1
Claude48,Restricted,Claude48-Restricted,0.5990326495539443,AI,1
Claude48,Restricted,Claude48-Restricted,0.5088486456084513,AI,1
Claude48,Restricted,Claude48-Restricted,0.5322247266871343,AI,1
Claude48,Restricted,Claude48-Restricted,0.5556287601522071,AI,1
Claude48,Restricted,Claude48-Restricted,0.5875563352611808,AI,1
Claude48,Restricted,Claude48-Restricted,0.5275425347928699,AI,1
Claude48,Restricted,Claude48-Restricted,0.4893123406590642,AI,1
Claude48,Restricted,Claude48-Restricted,0.550568465537963,AI,1
Claude48,Restricted,Claude48-Restricted,0.43651742018686995,AI,1
Claude48,Restricted,Claude48-Restricted,0.5176278876848297,AI,1
Claude48,Restricted,Claude48-Restricted,0.4742842790765876,AI,1
Claude48,Restricted,Claude48-Restricted,0.5722651009125703,AI,1
Claude48,Restricted,Claude48-Restricted,0.5288391180798866,AI,1
Claude48,Restricted,Claude48-Restricted,0.48893299234264354,AI,1
Claude48,Restricted,Claude48-Restricted,0.4833521175808938,AI,1
Claude48,Restricted,Claude48-Restricted,0.5310892017987571,AI,1
Claude48,Restricted,Claude48-Restricted,0.5340781429153102,AI,1
Claude48,Restricted,Claude48-Restricted,0.5333387734369788,AI,1
Claude48,Restricted,Claude48-Restricted,0.5482574408046172,AI,1
Claude48,Restricted,Claude48-Restricted,0.5327410085276398,AI,1
Claude48,Restricted,Claude48-Restricted,0.5329338636271406,AI,1
Claude48,Restricted,Claude48-Restricted,0.5514742978337456,AI,1
Claude48,Restricted,Claude48-Restricted,0.5330159143029486,AI,1
Claude48,Restricted,Claude48-Restricted,0.5030223353402968,AI,1
Claude48,Restricted,Claude48-Restricted,0.4584702571042868,AI,1
Claude48,Restricted,Claude48-Restricted,0.5183997072409505,AI,1
Claude48,Restricted,Claude48-Restricted,0.5438798211157868,AI,1
Claude48,Restricted,Claude48-Restricted,0.6047328943775654,AI,1
Claude48,Restricted,Claude48-Restricted,0.5088558416249132,AI,1
Claude48,Restricted,Claude48-Restricted,0.5270589140094585,AI,1
Claude48,Restricted,Claude48-Restricted,0.43919733644854553,AI,1
Claude48,Restricted,Claude48-Restricted,0.514426558621797,AI,1
Claude48,Restricted,Claude48-Restricted,0.4463293326677628,AI,1
Claude48,Restricted,Claude48-Restricted,0.462312464174907,AI,1
Claude48,Restricted,Claude48-Restricted,0.45746987470271794,AI,1
Claude48,Restricted,Claude48-Restricted,0.5628541218284608,AI,1
Claude48,Restricted,Claude48-Restricted,0.42154248092262464,AI,1
Claude48,Restricted,Claude48-Restricted,0.46133037027584545,AI,1
Claude48,Restricted,Claude48-Restricted,0.49760014099692834,AI,1
Claude48,Restricted,Claude48-Restricted,0.5767873325976762,AI,1
Claude48,Restricted,Claude48-Restricted,0.514934221015114,AI,1
Claude48,Restricted,Claude48-Restricted,0.4125534615449758,AI,1
Claude48,Restricted,Claude48-Restricted,0.48561554098431803,AI,1
Claude48,Restricted,Claude48-Restricted,0.4781616454309705,AI,1
Claude48,Restricted,Claude48-Restricted,0.41656266641465617,AI,1
Claude48,Restricted,Claude48-Restricted,0.45696094334159687,AI,1
Claude48,Restricted,Claude48-Restricted,0.433089344375922,AI,1
Claude48,Restricted,Claude48-Restricted,0.4916932221375813,AI,1
Claude48,Restricted,Claude48-Restricted,0.47361102285526974,AI,1
Claude48,Restricted,Claude48-Restricted,0.4939970319116173,AI,1
Claude48,Restricted,Claude48-Restricted,0.47809181442367477,AI,1
Claude48,Restricted,Claude48-Restricted,0.48863087482921774,AI,1
Claude48,Restricted,Claude48-Restricted,0.4175657042172072,AI,1
Claude48,Restricted,Claude48-Restricted,0.5742761743683045,AI,1
Claude48,Restricted,Claude48-Restricted,0.5569941113444845,AI,1
Claude48,Restricted,Claude48-Restricted,0.5188271813371075,AI,1
Claude48,Restricted,Claude48-Restricted,0.5487921837420046,AI,1
Claude48,Restricted,Claude48-Restricted,0.4753161811024314,AI,1
Claude48,Restricted,Claude48-Restricted,0.4968310166203287,AI,1
Claude48,Restricted,Claude48-Restricted,0.461311426071187,AI,1
Claude48,Restricted,Claude48-Restricted,0.4740648815207771,AI,1
Claude48,Restricted,Claude48-Restricted,0.5639925593535594,AI,1
Claude48,Restricted,Claude48-Restricted,0.5729521050990198,AI,1
Claude48,Restricted,Claude48-Restricted,0.4548413702510605,AI,1
Claude48,Restricted,Claude48-Restricted,0.49632800169658575,AI,1
Claude48,Restricted,Claude48-Restricted,0.48491388507813665,AI,1
Claude48,Restricted,Claude48-Restricted,0.48288384711784826,AI,1
Claude48,Restricted,Claude48-Restricted,0.49487718056196617,AI,1
Claude48,Restricted,Claude48-Restricted,0.49840907714858623,AI,1
Claude48,Restricted,Claude48-Restricted,0.48993059577838016,AI,1
Claude48,Restricted,Claude48-Restricted,0.4574670274073435,AI,1
Claude48,Restricted,Claude48-Restricted,0.48599856906169486,AI,1
Claude48,Restricted,Claude48-Restricted,0.4793302645543595,AI,1
Claude48,Restricted,Claude48-Restricted,0.5563814772506096,AI,1
Claude48,Restricted,Claude48-Restricted,0.4809281681966459,AI,1
Claude48,Restricted,Claude48-Restricted,0.4978093732382822,AI,1
Claude48,Restricted,Claude48-Restricted,0.5076890673658916,AI,1
Claude48,Restricted,Claude48-Restricted,0.588636872583459,AI,1
Claude48,Restricted,Claude48-Restricted,0.5634219410488492,AI,1
Claude48,Restricted,Claude48-Restricted,0.5342719545644063,AI,1
Claude48,Restricted,Claude48-Restricted,0.5015210662850019,AI,1
Claude48,Restricted,Claude48-Restricted,0.5862693497712312,AI,1
Claude48,Restricted,Claude48-Restricted,0.5236170584022616,AI,1
Claude48,Restricted,Claude48-Restricted,0.604475366061965,AI,1
Claude48,Restricted,Claude48-Restricted,0.5276918039730982,AI,1
Claude48,Restricted,Claude48-Restricted,0.5013639645262455,AI,1
Claude48,Restricted,Claude48-Restricted,0.5042006782442295,AI,1
Claude48,Restricted,Claude48-Restricted,0.5475886028007905,AI,1
Claude48,Restricted,Claude48-Restricted,0.5756707969475238,AI,1
Claude48,Restricted,Claude48-Restricted,0.5764271259634115,AI,1
Claude48,Restricted,Claude48-Restricted,0.4582232262765481,AI,1
Claude48,Restricted,Claude48-Restricted,0.5501357415225808,AI,1
Claude48,Restricted,Claude48-Restricted,0.5282831021138701,AI,1
Claude48,Restricted,Claude48-Restricted,0.42182755315889564,AI,1
Claude48,Restricted,Claude48-Restricted,0.5743662601606473,AI,1
Claude48,Restricted,Claude48-Restricted,0.5797123574650579,AI,1
Claude48,Restricted,Claude48-Restricted,0.5482806406515793,AI,1
Claude48,Restricted,Claude48-Restricted,0.5339865899261359,AI,1
Claude48,Restricted,Claude48-Restricted,0.5522324264582196,AI,1
Claude48,Restricted,Claude48-Restricted,0.5031812758492551,AI,1
Claude48,Restricted,Claude48-Restricted,0.5507783450669577,AI,1
Claude48,Restricted,Claude48-Restricted,0.4074851151609672,AI,1
Claude48,Restricted,Claude48-Restricted,0.5242181929319416,AI,1
Claude48,Restricted,Claude48-Restricted,0.5431878522036939,AI,1
Claude48,Restricted,Claude48-Restricted,0.6907072026667705,AI,1
Claude48,Restricted,Claude48-Restricted,0.6701670449582268,AI,1
Claude48,Restricted,Claude48-Restricted,0.5854464127675718,AI,1
Claude48,Restricted,Claude48-Restricted,0.49356235461084413,AI,1
Claude48,Restricted,Claude48-Restricted,0.46810254415595615,AI,1
Claude48,Restricted,Claude48-Restricted,0.5036442166477488,AI,1
Claude48,Restricted,Claude48-Restricted,0.5071867731787939,AI,1
Claude48,Restricted,Claude48-Restricted,0.5561920695704275,AI,1
Claude48,Restricted,Claude48-Restricted,0.4976147626115315,AI,1
Claude48,Restricted,Claude48-Restricted,0.4862720629011851,AI,1
Claude48,Restricted,Claude48-Restricted,0.5935661404408219,AI,1
Claude48,Restricted,Claude48-Restricted,0.5756126206457655,AI,1
Claude48,Restricted,Claude48-Restricted,0.47183470469198086,AI,1
Claude48,Restricted,Claude48-Restricted,0.5005406327503543,AI,1
Claude48,Restricted,Claude48-Restricted,0.4225604624286751,AI,1
Claude48,Restricted,Claude48-Restricted,0.4740955722600062,AI,1
Claude48,Restricted,Claude48-Restricted,0.4121305972081238,AI,1
Claude48,Restricted,Claude48-Restricted,0.4510995701938602,AI,1
Claude48,Restricted,Claude48-Restricted,0.39423641456872643,AI,1
Claude48,Restricted,Claude48-Restricted,0.5264747372968941,AI,1
Claude48,Restricted,Claude48-Restricted,0.5111966604025223,AI,1
Claude48,Restricted,Claude48-Restricted,0.5364435680623503,AI,1
Claude48,Restricted,Claude48-Restricted,0.5338929991150406,AI,1
Claude48,Restricted,Claude48-Restricted,0.4715135235253805,AI,1
Claude48,Restricted,Claude48-Restricted,0.4815021421557128,AI,1
Claude48,Restricted,Claude48-Restricted,0.4404036237858475,AI,1
Claude48,Restricted,Claude48-Restricted,0.5101878129885219,AI,1
Claude48,Restricted,Claude48-Restricted,0.48197973680728173,AI,1
Claude48,Restricted,Claude48-Restricted,0.5393569102570649,AI,1
Claude48,Restricted,Claude48-Restricted,0.5303641209634186,AI,1
Claude48,Restricted,Claude48-Restricted,0.5751850052227199,AI,1
Claude48,Restricted,Claude48-Restricted,0.5980593015222355,AI,1
Claude48,Restricted,Claude48-Restricted,0.4451362302240055,AI,1
Claude48,Restricted,Claude48-Restricted,0.3966246572202367,AI,1
Claude48,Restricted,Claude48-Restricted,0.52786112300023,AI,1
Claude48,Restricted,Claude48-Restricted,0.44739704157068116,AI,1
Claude48,Restricted,Claude48-Restricted,0.5108679310801922,AI,1
Claude48,Restricted,Claude48-Restricted,0.4334817078649526,AI,1
Claude48,Restricted,Claude48-Restricted,0.4506122048140569,AI,1
Claude48,Restricted,Claude48-Restricted,0.4453934670552793,AI,1
Claude48,Restricted,Claude48-Restricted,0.4415277288802854,AI,1
Claude48,Restricted,Claude48-Restricted,0.4456997303068012,AI,1
Claude48,Restricted,Claude48-Restricted,0.49733050456170674,AI,1
Claude48,Restricted,Claude48-Restricted,0.49002583344356354,AI,1
Claude48,Restricted,Claude48-Restricted,0.523404716544937,AI,1
Claude48,Restricted,Claude48-Restricted,0.5620661846153282,AI,1
Claude48,Restricted,Claude48-Restricted,0.5572135006346423,AI,1
Claude48,Restricted,Claude48-Restricted,0.5111511044681648,AI,1
Claude48,Restricted,Claude48-Restricted,0.5122420179506674,AI,1
Claude48,Restricted,Claude48-Restricted,0.5219374667976012,AI,1
Claude48,Restricted,Claude48-Restricted,0.48868450706583055,AI,1
Claude48,Restricted,Claude48-Restricted,0.4740992581868707,AI,1
Claude48,Restricted,Claude48-Restricted,0.5967147970246771,AI,1
Claude48,Restricted,Claude48-Restricted,0.464403152081909,AI,1
Claude48,Restricted,Claude48-Restricted,0.5138120266603415,AI,1
Claude48,Restricted,Claude48-Restricted,0.5289902090069316,AI,1
Claude48,Restricted,Claude48-Restricted,0.4137405207667812,AI,1
Claude48,Restricted,Claude48-Restricted,0.4201013897127402,AI,1
Claude48,Restricted,Claude48-Restricted,0.531702543041164,AI,1
Claude48,Restricted,Claude48-Restricted,0.4373564426720036,AI,1
Claude48,Restricted,Claude48-Restricted,0.48870877413516955,AI,1
Claude48,Restricted,Claude48-Restricted,0.5458658813472719,AI,1
Claude48,Restricted,Claude48-Restricted,0.5001443737898856,AI,1
Claude48,Restricted,Claude48-Restricted,0.3983046471261153,AI,1
Claude48,Restricted,Claude48-Restricted,0.4916993870675916,AI,1
Claude48,Restricted,Claude48-Restricted,0.49614024204316254,AI,1
Claude48,Restricted,Claude48-Restricted,0.4580691942783756,AI,1
Claude48,Restricted,Claude48-Restricted,0.5311770305004155,AI,1
Claude48,Restricted,Claude48-Restricted,0.6128211305773337,AI,1
Claude48,Restricted,Claude48-Restricted,0.48908808901466694,AI,1
Claude48,Restricted,Claude48-Restricted,0.4839659794493861,AI,1
Claude48,Restricted,Claude48-Restricted,0.5022864770373334,AI,1
Claude48,Restricted,Claude48-Restricted,0.4547924878172067,AI,1
Claude48,Restricted,Claude48-Restricted,0.3819208839045234,AI,1
Claude48,Restricted,Claude48-Restricted,0.456702976000321,AI,1
Claude48,Restricted,Claude48-Restricted,0.46492336819968766,AI,1
Claude48,Restricted,Claude48-Restricted,0.46851687174416246,AI,1
Claude48,Restricted,Claude48-Restricted,0.5147801660190964,AI,1
Claude48,Restricted,Claude48-Restricted,0.44261382218613105,AI,1
Claude48,Restricted,Claude48-Restricted,0.38896111583082765,AI,1
Claude48,Restricted,Claude48-Restricted,0.5566609146223448,AI,1
Claude48,Restricted,Claude48-Restricted,0.530631268194661,AI,1
Claude48,Restricted,Claude48-Restricted,0.5247161567466649,AI,1
Claude48,Restricted,Claude48-Restricted,0.490074131737563,AI,1
Claude48,Restricted,Claude48-Restricted,0.47916435227089305,AI,1
Claude48,Restricted,Claude48-Restricted,0.5084785376522577,AI,1
Claude48,Restricted,Claude48-Restricted,0.5384020264525943,AI,1
Claude48,Restricted,Claude48-Restricted,0.5762289021157895,AI,1
Claude48,Restricted,Claude48-Restricted,0.4862062059919979,AI,1
Claude48,Restricted,Claude48-Restricted,0.49544101461409934,AI,1
Claude48,Restricted,Claude48-Restricted,0.46102590938979343,AI,1
Claude48,Restricted,Claude48-Restricted,0.5109841915228627,AI,1
Claude48,Restricted,Claude48-Restricted,0.5493417356772576,AI,1
Claude48,Restricted,Claude48-Restricted,0.43527534662183576,AI,1
Claude48,Restricted,Claude48-Restricted,0.3849844991349768,AI,1
Claude48,Restricted,Claude48-Restricted,0.5638534924904731,AI,1
Claude48,Restricted,Claude48-Restricted,0.485744908912266,AI,1
Claude48,Restricted,Claude48-Restricted,0.501756813989753,AI,1
Claude48,Restricted,Claude48-Restricted,0.4497235326081699,AI,1
Claude48,Restricted,Claude48-Restricted,0.5085072842482589,AI,1
Claude48,Restricted,Claude48-Restricted,0.3335135932513419,AI,1
Claude48,Restricted,Claude48-Restricted,0.4097691076687569,AI,1
Claude48,Restricted,Claude48-Restricted,0.576562684869558,AI,1
Claude48,Restricted,Claude48-Restricted,0.4859942500328424,AI,1
Claude48,Restricted,Claude48-Restricted,0.5311359465542995,AI,1
Claude48,Restricted,Claude48-Restricted,0.57670930853066,AI,1
Claude48,Restricted,Claude48-Restricted,0.5685434936320874,AI,1
Claude48,Restricted,Claude48-Restricted,0.5396207340676846,AI,1
Claude48,Restricted,Claude48-Restricted,0.4631430099900343,AI,1
Claude48,Restricted,Claude48-Restricted,0.49170617431739444,AI,1
Claude48,Restricted,Claude48-Restricted,0.47693539345808605,AI,1
Claude48,Restricted,Claude48-Restricted,0.5073820280966747,AI,1
Claude48,Restricted,Claude48-Restricted,0.5562619211240913,AI,1
Claude48,Restricted,Claude48-Restricted,0.44846316415007226,AI,1
Claude48,Restricted,Claude48-Restricted,0.4717593890514479,AI,1
Claude48,Restricted,Claude48-Restricted,0.5247224194499708,AI,1
Claude48,Restricted,Claude48-Restricted,0.5367637375100895,AI,1
Claude48,Restricted,Claude48-Restricted,0.4583308202597443,AI,1
Claude48,Restricted,Claude48-Restricted,0.5135892110863384,AI,1
Claude48,Restricted,Claude48-Restricted,0.4849919507482119,AI,1
Claude48,Restricted,Claude48-Restricted,0.45612929176886985,AI,1
Claude48,Restricted,Claude48-Restricted,0.44341512390601945,AI,1
Claude48,Restricted,Claude48-Restricted,0.5186103863808568,AI,1
Claude48,Restricted,Claude48-Restricted,0.5777627216804834,AI,1
Claude48,Restricted,Claude48-Restricted,0.4773780883274082,AI,1
Claude48,Restricted,Claude48-Restricted,0.4485669283559885,AI,1
Claude48,Restricted,Claude48-Restricted,0.47500655087319255,AI,1
Claude48,Restricted,Claude48-Restricted,0.5766264041531447,AI,1
Claude48,Restricted,Claude48-Restricted,0.5249689858723902,AI,1
Claude48,Restricted,Claude48-Restricted,0.5132933428105765,AI,1
Claude48,Restricted,Claude48-Restricted,0.429396130990197,AI,1
Claude48,Restricted,Claude48-Restricted,0.45085406910398923,AI,1
Claude48,Restricted,Claude48-Restricted,0.41495979478693784,AI,1
Claude48,Restricted,Claude48-Restricted,0.48641350673786904,AI,1
Claude48,Restricted,Claude48-Restricted,0.5005596167149516,AI,1
Claude48,Restricted,Claude48-Restricted,0.44946460942047106,AI,1
Claude48,Restricted,Claude48-Restricted,0.44177704623618247,AI,1
Claude48,Restricted,Claude48-Restricted,0.5338912872622362,AI,1
Claude48,Restricted,Claude48-Restricted,0.4914608605776305,AI,1
Claude48,Restricted,Claude48-Restricted,0.5571430152868689,AI,1
Claude48,Restricted,Claude48-Restricted,0.4543862680123718,AI,1
Claude48,Restricted,Claude48-Restricted,0.4438273618373547,AI,1
Claude48,Restricted,Claude48-Restricted,0.527265237402949,AI,1
Claude48,Restricted,Claude48-Restricted,0.47921234817062863,AI,1
Claude48,Restricted,Claude48-Restricted,0.4924017261836474,AI,1
Claude48,Restricted,Claude48-Restricted,0.4865916865236949,AI,1
Claude48,Restricted,Claude48-Restricted,0.4616225281435619,AI,1
Claude48,Restricted,Claude48-Restricted,0.41221594298036424,AI,1
Claude48,Restricted,Claude48-Restricted,0.44014727705822365,AI,1
Claude48,Restricted,Claude48-Restricted,0.5747684028868003,AI,1
Claude48,Restricted,Claude48-Restricted,0.552787543755768,AI,1
Claude48,Restricted,Claude48-Restricted,0.5576323599781173,AI,1
Claude48,Restricted,Claude48-Restricted,0.5425218575730502,AI,1
Claude48,Restricted,Claude48-Restricted,0.49977268619612136,AI,1
Claude48,Restricted,Claude48-Restricted,0.4343223410169572,AI,1
Claude48,Restricted,Claude48-Restricted,0.41667498691332683,AI,1
Claude48,Restricted,Claude48-Restricted,0.495012158310466,AI,1
Claude48,Restricted,Claude48-Restricted,0.5407948935226434,AI,1
Claude48,Restricted,Claude48-Restricted,0.4809323575918979,AI,1
Claude48,Restricted,Claude48-Restricted,0.4828975706657159,AI,1
Claude48,Restricted,Claude48-Restricted,0.6400516779685362,AI,1
Claude48,Restricted,Claude48-Restricted,0.48807242964420006,AI,1
Claude48,Restricted,Claude48-Restricted,0.533522819052637,AI,1
Claude48,Restricted,Claude48-Restricted,0.4392935510277896,AI,1
Claude48,Restricted,Claude48-Restricted,0.4998224708084525,AI,1
Claude48,Restricted,Claude48-Restricted,0.560500473625795,AI,1
Claude48,Restricted,Claude48-Restricted,0.5129986169022932,AI,1
Claude48,Restricted,Claude48-Restricted,0.5325710882167075,AI,1
Claude48,Restricted,Claude48-Restricted,0.5716137036121156,AI,1
Claude48,Restricted,Claude48-Restricted,0.5836400714982494,AI,1
Claude48,Restricted,Claude48-Restricted,0.5427522502952823,AI,1
Claude48,Restricted,Claude48-Restricted,0.4968361279252647,AI,1
Claude48,Restricted,Claude48-Restricted,0.5326669566314169,AI,1
Claude48,Restricted,Claude48-Restricted,0.5311567584378166,AI,1
Claude48,Restricted,Claude48-Restricted,0.5495437395667523,AI,1
Claude48,Restricted,Claude48-Restricted,0.5341575710744577,AI,1
Claude48,Restricted,Claude48-Restricted,0.5139704079932933,AI,1
Claude48,Restricted,Claude48-Restricted,0.538296527644745,AI,1
Claude48,Restricted,Claude48-Restricted,0.47400510809510865,AI,1
Claude48,Restricted,Claude48-Restricted,0.4477338747542353,AI,1
Claude48,Restricted,Claude48-Restricted,0.4804196043602128,AI,1
Claude48,Restricted,Claude48-Restricted,0.4606159313392866,AI,1
Claude48,Restricted,Claude48-Restricted,0.49446380690527564,AI,1
Claude48,Restricted,Claude48-Restricted,0.42085459335134356,AI,1
Claude48,Restricted,Claude48-Restricted,0.5613472967036187,AI,1
Claude48,Restricted,Claude48-Restricted,0.4192259309016976,AI,1
Claude48,Restricted,Claude48-Restricted,0.5370206219457145,AI,1
Claude48,Restricted,Claude48-Restricted,0.5106597920756925,AI,1
Claude48,Restricted,Claude48-Restricted,0.433337615998949,AI,1
Claude48,Restricted,Claude48-Restricted,0.4810888400756647,AI,1
Claude48,Restricted,Claude48-Restricted,0.5338946916932749,AI,1
Claude48,Restricted,Claude48-Restricted,0.5133920264716152,AI,1
Claude48,Restricted,Claude48-Restricted,0.3941043257981959,AI,1
Claude48,Restricted,Claude48-Restricted,0.5045881230892834,AI,1
Claude48,Restricted,Claude48-Restricted,0.4877350886880187,AI,1
Claude48,Restricted,Claude48-Restricted,0.480027943595888,AI,1
Claude48,Restricted,Claude48-Restricted,0.4954423731726198,AI,1
Claude48,Restricted,Claude48-Restricted,0.5321961871528097,AI,1
Claude48,Restricted,Claude48-Restricted,0.6070772731973925,AI,1
Claude48,Restricted,Claude48-Restricted,0.5217876821716381,AI,1
Claude48,Restricted,Claude48-Restricted,0.48596971704203723,AI,1
Claude48,Restricted,Claude48-Restricted,0.6664821681153353,AI,1
Claude48,Restricted,Claude48-Restricted,0.5139043600224721,AI,1
Claude48,Restricted,Claude48-Restricted,0.44879467877286733,AI,1
Claude48,Restricted,Claude48-Restricted,0.5083494841446072,AI,1
Claude48,Restricted,Claude48-Restricted,0.4708900124681697,AI,1
Claude48,Restricted,Claude48-Restricted,0.5034710775391245,AI,1
Claude48,Restricted,Claude48-Restricted,0.5737030553643441,AI,1
Claude48,Restricted,Claude48-Restricted,0.543650996766149,AI,1
Claude48,Restricted,Claude48-Restricted,0.6122883064559519,AI,1
Claude48,Restricted,Claude48-Restricted,0.5491969429510917,AI,1
Claude48,Restricted,Claude48-Restricted,0.5278175313238458,AI,1
Claude48,Restricted,Claude48-Restricted,0.5255174573534813,AI,1
Claude48,Restricted,Claude48-Restricted,0.5034547562416447,AI,1
Claude48,Restricted,Claude48-Restricted,0.47599714310124785,AI,1
Claude48,Restricted,Claude48-Restricted,0.5195635423918716,AI,1
Claude48,Restricted,Claude48-Restricted,0.5290277304258804,AI,1
Claude48,Restricted,Claude48-Restricted,0.49761823259433596,AI,1
Claude48,Restricted,Claude48-Restricted,0.5076032263218199,AI,1
Claude48,Restricted,Claude48-Restricted,0.5083088292290049,AI,1
Claude48,Restricted,Claude48-Restricted,0.5011310088223336,AI,1
Claude48,Restricted,Claude48-Restricted,0.4986707217466733,AI,1
Claude48,Restricted,Claude48-Restricted,0.456458144500557,AI,1
Claude48,Restricted,Claude48-Restricted,0.5055449719851817,AI,1
Claude48,Restricted,Claude48-Restricted,0.48638611990398045,AI,1
Claude48,Restricted,Claude48-Restricted,0.47450396881076934,AI,1
Claude48,Restricted,Claude48-Restricted,0.4082039823183183,AI,1
Claude48,Restricted,Claude48-Restricted,0.4577302290002585,AI,1
Claude48,Restricted,Claude48-Restricted,0.43678807079373483,AI,1
Claude48,Restricted,Claude48-Restricted,0.4281555885767532,AI,1
Claude48,Restricted,Claude48-Restricted,0.4982600057642634,AI,1
Claude48,Restricted,Claude48-Restricted,0.49818228820805127,AI,1
Claude48,Restricted,Claude48-Restricted,0.5478966205368748,AI,1
Claude48,Restricted,Claude48-Restricted,0.5261141157763871,AI,1
Claude48,Restricted,Claude48-Restricted,0.5241489083505384,AI,1
Claude48,Restricted,Claude48-Restricted,0.5242506290575263,AI,1
Claude48,Restricted,Claude48-Restricted,0.5423935068986099,AI,1
Claude48,Restricted,Claude48-Restricted,0.49258729451759764,AI,1
Claude48,Restricted,Claude48-Restricted,0.4947869736809573,AI,1
Claude48,Restricted,Claude48-Restricted,0.5201009464634379,AI,1
Claude48,Restricted,Claude48-Restricted,0.5238072201362465,AI,1
Claude48,Restricted,Claude48-Restricted,0.45639965407180505,AI,1
Claude48,Restricted,Claude48-Restricted,0.5614241325583754,AI,1
Claude48,Restricted,Claude48-Restricted,0.5529581913223551,AI,1
Claude48,Restricted,Claude48-Restricted,0.40810819412514326,AI,1
Claude48,Restricted,Claude48-Restricted,0.4924831447124986,AI,1
Claude48,Restricted,Claude48-Restricted,0.5427407662522535,AI,1
Claude48,Restricted,Claude48-Restricted,0.524188768930548,AI,1
Claude48,Restricted,Claude48-Restricted,0.5099592900751277,AI,1
Claude48,Restricted,Claude48-Restricted,0.5016302841967298,AI,1
Claude48,Restricted,Claude48-Restricted,0.5027463095823087,AI,1
Claude48,Restricted,Claude48-Restricted,0.4455974578949114,AI,1
Claude48,Restricted,Claude48-Restricted,0.4263478158890132,AI,1
Claude48,Restricted,Claude48-Restricted,0.4913697996228974,AI,1
Claude48,Restricted,Claude48-Restricted,0.5117766012531199,AI,1
Claude48,Restricted,Claude48-Restricted,0.45782682383294765,AI,1
Claude48,Restricted,Claude48-Restricted,0.5147387544088927,AI,1
Claude48,Restricted,Claude48-Restricted,0.5921770558822038,AI,1
Claude48,Restricted,Claude48-Restricted,0.5929610563290542,AI,1
Claude48,Restricted,Claude48-Restricted,0.4654650388762997,AI,1
Claude48,Restricted,Claude48-Restricted,0.45175643233720975,AI,1
Claude48,Restricted,Claude48-Restricted,0.48131823972628723,AI,1
Claude48,Restricted,Claude48-Restricted,0.520162731362385,AI,1
Claude48,Restricted,Claude48-Restricted,0.5394724228199166,AI,1
Claude48,Restricted,Claude48-Restricted,0.4519584147443444,AI,1
Claude48,Restricted,Claude48-Restricted,0.5082799824795705,AI,1
Claude48,Restricted,Claude48-Restricted,0.5359921088830061,AI,1
Claude48,Restricted,Claude48-Restricted,0.43985531594633503,AI,1
Claude48,Restricted,Claude48-Restricted,0.5351420168689658,AI,1
Claude48,Restricted,Claude48-Restricted,0.4718133255101147,AI,1
Claude48,Restricted,Claude48-Restricted,0.5439697644145262,AI,1
Claude48,Restricted,Claude48-Restricted,0.48747914957509514,AI,1
Claude48,Restricted,Claude48-Restricted,0.5114464827873297,AI,1
Claude48,Restricted,Claude48-Restricted,0.458926280447526,AI,1
Claude48,Restricted,Claude48-Restricted,0.5295026618268825,AI,1
Claude48,Restricted,Claude48-Restricted,0.5133078765774064,AI,1
Claude48,Restricted,Claude48-Restricted,0.47127814844028915,AI,1
Claude48,Restricted,Claude48-Restricted,0.5204727482319804,AI,1
Claude48,Restricted,Claude48-Restricted,0.5043149633477972,AI,1
Claude48,Restricted,Claude48-Restricted,0.44254761408209015,AI,1
Claude48,Restricted,Claude48-Restricted,0.5133939846659371,AI,1
Claude48,Restricted,Claude48-Restricted,0.5042233512967713,AI,1
Claude48,Restricted,Claude48-Restricted,0.4751655294790392,AI,1
Claude48,Restricted,Claude48-Restricted,0.4562591519033988,AI,1
Claude48,Restricted,Claude48-Restricted,0.5051012463911377,AI,1
Claude48,Restricted,Claude48-Restricted,0.4603872284547844,AI,1
Claude48,Restricted,Claude48-Restricted,0.4966984782638555,AI,1
Claude48,Restricted,Claude48-Restricted,0.4437309183944606,AI,1
Claude48,Restricted,Claude48-Restricted,0.5468408882296938,AI,1
Claude48,Restricted,Claude48-Restricted,0.5802548319305625,AI,1
Claude48,Restricted,Claude48-Restricted,0.4863402696677683,AI,1
Claude48,Restricted,Claude48-Restricted,0.4790210768734978,AI,1
Claude48,Restricted,Claude48-Restricted,0.5860239434590341,AI,1
Claude48,Restricted,Claude48-Restricted,0.5141206903754716,AI,1
Claude48,Restricted,Claude48-Restricted,0.5163214897514081,AI,1
Claude48,Restricted,Claude48-Restricted,0.5516355730194397,AI,1
Claude48,Restricted,Claude48-Restricted,0.5227154142163617,AI,1
Claude48,Restricted,Claude48-Restricted,0.4891164265681777,AI,1
Claude48,Restricted,Claude48-Restricted,0.5564873925675562,AI,1
Claude48,Restricted,Claude48-Restricted,0.5439808981631533,AI,1
Claude48,Restricted,Claude48-Restricted,0.5672540059521923,AI,1
Claude48,Restricted,Claude48-Restricted,0.5167142836227218,AI,1
Claude48,Restricted,Claude48-Restricted,0.48476020166605743,AI,1
Claude48,Restricted,Claude48-Restricted,0.4497704903266083,AI,1
Claude48,Restricted,Claude48-Restricted,0.4651766396854254,AI,1
Claude48,Restricted,Claude48-Restricted,0.4654531688261785,AI,1
Claude48,Restricted,Claude48-Restricted,0.48362901763160376,AI,1
Claude48,Restricted,Claude48-Restricted,0.487654969177535,AI,1
Claude48,Restricted,Claude48-Restricted,0.4898803687862809,AI,1
Claude48,Restricted,Claude48-Restricted,0.4478599658417859,AI,1
Claude48,Restricted,Claude48-Restricted,0.48214936630280786,AI,1
Claude48,Restricted,Claude48-Restricted,0.5314967336468333,AI,1
Claude48,Restricted,Claude48-Restricted,0.5790909685781341,AI,1
Claude48,Restricted,Claude48-Restricted,0.4827535603882718,AI,1
Claude48,Restricted,Claude48-Restricted,0.4679879349735386,AI,1
Claude48,Restricted,Claude48-Restricted,0.5060027293657057,AI,1
Claude48,Restricted,Claude48-Restricted,0.46388623160665515,AI,1
Claude48,Restricted,Claude48-Restricted,0.403354582547008,AI,1
Claude48,Restricted,Claude48-Restricted,0.4324416301842485,AI,1
Claude48,Restricted,Claude48-Restricted,0.49203630132899795,AI,1
Claude48,Restricted,Claude48-Restricted,0.5434157040060528,AI,1
Claude48,Restricted,Claude48-Restricted,0.49238638727931994,AI,1
Claude48,Restricted,Claude48-Restricted,0.4372355541057394,AI,1
Claude48,Restricted,Claude48-Restricted,0.5688629416759619,AI,1
Claude48,Restricted,Claude48-Restricted,0.5282243527982122,AI,1
Claude48,Restricted,Claude48-Restricted,0.4850183475681027,AI,1
Claude48,Restricted,Claude48-Restricted,0.4937270708721373,AI,1
Claude48,Restricted,Claude48-Restricted,0.5439625285979833,AI,1
Claude48,Restricted,Claude48-Restricted,0.5618613234963231,AI,1
Claude48,Restricted,Claude48-Restricted,0.4400888332728712,AI,1
Claude48,Restricted,Claude48-Restricted,0.4517913699321585,AI,1
Claude48,Restricted,Claude48-Restricted,0.48397647756522316,AI,1
Claude48,Restricted,Claude48-Restricted,0.5553763341274218,AI,1
Claude48,Restricted,Claude48-Restricted,0.48913388804676367,AI,1
Claude48,Restricted,Claude48-Restricted,0.5186138007149443,AI,1
Claude48,Restricted,Claude48-Restricted,0.5255852734414881,AI,1
Claude48,Restricted,Claude48-Restricted,0.5061679743702047,AI,1
Claude48,Restricted,Claude48-Restricted,0.42351691378966166,AI,1
Claude48,Restricted,Claude48-Restricted,0.5464758193137613,AI,1
Claude48,Restricted,Claude48-Restricted,0.4729262557555857,AI,1
Claude48,Restricted,Claude48-Restricted,0.45246228540254047,AI,1
Claude48,Restricted,Claude48-Restricted,0.4305312654389531,AI,1
Claude48,Restricted,Claude48-Restricted,0.5801677059696079,AI,1
Claude48,Restricted,Claude48-Restricted,0.4482711902224813,AI,1
Claude48,Restricted,Claude48-Restricted,0.4830636622136058,AI,1
Claude48,Restricted,Claude48-Restricted,0.5387240284180695,AI,1
Claude48,Restricted,Claude48-Restricted,0.47998699786637145,AI,1
Claude48,Restricted,Claude48-Restricted,0.4525635083278721,AI,1
Claude48,Restricted,Claude48-Restricted,0.46242031527291294,AI,1
Claude48,Restricted,Claude48-Restricted,0.6081109133028917,AI,1
Claude48,Restricted,Claude48-Restricted,0.48367860922350236,AI,1
Claude48,Restricted,Claude48-Restricted,0.49487362382519445,AI,1
Claude48,Restricted,Claude48-Restricted,0.5810380952777318,AI,1
Claude48,Restricted,Claude48-Restricted,0.5274172546675179,AI,1
Claude48,Restricted,Claude48-Restricted,0.49569379619618803,AI,1
Claude48,Restricted,Claude48-Restricted,0.5167548059470819,AI,1
Claude48,Restricted,Claude48-Restricted,0.5622617822476093,AI,1
Claude48,Restricted,Claude48-Restricted,0.4813948722607298,AI,1
Claude48,Restricted,Claude48-Restricted,0.5548420262578851,AI,1
Claude48,Restricted,Claude48-Restricted,0.6260697590069993,AI,1
Claude48,Restricted,Claude48-Restricted,0.48557873309849037,AI,1
Claude48,Restricted,Claude48-Restricted,0.5112854128324511,AI,1
Claude48,Restricted,Claude48-Restricted,0.460947057149733,AI,1
Claude48,Restricted,Claude48-Restricted,0.5188436575422428,AI,1
Claude48,Restricted,Claude48-Restricted,0.5267248803051422,AI,1
Claude48,Restricted,Claude48-Restricted,0.4739047820680254,AI,1
Claude48,Restricted,Claude48-Restricted,0.4918272768974761,AI,1
Claude48,Restricted,Claude48-Restricted,0.47314824909039627,AI,1
Claude48,Restricted,Claude48-Restricted,0.5296759773138007,AI,1
Claude48,Restricted,Claude48-Restricted,0.4918902322312987,AI,1
Claude48,Restricted,Claude48-Restricted,0.5369291035776134,AI,1
Claude48,Restricted,Claude48-Restricted,0.6305285782432808,AI,1
Claude48,Restricted,Claude48-Restricted,0.5319765301054198,AI,1
Claude48,Restricted,Claude48-Restricted,0.46714151347066696,AI,1
Claude48,Restricted,Claude48-Restricted,0.5316210424211822,AI,1
Claude48,Restricted,Claude48-Restricted,0.5500626403311552,AI,1
Claude48,Restricted,Claude48-Restricted,0.5989209124299886,AI,1
Claude48,Restricted,Claude48-Restricted,0.636554579569992,AI,1
Claude48,Restricted,Claude48-Restricted,0.5619050293379046,AI,1
Claude48,Restricted,Claude48-Restricted,0.5628185790772346,AI,1
Claude48,Restricted,Claude48-Restricted,0.6026367247178648,AI,1
Claude48,Restricted,Claude48-Restricted,0.5803091623642171,AI,1
Claude48,Restricted,Claude48-Restricted,0.5779515327455131,AI,1
Claude48,Restricted,Claude48-Restricted,0.49293906967374324,AI,1
Claude48,Restricted,Claude48-Restricted,0.4583020702584373,AI,1
Claude48,Restricted,Claude48-Restricted,0.5426262518681285,AI,1
Claude48,Restricted,Claude48-Restricted,0.5578541557400987,AI,1
Claude48,Restricted,Claude48-Restricted,0.5206301028859461,AI,1
Claude48,Restricted,Claude48-Restricted,0.4897560373452231,AI,1
Claude48,Restricted,Claude48-Restricted,0.5130585427660896,AI,1
Claude48,Restricted,Claude48-Restricted,0.5268388741769106,AI,1
Claude48,Restricted,Claude48-Restricted,0.4947328827836021,AI,1
Claude48,Restricted,Claude48-Restricted,0.44669284079278543,AI,1
Claude48,Restricted,Claude48-Restricted,0.48647083588734363,AI,1
Claude48,Restricted,Claude48-Restricted,0.519563441186369,AI,1
Claude48,Restricted,Claude48-Restricted,0.41819266134840544,AI,1
Claude48,Restricted,Claude48-Restricted,0.47566924479279743,AI,1
Claude48,Restricted,Claude48-Restricted,0.4758424039459863,AI,1
Claude48,Restricted,Claude48-Restricted,0.5115315806571094,AI,1
Claude48,Restricted,Claude48-Restricted,0.4778648685377304,AI,1
Claude48,Restricted,Claude48-Restricted,0.5741378626833299,AI,1
Claude48,Restricted,Claude48-Restricted,0.5256207184529004,AI,1
Claude48,Restricted,Claude48-Restricted,0.5038930452353061,AI,1
Claude48,Restricted,Claude48-Restricted,0.46171354607460113,AI,1
Claude48,Restricted,Claude48-Restricted,0.4823533866417431,AI,1
Claude48,Restricted,Claude48-Restricted,0.5287707814876584,AI,1
Claude48,Restricted,Claude48-Restricted,0.489211640023234,AI,1
Claude48,Restricted,Claude48-Restricted,0.5035178332583908,AI,1
Claude48,Restricted,Claude48-Restricted,0.515133783416997,AI,1
Claude48,Restricted,Claude48-Restricted,0.5317441469792918,AI,1
Claude48,Restricted,Claude48-Restricted,0.5446705444261014,AI,1
Claude48,Restricted,Claude48-Restricted,0.5501155543559723,AI,1
Claude48,Restricted,Claude48-Restricted,0.5865127362149878,AI,1
Claude48,Restricted,Claude48-Restricted,0.5968901544283454,AI,1
Claude48,Restricted,Claude48-Restricted,0.6171581163786645,AI,1
Claude48,Restricted,Claude48-Restricted,0.5373820760761792,AI,1
Claude48,Restricted,Claude48-Restricted,0.541002554884882,AI,1
Claude48,Restricted,Claude48-Restricted,0.5921066484068785,AI,1
Claude48,Restricted,Claude48-Restricted,0.5828244776217488,AI,1
Claude48,Restricted,Claude48-Restricted,0.5126316288408288,AI,1
Claude48,Restricted,Claude48-Restricted,0.5071971075886468,AI,1
Claude48,Restricted,Claude48-Restricted,0.49814010457062863,AI,1
Claude48,Restricted,Claude48-Restricted,0.5637518982898507,AI,1
Claude48,Restricted,Claude48-Restricted,0.5729085299918846,AI,1
Claude48,Restricted,Claude48-Restricted,0.5271070588909653,AI,1
Claude48,Restricted,Claude48-Restricted,0.5265423362104297,AI,1
Claude48,Restricted,Claude48-Restricted,0.5116485632695248,AI,1
Claude48,Restricted,Claude48-Restricted,0.6337174258330022,AI,1
Claude48,Restricted,Claude48-Restricted,0.5750113673848888,AI,1
Claude48,Restricted,Claude48-Restricted,0.489325718090738,AI,1
Claude48,Restricted,Claude48-Restricted,0.49959778772907376,AI,1
Claude48,Restricted,Claude48-Restricted,0.5194666752667917,AI,1
Claude48,Restricted,Claude48-Restricted,0.5819239160095442,AI,1
Claude48,Restricted,Claude48-Restricted,0.56463110481965,AI,1
Claude48,Restricted,Claude48-Restricted,0.4888791801541089,AI,1
Claude48,Restricted,Claude48-Restricted,0.5337711276134102,AI,1
Claude48,Restricted,Claude48-Restricted,0.5283429457143491,AI,1
Claude48,Restricted,Claude48-Restricted,0.47310660960222756,AI,1
Claude48,Restricted,Claude48-Restricted,0.542417174008172,AI,1
Claude48,Restricted,Claude48-Restricted,0.5092603094994745,AI,1
Claude48,Restricted,Claude48-Restricted,0.45545086459233824,AI,1
Claude48,Restricted,Claude48-Restricted,0.46427675443385336,AI,1
Claude48,Restricted,Claude48-Restricted,0.4659670162298877,AI,1
Claude48,Restricted,Claude48-Restricted,0.5253216408109406,AI,1
Claude48,Restricted,Claude48-Restricted,0.5608796284990234,AI,1
Claude48,Restricted,Claude48-Restricted,0.5521683654282332,AI,1
Claude48,Restricted,Claude48-Restricted,0.5114652593957232,AI,1
Claude48,Restricted,Claude48-Restricted,0.5687377062228091,AI,1
Claude48,Restricted,Claude48-Restricted,0.4831768969380958,AI,1
Claude48,Restricted,Claude48-Restricted,0.5646379862345319,AI,1
Claude48,Restricted,Claude48-Restricted,0.6515223524163604,AI,1
Claude48,Restricted,Claude48-Restricted,0.5192278652274889,AI,1
Claude48,Restricted,Claude48-Restricted,0.4799267029202685,AI,1
Claude48,Restricted,Claude48-Restricted,0.503437519575459,AI,1
Claude48,Restricted,Claude48-Restricted,0.5676537118032039,AI,1
Claude48,Restricted,Claude48-Restricted,0.4853719085063139,AI,1
Claude48,Restricted,Claude48-Restricted,0.5450023946741238,AI,1
Claude48,Restricted,Claude48-Restricted,0.5492428318474718,AI,1
Claude48,Restricted,Claude48-Restricted,0.5214312112430978,AI,1
Claude48,Restricted,Claude48-Restricted,0.5578970835504317,AI,1
Claude48,Restricted,Claude48-Restricted,0.4591530436474538,AI,1
Claude48,Restricted,Claude48-Restricted,0.5529311820098803,AI,1
Claude48,Restricted,Claude48-Restricted,0.5167507422328377,AI,1
Claude48,Restricted,Claude48-Restricted,0.5764037751908474,AI,1
Claude48,Restricted,Claude48-Restricted,0.5020631666741796,AI,1
Claude48,Restricted,Claude48-Restricted,0.533369365368675,AI,1
Claude48,Restricted,Claude48-Restricted,0.5837319091105835,AI,1
Claude48,Restricted,Claude48-Restricted,0.5297210482452744,AI,1
Claude48,Restricted,Claude48-Restricted,0.5273880411939067,AI,1
Claude48,Restricted,Claude48-Restricted,0.5295558112690042,AI,1
Claude48,Restricted,Claude48-Restricted,0.5291680480273948,AI,1
Claude48,Restricted,Claude48-Restricted,0.4902174761437517,AI,1
Claude48,Restricted,Claude48-Restricted,0.5882341802668688,AI,1
Claude48,Restricted,Claude48-Restricted,0.6058019787702104,AI,1
Claude48,Restricted,Claude48-Restricted,0.49968251389447077,AI,1
Claude48,Restricted,Claude48-Restricted,0.5258074081099885,AI,1
Claude48,Restricted,Claude48-Restricted,0.5090858989166315,AI,1
Claude48,Restricted,Claude48-Restricted,0.5533191966705423,AI,1
Claude48,Restricted,Claude48-Restricted,0.546835052708328,AI,1
Claude48,Restricted,Claude48-Restricted,0.5528089603694131,AI,1
Claude48,Restricted,Claude48-Restricted,0.5923144068330529,AI,1
Claude48,Restricted,Claude48-Restricted,0.47065869413586503,AI,1
Claude48,Restricted,Claude48-Restricted,0.5603272848893532,AI,1
Claude48,Restricted,Claude48-Restricted,0.57145318802812,AI,1
Claude48,Restricted,Claude48-Restricted,0.5043261863562587,AI,1
Claude48,Restricted,Claude48-Restricted,0.6422926933137986,AI,1
Claude48,Restricted,Claude48-Restricted,0.6068018981847874,AI,1
Claude48,Restricted,Claude48-Restricted,0.4905335056718251,AI,1
Claude48,Restricted,Claude48-Restricted,0.5319219324282282,AI,1
Claude48,Restricted,Claude48-Restricted,0.5036136398060711,AI,1
Claude48,Restricted,Claude48-Restricted,0.5067942362075932,AI,1
Claude48,Restricted,Claude48-Restricted,0.5170411857167505,AI,1
Claude48,Restricted,Claude48-Restricted,0.5560764149563534,AI,1
Claude48,Restricted,Claude48-Restricted,0.49441602489769865,AI,1
Claude48,Restricted,Claude48-Restricted,0.485670916769509,AI,1
Claude48,Restricted,Claude48-Restricted,0.5780437761939873,AI,1
Claude48,Restricted,Claude48-Restricted,0.5487545802848048,AI,1
Claude48,Restricted,Claude48-Restricted,0.5900193844675552,AI,1
Claude48,Restricted,Claude48-Restricted,0.5243962645763339,AI,1
Claude48,Restricted,Claude48-Restricted,0.510540626370636,AI,1
Claude48,Restricted,Claude48-Restricted,0.4193862722291519,AI,1
Claude48,Restricted,Claude48-Restricted,0.5153656698147183,AI,1
Claude48,Restricted,Claude48-Restricted,0.6216323188335657,AI,1
Claude48,Restricted,Claude48-Restricted,0.5522651769638622,AI,1
Claude48,Restricted,Claude48-Restricted,0.56345675182606,AI,1
Claude48,Restricted,Claude48-Restricted,0.5451740242125683,AI,1
Claude48,Restricted,Claude48-Restricted,0.5544726342176953,AI,1
Claude48,Restricted,Claude48-Restricted,0.529051776480819,AI,1
Claude48,Restricted,Claude48-Restricted,0.4483791332268201,AI,1
Claude48,Restricted,Claude48-Restricted,0.4952580854341966,AI,1
Claude48,Restricted,Claude48-Restricted,0.5700452639061037,AI,1
Claude48,Restricted,Claude48-Restricted,0.5900932291403685,AI,1
Claude48,Restricted,Claude48-Restricted,0.6109396589680168,AI,1
Claude48,Restricted,Claude48-Restricted,0.5018667058825873,AI,1
Claude48,Restricted,Claude48-Restricted,0.5549386181796803,AI,1
Claude48,Restricted,Claude48-Restricted,0.587202917407765,AI,1
Claude48,Restricted,Claude48-Restricted,0.619242573838556,AI,1
Claude48,Restricted,Claude48-Restricted,0.5404165267197423,AI,1
Claude48,Restricted,Claude48-Restricted,0.5817069798097753,AI,1
Claude48,Restricted,Claude48-Restricted,0.5102203037129711,AI,1
Claude48,Restricted,Claude48-Restricted,0.5846095711856006,AI,1
Claude48,Restricted,Claude48-Restricted,0.5799894657857925,AI,1
Claude48,Restricted,Claude48-Restricted,0.6138104197313354,AI,1
Claude48,Restricted,Claude48-Restricted,0.6237270811256627,AI,1
Claude48,Restricted,Claude48-Restricted,0.5824008863062051,AI,1
Claude48,Restricted,Claude48-Restricted,0.4700240883899734,AI,1
Claude48,Restricted,Claude48-Restricted,0.5469171831315045,AI,1
Claude48,Restricted,Claude48-Restricted,0.5587886211628316,AI,1
Claude48,Restricted,Claude48-Restricted,0.613698561267368,AI,1
Claude48,Restricted,Claude48-Restricted,0.6118434847126937,AI,1
Claude48,Restricted,Claude48-Restricted,0.5657839404531444,AI,1
Claude48,Restricted,Claude48-Restricted,0.5063376034122311,AI,1
Claude48,Restricted,Claude48-Restricted,0.49618630268907954,AI,1
Claude48,Restricted,Claude48-Restricted,0.5550237009430057,AI,1
Claude48,Restricted,Claude48-Restricted,0.5675291247433282,AI,1
Claude48,Restricted,Claude48-Restricted,0.5625918003747985,AI,1
Claude48,Restricted,Claude48-Restricted,0.455881870796209,AI,1
Claude48,Restricted,Claude48-Restricted,0.4826693949361787,AI,1
Claude48,Restricted,Claude48-Restricted,0.5193604825183147,AI,1
Claude48,Restricted,Claude48-Restricted,0.44524946672389604,AI,1
Claude48,Restricted,Claude48-Restricted,0.5970258903286736,AI,1
Claude48,Restricted,Claude48-Restricted,0.5594422970352189,AI,1
Claude48,Restricted,Claude48-Restricted,0.48913228937057307,AI,1
Claude48,Restricted,Claude48-Restricted,0.6166100589782003,AI,1
Claude48,Restricted,Claude48-Restricted,0.6097952342313752,AI,1
Claude48,Restricted,Claude48-Restricted,0.5289886434681857,AI,1
Claude48,Restricted,Claude48-Restricted,0.5017114385503059,AI,1
Claude48,Restricted,Claude48-Restricted,0.48038467958647707,AI,1
Claude48,Restricted,Claude48-Restricted,0.5685481225959699,AI,1
Claude48,Restricted,Claude48-Restricted,0.5729556760156733,AI,1
Claude48,Restricted,Claude48-Restricted,0.5795556384071575,AI,1
Claude48,Restricted,Claude48-Restricted,0.4683660888860301,AI,1
Claude48,Restricted,Claude48-Restricted,0.581260570902597,AI,1
Claude48,Restricted,Claude48-Restricted,0.5509533742147738,AI,1
Claude48,Restricted,Claude48-Restricted,0.5513331685915103,AI,1
Claude48,Restricted,Claude48-Restricted,0.5171584331881027,AI,1
Claude48,Restricted,Claude48-Restricted,0.5344684305162705,AI,1
Claude48,Restricted,Claude48-Restricted,0.5457868093715149,AI,1
Claude48,Restricted,Claude48-Restricted,0.6141564167843427,AI,1
Claude48,Restricted,Claude48-Restricted,0.5279980779694625,AI,1
Claude48,Restricted,Claude48-Restricted,0.5894464458838748,AI,1
Claude48,Restricted,Claude48-Restricted,0.5422699847552551,AI,1
Claude48,Restricted,Claude48-Restricted,0.5248757801422681,AI,1
Claude48,Restricted,Claude48-Restricted,0.5395813224322328,AI,1
Claude48,Restricted,Claude48-Restricted,0.5251548629555878,AI,1
Claude48,Restricted,Claude48-Restricted,0.5094218689328674,AI,1
Claude48,Restricted,Claude48-Restricted,0.5429596445960168,AI,1
Claude48,Restricted,Claude48-Restricted,0.5493250005984032,AI,1
Claude48,Restricted,Claude48-Restricted,0.5750391999464718,AI,1
Claude48,Restricted,Claude48-Restricted,0.5023265890310862,AI,1
Claude48,Restricted,Claude48-Restricted,0.5432375899573532,AI,1
Claude48,Restricted,Claude48-Restricted,0.6023740272525598,AI,1
Claude48,Restricted,Claude48-Restricted,0.7359801971802802,AI,1
Claude48,Restricted,Claude48-Restricted,0.537015850687345,AI,1
Claude48,Restricted,Claude48-Restricted,0.5518157022315536,AI,1
Claude48,Restricted,Claude48-Restricted,0.5345342956419383,AI,1
Claude48,Restricted,Claude48-Restricted,0.4268167708795053,AI,1
Claude48,Restricted,Claude48-Restricted,0.4961448667388744,AI,1
Claude48,Restricted,Claude48-Restricted,0.5313094279306286,AI,1
Claude48,Restricted,Claude48-Restricted,0.4997369933978405,AI,1
Claude48,Restricted,Claude48-Restricted,0.5575524416861293,AI,1
Claude48,Restricted,Claude48-Restricted,0.4888254210535964,AI,1
Claude48,Restricted,Claude48-Restricted,0.5691764866255246,AI,1
Claude48,Restricted,Claude48-Restricted,0.5152055889736442,AI,1
Claude48,Restricted,Claude48-Restricted,0.6279707329780233,AI,1
Claude48,Restricted,Claude48-Restricted,0.40795088361775256,AI,1
Claude48,Restricted,Claude48-Restricted,0.6019314931623134,AI,1
Claude48,Restricted,Claude48-Restricted,0.527727995158574,AI,1
Claude48,Restricted,Claude48-Restricted,0.6196586392594676,AI,1
Claude48,Restricted,Claude48-Restricted,0.517069455795567,AI,1
Claude48,Restricted,Claude48-Restricted,0.5000767024588381,AI,1
Claude48,Restricted,Claude48-Restricted,0.4912435747384446,AI,1
Claude48,Restricted,Claude48-Restricted,0.5448251134069431,AI,1
Claude48,Restricted,Claude48-Restricted,0.5536349941459456,AI,1
Claude48,Restricted,Claude48-Restricted,0.530788677303933,AI,1
Claude48,Restricted,Claude48-Restricted,0.5347714599282019,AI,1
Claude48,Restricted,Claude48-Restricted,0.5185517131020947,AI,1
Claude48,Restricted,Claude48-Restricted,0.4788585042943041,AI,1
Claude48,Restricted,Claude48-Restricted,0.5135938739311303,AI,1
Claude48,Restricted,Claude48-Restricted,0.5401606498947884,AI,1
Claude48,Restricted,Claude48-Restricted,0.5510159097541453,AI,1
Claude48,Restricted,Claude48-Restricted,0.44246898319107714,AI,1
Claude48,Restricted,Claude48-Restricted,0.5570574526246302,AI,1
Claude48,Restricted,Claude48-Restricted,0.5649976058019647,AI,1
Claude48,Restricted,Claude48-Restricted,0.4722991084892537,AI,1
Claude48,Restricted,Claude48-Restricted,0.5588039193422552,AI,1
Claude48,Restricted,Claude48-Restricted,0.49437610423912787,AI,1
Claude48,Restricted,Claude48-Restricted,0.5404812411008264,AI,1
Claude48,Restricted,Claude48-Restricted,0.5053837618865228,AI,1
Claude48,Restricted,Claude48-Restricted,0.543792985984769,AI,1
Claude48,Restricted,Claude48-Restricted,0.5076374127756811,AI,1
Claude48,Restricted,Claude48-Restricted,0.4693883830711871,AI,1
Claude48,Restricted,Claude48-Restricted,0.49429565776480117,AI,1
Claude48,Restricted,Claude48-Restricted,0.49062675164577657,AI,1
Claude48,Restricted,Claude48-Restricted,0.48285944890499394,AI,1
Claude48,Restricted,Claude48-Restricted,0.49221045086965043,AI,1
Claude48,Restricted,Claude48-Restricted,0.5492596655842218,AI,1
Claude48,Restricted,Claude48-Restricted,0.6485851051203596,AI,1
Claude48,Restricted,Claude48-Restricted,0.5810592040351519,AI,1
Claude48,Restricted,Claude48-Restricted,0.5269149265238624,AI,1
Claude48,Restricted,Claude48-Restricted,0.5312597588339241,AI,1
Claude48,Restricted,Claude48-Restricted,0.5237441205263491,AI,1
Claude48,Restricted,Claude48-Restricted,0.5804847544360865,AI,1
Claude48,Restricted,Claude48-Restricted,0.45768140674978164,AI,1
Claude48,Restricted,Claude48-Restricted,0.47894614055240203,AI,1
Claude48,Restricted,Claude48-Restricted,0.5185111847110593,AI,1
Claude48,Restricted,Claude48-Restricted,0.46093016465329656,AI,1
Claude48,Restricted,Claude48-Restricted,0.48370653662569857,AI,1
Claude48,Restricted,Claude48-Restricted,0.5012827173417121,AI,1
Claude48,Restricted,Claude48-Restricted,0.5046902122411628,AI,1
Claude48,Restricted,Claude48-Restricted,0.5537923865380083,AI,1
GPT5,Free,GPT5-Free,0.05481480546031525,Human,0
GPT5,Free,GPT5-Free,0.0033516884604505057,Human,0
GPT5,Free,GPT5-Free,0.26006873059099334,Human,0
GPT5,Free,GPT5-Free,0.1387532842263328,Human,0
GPT5,Free,GPT5-Free,0.303779579832212,Human,0
GPT5,Free,GPT5-Free,0.04769445013803651,Human,0
GPT5,Free,GPT5-Free,0.0021237189782933614,Human,0
GPT5,Free,GPT5-Free,0.504494067520707,Human,0
GPT5,Free,GPT5-Free,0.7123678553441197,Human,0
GPT5,Free,GPT5-Free,0.11987429470075708,Human,0
GPT5,Free,GPT5-Free,0.14265194430406267,Human,0
GPT5,Free,GPT5-Free,0.5162034590146339,Human,0
GPT5,Free,GPT5-Free,0.6104340635218859,Human,0
GPT5,Free,GPT5-Free,0.2009450290394772,Human,0
GPT5,Free,GPT5-Free,0.2659149407831817,Human,0
GPT5,Free,GPT5-Free,0.8179948349810946,Human,0
GPT5,Free,GPT5-Free,0.0027200725900793543,Human,0
GPT5,Free,GPT5-Free,0.009921101771738286,Human,0
GPT5,Free,GPT5-Free,0.21892793263424504,Human,0
GPT5,Free,GPT5-Free,0.020263048327165915,Human,0
GPT5,Free,GPT5-Free,0.5018973204934591,Human,0
GPT5,Free,GPT5-Free,0.36458959528148444,Human,0
GPT5,Free,GPT5-Free,0.026702595581610422,Human,0
GPT5,Free,GPT5-Free,0.07852443818145198,Human,0
GPT5,Free,GPT5-Free,0.008425672205219377,Human,0
GPT5,Free,GPT5-Free,0.0334737083008714,Human,0
GPT5,Free,GPT5-Free,0.5100302519493606,Human,0
GPT5,Free,GPT5-Free,0.3796336401980708,Human,0
GPT5,Free,GPT5-Free,0.5687365797662275,Human,0
GPT5,Free,GPT5-Free,0.09092015935320295,Human,0
GPT5,Free,GPT5-Free,0.37180573360587665,Human,0
GPT5,Free,GPT5-Free,0.8135452475910797,Human,0
GPT5,Free,GPT5-Free,0.027375545821027872,Human,0
GPT5,Free,GPT5-Free,0.0389719650648097,Human,0
GPT5,Free,GPT5-Free,0.018825757093959845,Human,0
GPT5,Free,GPT5-Free,0.9641309461057791,Human,0
GPT5,Free,GPT5-Free,0.3616055474904449,Human,0
GPT5,Free,GPT5-Free,0.2091959891716346,Human,0
GPT5,Free,GPT5-Free,0.3509189824783016,Human,0
GPT5,Free,GPT5-Free,0.1471804204655084,Human,0
GPT5,Free,GPT5-Free,0.6588150934560406,Human,0
GPT5,Free,GPT5-Free,0.03101749662307234,Human,0
GPT5,Free,GPT5-Free,0.8014586342446697,Human,0
GPT5,Free,GPT5-Free,0.7641569619232481,Human,0
GPT5,Free,GPT5-Free,0.015796068052797933,Human,0
GPT5,Free,GPT5-Free,0.2550582875483119,Human,0
GPT5,Free,GPT5-Free,0.4644384342415967,Human,0
GPT5,Free,GPT5-Free,0.03061078999626581,Human,0
GPT5,Free,GPT5-Free,0.05870392188122546,Human,0
GPT5,Free,GPT5-Free,0.0015476379471868625,Human,0
GPT5,Free,GPT5-Free,0.20140089414025586,Human,0
GPT5,Free,GPT5-Free,0.009753769107147698,Human,0
GPT5,Free,GPT5-Free,0.6796736428930682,Human,0
GPT5,Free,GPT5-Free,0.04373259204407282,Human,0
GPT5,Free,GPT5-Free,0.11364726979281103,Human,0
GPT5,Free,GPT5-Free,0.22648517600816684,Human,0
GPT5,Free,GPT5-Free,0.010844240817709487,Human,0
GPT5,Free,GPT5-Free,0.6512067682104232,Human,0
GPT5,Free,GPT5-Free,0.4493460343508431,Human,0
GPT5,Free,GPT5-Free,0.5653795796280047,Human,0
GPT5,Free,GPT5-Free,0.10262402144313189,Human,0
GPT5,Free,GPT5-Free,0.3158445140152713,Human,0
GPT5,Free,GPT5-Free,0.727410708803694,Human,0
GPT5,Free,GPT5-Free,0.07481741912799891,Human,0
GPT5,Free,GPT5-Free,0.21315384950604369,Human,0
GPT5,Free,GPT5-Free,0.2059230198896649,Human,0
GPT5,Free,GPT5-Free,0.05640902021625434,Human,0
GPT5,Free,GPT5-Free,0.6695843382064081,Human,0
GPT5,Free,GPT5-Free,0.9953849080067911,Human,0
GPT5,Free,GPT5-Free,0.029257051789002612,Human,0
GPT5,Free,GPT5-Free,0.29779192995921366,Human,0
GPT5,Free,GPT5-Free,0.45489261977692513,Human,0
GPT5,Free,GPT5-Free,0.03394554711479176,Human,0
GPT5,Free,GPT5-Free,0.1608306773216638,Human,0
GPT5,Free,GPT5-Free,0.26827790156091097,Human,0
GPT5,Free,GPT5-Free,0.016768143050166526,Human,0
GPT5,Free,GPT5-Free,0.10011343997374567,Human,0
GPT5,Free,GPT5-Free,0.3845054305916753,Human,0
GPT5,Free,GPT5-Free,0.1042675916506346,Human,0
GPT5,Free,GPT5-Free,0.6735261968880556,Human,0
GPT5,Free,GPT5-Free,0.012999834451041458,Human,0
GPT5,Free,GPT5-Free,0.0267361132740407,Human,0
GPT5,Free,GPT5-Free,0.051732440893704136,Human,0
GPT5,Free,GPT5-Free,0.06517104503476666,Human,0
GPT5,Free,GPT5-Free,0.024914505956280954,Human,0
GPT5,Free,GPT5-Free,0.021795599073401555,Human,0
GPT5,Free,GPT5-Free,0.03904105339577091,Human,0
GPT5,Free,GPT5-Free,0.02699445955274132,Human,0
GPT5,Free,GPT5-Free,0.4924947397427293,Human,0
GPT5,Free,GPT5-Free,0.23840688501555324,Human,0
GPT5,Free,GPT5-Free,0.5407936277789474,Human,0
GPT5,Free,GPT5-Free,0.07132032108370555,Human,0
GPT5,Free,GPT5-Free,0.5131399542100685,Human,0
GPT5,Free,GPT5-Free,0.2213954809736178,Human,0
GPT5,Free,GPT5-Free,0.4776190640163181,Human,0
GPT5,Free,GPT5-Free,0.14693095429156822,Human,0
GPT5,Free,GPT5-Free,0.19653041189742887,Human,0
GPT5,Free,GPT5-Free,0.789902178012124,Human,0
GPT5,Free,GPT5-Free,0.015359682760513728,Human,0
GPT5,Free,GPT5-Free,0.18696650764415373,Human,0
GPT5,Free,GPT5-Free,0.9550436970222337,Human,0
GPT5,Free,GPT5-Free,0.4161350024596229,Human,0
GPT5,Free,GPT5-Free,0.12264931057126387,Human,0
GPT5,Free,GPT5-Free,0.025371747877314752,Human,0
GPT5,Free,GPT5-Free,0.13548112977442303,Human,0
GPT5,Free,GPT5-Free,0.9945410491348573,Human,0
GPT5,Free,GPT5-Free,0.6729088876845808,Human,0
GPT5,Free,GPT5-Free,0.02071765326683213,Human,0
GPT5,Free,GPT5-Free,0.7462154349192913,Human,0
GPT5,Free,GPT5-Free,0.1569606624571485,Human,0
GPT5,Free,GPT5-Free,0.5906821977550076,Human,0
GPT5,Free,GPT5-Free,0.062440452605113515,Human,0
GPT5,Free,GPT5-Free,0.8466675067323878,Human,0
GPT5,Free,GPT5-Free,0.014169770548265943,Human,0
GPT5,Free,GPT5-Free,0.007761072639055135,Human,0
GPT5,Free,GPT5-Free,0.012811937720207606,Human,0
GPT5,Free,GPT5-Free,0.08773981859613389,Human,0
GPT5,Free,GPT5-Free,0.0077605261099923575,Human,0
GPT5,Free,GPT5-Free,0.025601910871446455,Human,0
GPT5,Free,GPT5-Free,0.032024923700809976,Human,0
GPT5,Free,GPT5-Free,0.001005174744719264,Human,0
GPT5,Free,GPT5-Free,0.35387149385594296,Human,0
GPT5,Free,GPT5-Free,0.0012423318128042236,Human,0
GPT5,Free,GPT5-Free,0.05200048356698705,Human,0
GPT5,Free,GPT5-Free,0.40348600206405105,Human,0
GPT5,Free,GPT5-Free,0.037211352573687795,Human,0
GPT5,Free,GPT5-Free,0.0027559726228286825,Human,0
GPT5,Free,GPT5-Free,0.016629860205922036,Human,0
GPT5,Free,GPT5-Free,0.7355276237260006,Human,0
GPT5,Free,GPT5-Free,0.0005737965717744493,Human,0
GPT5,Free,GPT5-Free,0.35357281096832543,Human,0
GPT5,Free,GPT5-Free,0.043503315871712474,Human,0
GPT5,Free,GPT5-Free,0.600492576930519,Human,0
GPT5,Free,GPT5-Free,0.9778931412902637,Human,0
GPT5,Free,GPT5-Free,0.8089921568990173,Human,0
GPT5,Free,GPT5-Free,0.6077920303597543,Human,0
GPT5,Free,GPT5-Free,0.7824876939424389,Human,0
GPT5,Free,GPT5-Free,0.7912702731264816,Human,0
GPT5,Free,GPT5-Free,0.5109432463833693,Human,0
GPT5,Free,GPT5-Free,0.08212731452526122,Human,0
GPT5,Free,GPT5-Free,0.5752714784448617,Human,0
GPT5,Free,GPT5-Free,0.36030716769632826,Human,0
GPT5,Free,GPT5-Free,0.12758375834556857,Human,0
GPT5,Free,GPT5-Free,0.6204440091211921,Human,0
GPT5,Free,GPT5-Free,0.10961113926682468,Human,0
GPT5,Free,GPT5-Free,0.3064737310684068,Human,0
GPT5,Free,GPT5-Free,0.08343306535926587,Human,0
GPT5,Free,GPT5-Free,0.6295001833011277,Human,0
GPT5,Free,GPT5-Free,0.5340267570525976,Human,0
GPT5,Free,GPT5-Free,0.00043380801194939947,Human,0
GPT5,Free,GPT5-Free,4.3665491442938633e-05,Human,0
GPT5,Free,GPT5-Free,0.005944440709540947,Human,0
GPT5,Free,GPT5-Free,0.000569094833145122,Human,0
GPT5,Free,GPT5-Free,0.0006080502916153311,Human,0
GPT5,Free,GPT5-Free,0.036138444664809706,Human,0
GPT5,Free,GPT5-Free,0.000346948892243634,Human,0
GPT5,Free,GPT5-Free,0.09868174080576998,Human,0
GPT5,Free,GPT5-Free,0.00019022712980846439,Human,0
GPT5,Free,GPT5-Free,0.29618860724550544,Human,0
GPT5,Free,GPT5-Free,0.05178883846573508,Human,0
GPT5,Free,GPT5-Free,0.8690696911059973,Human,0
GPT5,Free,GPT5-Free,0.5334530763274024,Human,0
GPT5,Free,GPT5-Free,0.12474273814665257,Human,0
GPT5,Free,GPT5-Free,0.024506321725900757,Human,0
GPT5,Free,GPT5-Free,0.8649203531101959,Human,0
GPT5,Free,GPT5-Free,0.2298700492496501,Human,0
GPT5,Free,GPT5-Free,0.8066789425945559,Human,0
GPT5,Free,GPT5-Free,0.10448270272501457,Human,0
GPT5,Free,GPT5-Free,0.01086219271447439,Human,0
GPT5,Free,GPT5-Free,0.567122782671191,Human,0
GPT5,Free,GPT5-Free,0.09566476342143529,Human,0
GPT5,Free,GPT5-Free,0.018913166370069328,Human,0
GPT5,Free,GPT5-Free,0.0707744080342706,Human,0
GPT5,Free,GPT5-Free,0.7100246637857224,Human,0
GPT5,Free,GPT5-Free,0.0174324548445218,Human,0
GPT5,Free,GPT5-Free,0.035864087490041816,Human,0
GPT5,Free,GPT5-Free,0.0666351475710639,Human,0
GPT5,Free,GPT5-Free,0.08561546328731404,Human,0
GPT5,Free,GPT5-Free,0.9284939692980916,Human,0
GPT5,Free,GPT5-Free,0.1466951656882928,Human,0
GPT5,Free,GPT5-Free,0.43326274619551997,Human,0
GPT5,Free,GPT5-Free,0.10443893008761539,Human,0
GPT5,Free,GPT5-Free,0.20776697968357652,Human,0
GPT5,Free,GPT5-Free,0.24170064112130357,Human,0
GPT5,Free,GPT5-Free,0.012208537155412268,Human,0
GPT5,Free,GPT5-Free,0.06513952461646169,Human,0
GPT5,Free,GPT5-Free,0.07456684321801856,Human,0
GPT5,Free,GPT5-Free,0.6274945728452873,Human,0
GPT5,Free,GPT5-Free,0.08154166309680563,Human,0
GPT5,Free,GPT5-Free,0.5714556074354638,Human,0
GPT5,Free,GPT5-Free,0.03839024443772381,Human,0
GPT5,Free,GPT5-Free,0.9728887507022902,Human,0
GPT5,Free,GPT5-Free,0.03895899277264679,Human,0
GPT5,Free,GPT5-Free,0.3468717537109076,Human,0
GPT5,Free,GPT5-Free,0.151647490388272,Human,0
GPT5,Free,GPT5-Free,0.30756175542942266,Human,0
GPT5,Free,GPT5-Free,0.003655857129259422,Human,0
GPT5,Free,GPT5-Free,0.0004752139610044469,Human,0
GPT5,Free,GPT5-Free,0.07258169932006842,Human,0
GPT5,Free,GPT5-Free,0.017616523530813506,Human,0
GPT5,Free,GPT5-Free,0.00012137090262125898,Human,0
GPT5,Free,GPT5-Free,0.07096360305497527,Human,0
GPT5,Free,GPT5-Free,0.3303642153142038,Human,0
GPT5,Free,GPT5-Free,0.04013407687045739,Human,0
GPT5,Free,GPT5-Free,0.1343386991044337,Human,0
GPT5,Free,GPT5-Free,0.03669482456871886,Human,0
GPT5,Free,GPT5-Free,0.02812857584073602,Human,0
GPT5,Free,GPT5-Free,0.013562389799389925,Human,0
GPT5,Free,GPT5-Free,0.01675323576021901,Human,0
GPT5,Free,GPT5-Free,0.05342869196485282,Human,0
GPT5,Free,GPT5-Free,0.002492371579231165,Human,0
GPT5,Free,GPT5-Free,0.0006483629023347527,Human,0
GPT5,Free,GPT5-Free,0.0007995169624173128,Human,0
GPT5,Free,GPT5-Free,0.0004547315033012104,Human,0
GPT5,Free,GPT5-Free,0.0009657299536167773,Human,0
GPT5,Free,GPT5-Free,0.7718413791003685,Human,0
GPT5,Free,GPT5-Free,0.1113928696110987,Human,0
GPT5,Free,GPT5-Free,0.0039605703857709005,Human,0
GPT5,Free,GPT5-Free,0.012100775931372662,Human,0
GPT5,Free,GPT5-Free,0.0011820482197608233,Human,0
GPT5,Free,GPT5-Free,0.011611103793736225,Human,0
GPT5,Free,GPT5-Free,0.002681322084825319,Human,0
GPT5,Free,GPT5-Free,0.02251631604951426,Human,0
GPT5,Free,GPT5-Free,0.19635407782608982,Human,0
GPT5,Free,GPT5-Free,0.10813797962373088,Human,0
GPT5,Free,GPT5-Free,0.8376100395920442,Human,0
GPT5,Free,GPT5-Free,0.3617182511156142,Human,0
GPT5,Free,GPT5-Free,0.02831010873639266,Human,0
GPT5,Free,GPT5-Free,0.08185482500750875,Human,0
GPT5,Free,GPT5-Free,0.3867428384722106,Human,0
GPT5,Free,GPT5-Free,0.7406938587133017,Human,0
GPT5,Free,GPT5-Free,0.01485789308950656,Human,0
GPT5,Free,GPT5-Free,0.012160108755827976,Human,0
GPT5,Free,GPT5-Free,0.0008785986368088991,Human,0
GPT5,Free,GPT5-Free,5.4696695742972335e-05,Human,0
GPT5,Free,GPT5-Free,0.00019262956146789013,Human,0
GPT5,Free,GPT5-Free,0.043838932952080224,Human,0
GPT5,Free,GPT5-Free,0.0011328105263042163,Human,0
GPT5,Free,GPT5-Free,0.98846181439521,Human,0
GPT5,Free,GPT5-Free,0.6137008007692822,Human,0
GPT5,Free,GPT5-Free,0.0010806088959261684,Human,0
GPT5,Free,GPT5-Free,0.507762669029499,Human,0
GPT5,Free,GPT5-Free,0.8977833283562067,Human,0
GPT5,Free,GPT5-Free,0.3848369348572855,Human,0
GPT5,Free,GPT5-Free,0.0227604758383886,Human,0
GPT5,Free,GPT5-Free,0.003350539952062591,Human,0
GPT5,Free,GPT5-Free,0.0018031135209826674,Human,0
GPT5,Free,GPT5-Free,0.9173774347981761,Human,0
GPT5,Free,GPT5-Free,0.2470459470628214,Human,0
GPT5,Free,GPT5-Free,0.3729121916701575,Human,0
GPT5,Free,GPT5-Free,0.3873061071415914,Human,0
GPT5,Free,GPT5-Free,0.0023379087342183477,Human,0
GPT5,Free,GPT5-Free,0.8269696614613734,Human,0
GPT5,Free,GPT5-Free,0.18779576482986465,Human,0
GPT5,Free,GPT5-Free,0.11324897439887636,Human,0
GPT5,Free,GPT5-Free,0.594530198406965,Human,0
GPT5,Free,GPT5-Free,0.1662735644248881,Human,0
GPT5,Free,GPT5-Free,0.09085758224190224,Human,0
GPT5,Free,GPT5-Free,0.832444436049677,Human,0
GPT5,Free,GPT5-Free,0.0016494067043481865,Human,0
GPT5,Free,GPT5-Free,0.4176364469388293,Human,0
GPT5,Free,GPT5-Free,0.48823260935830676,Human,0
GPT5,Free,GPT5-Free,0.4806771882129107,Human,0
GPT5,Free,GPT5-Free,0.7750414594462283,Human,0
GPT5,Free,GPT5-Free,0.011357176504892305,Human,0
GPT5,Free,GPT5-Free,4.911332250316356e-05,Human,0
GPT5,Free,GPT5-Free,0.5708218604497385,Human,0
GPT5,Free,GPT5-Free,0.05068805871073059,Human,0
GPT5,Free,GPT5-Free,0.01571450869628174,Human,0
GPT5,Free,GPT5-Free,0.20702904859058582,Human,0
GPT5,Free,GPT5-Free,0.4987680136143367,Human,0
GPT5,Free,GPT5-Free,0.3159770903055433,Human,0
GPT5,Free,GPT5-Free,0.06769187171206094,Human,0
GPT5,Free,GPT5-Free,0.003783910152914844,Human,0
GPT5,Free,GPT5-Free,0.0011856890011658835,Human,0
GPT5,Free,GPT5-Free,0.0009963144786630366,Human,0
GPT5,Free,GPT5-Free,0.0004249715008051827,Human,0
GPT5,Free,GPT5-Free,0.05175269440247759,Human,0
GPT5,Free,GPT5-Free,0.00613209480508269,Human,0
GPT5,Free,GPT5-Free,0.012118426041355285,Human,0
GPT5,Free,GPT5-Free,0.023712853684544285,Human,0
GPT5,Free,GPT5-Free,3.9959606450946186e-07,Human,0
GPT5,Free,GPT5-Free,0.3044647509423924,Human,0
GPT5,Free,GPT5-Free,0.9753556510285974,Human,0
GPT5,Free,GPT5-Free,0.008983647592074893,Human,0
GPT5,Free,GPT5-Free,0.0011917702117597304,Human,0
GPT5,Free,GPT5-Free,0.46845518596444957,Human,0
GPT5,Free,GPT5-Free,0.27454306240206183,Human,0
GPT5,Free,GPT5-Free,0.0005408287119645236,Human,0
GPT5,Free,GPT5-Free,0.0062780005286300995,Human,0
GPT5,Free,GPT5-Free,0.11973089196693087,Human,0
GPT5,Free,GPT5-Free,0.1409777243644348,Human,0
GPT5,Free,GPT5-Free,0.014253934596422815,Human,0
GPT5,Free,GPT5-Free,0.045313259351474615,Human,0
GPT5,Free,GPT5-Free,0.0009522484066539509,Human,0
GPT5,Free,GPT5-Free,0.0006329342908864445,Human,0
GPT5,Free,GPT5-Free,0.8353345355055117,Human,0
GPT5,Free,GPT5-Free,0.00020350479979799733,Human,0
GPT5,Free,GPT5-Free,0.085589106877719,Human,0
GPT5,Free,GPT5-Free,5.2798638351131725e-05,Human,0
GPT5,Free,GPT5-Free,2.8310810163616503e-05,Human,0
GPT5,Free,GPT5-Free,0.2830579919134268,Human,0
GPT5,Free,GPT5-Free,0.7167730386796415,Human,0
GPT5,Free,GPT5-Free,0.19077912813849426,Human,0
GPT5,Free,GPT5-Free,0.0019300286241728172,Human,0
GPT5,Free,GPT5-Free,0.3885537849207428,Human,0
GPT5,Free,GPT5-Free,0.06067136751255409,Human,0
GPT5,Free,GPT5-Free,0.16413193356405986,Human,0
GPT5,Free,GPT5-Free,0.0004746220577217302,Human,0
GPT5,Free,GPT5-Free,0.004776387279811949,Human,0
GPT5,Free,GPT5-Free,0.06071212780353934,Human,0
GPT5,Free,GPT5-Free,0.7324925237762213,Human,0
GPT5,Free,GPT5-Free,0.10569944472043592,Human,0
GPT5,Free,GPT5-Free,0.48274112337788766,Human,0
GPT5,Free,GPT5-Free,0.03957471890252187,Human,0
GPT5,Free,GPT5-Free,0.004058532676619306,Human,0
GPT5,Free,GPT5-Free,0.045441229317645916,Human,0
GPT5,Free,GPT5-Free,0.06939396107141738,Human,0
GPT5,Free,GPT5-Free,0.012858557757040548,Human,0
GPT5,Free,GPT5-Free,0.5490824422138216,Human,0
GPT5,Free,GPT5-Free,0.26117992222388897,Human,0
GPT5,Free,GPT5-Free,0.0023942065293724836,Human,0
GPT5,Free,GPT5-Free,0.004402322350157124,Human,0
GPT5,Free,GPT5-Free,0.044547890836656244,Human,0
GPT5,Free,GPT5-Free,0.741239268693718,Human,0
GPT5,Free,GPT5-Free,0.1773032172641121,Human,0
GPT5,Free,GPT5-Free,0.16527819787782558,Human,0
GPT5,Free,GPT5-Free,0.18082508090801647,Human,0
GPT5,Free,GPT5-Free,0.06961120741185584,Human,0
GPT5,Free,GPT5-Free,0.4084212034631449,Human,0
GPT5,Free,GPT5-Free,0.0469147960820445,Human,0
GPT5,Free,GPT5-Free,0.02984522273954078,Human,0
GPT5,Free,GPT5-Free,0.6789807559486679,Human,0
GPT5,Free,GPT5-Free,0.04677728329328979,Human,0
GPT5,Free,GPT5-Free,0.0634580360396366,Human,0
GPT5,Free,GPT5-Free,0.8657120871638304,Human,0
GPT5,Free,GPT5-Free,0.12378586132108571,Human,0
GPT5,Free,GPT5-Free,0.42580499511722336,Human,0
GPT5,Free,GPT5-Free,0.007850149217248265,Human,0
GPT5,Free,GPT5-Free,0.4557314325391564,Human,0
GPT5,Free,GPT5-Free,0.2995394880227841,Human,0
GPT5,Free,GPT5-Free,0.6177323010867467,Human,0
GPT5,Free,GPT5-Free,0.11645642301646762,Human,0
GPT5,Free,GPT5-Free,0.17042468685208162,Human,0
GPT5,Free,GPT5-Free,0.00884207351481542,Human,0
GPT5,Free,GPT5-Free,0.24975110720163451,Human,0
GPT5,Free,GPT5-Free,0.2427725076607879,Human,0
GPT5,Free,GPT5-Free,0.025561810366985686,Human,0
GPT5,Free,GPT5-Free,0.024178719678699032,Human,0
GPT5,Free,GPT5-Free,0.0005409386658305253,Human,0
GPT5,Free,GPT5-Free,0.0152433550219657,Human,0
GPT5,Free,GPT5-Free,0.0021514560331266897,Human,0
GPT5,Free,GPT5-Free,0.09305831069059896,Human,0
GPT5,Free,GPT5-Free,0.01681283285609177,Human,0
GPT5,Free,GPT5-Free,0.0011819557356883852,Human,0
GPT5,Free,GPT5-Free,0.7163539785958469,Human,0
GPT5,Free,GPT5-Free,0.023218831456009316,Human,0
GPT5,Free,GPT5-Free,0.09058661927634205,Human,0
GPT5,Free,GPT5-Free,0.014219061793210636,Human,0
GPT5,Free,GPT5-Free,0.006479150462587494,Human,0
GPT5,Free,GPT5-Free,0.12449490416293243,Human,0
GPT5,Free,GPT5-Free,0.03724252488944869,Human,0
GPT5,Free,GPT5-Free,0.5428646065769768,Human,0
GPT5,Free,GPT5-Free,0.9166807477848734,Human,0
GPT5,Free,GPT5-Free,0.006226085747973113,Human,0
GPT5,Free,GPT5-Free,0.9355704646822094,Human,0
GPT5,Free,GPT5-Free,0.3986118870747171,Human,0
GPT5,Free,GPT5-Free,0.02234603527314862,Human,0
GPT5,Free,GPT5-Free,0.6205295777824377,Human,0
GPT5,Free,GPT5-Free,0.17194412080262655,Human,0
GPT5,Free,GPT5-Free,0.006071871993209585,Human,0
GPT5,Free,GPT5-Free,0.07383699023351298,Human,0
GPT5,Free,GPT5-Free,0.05084445993550908,Human,0
GPT5,Free,GPT5-Free,0.03684653388530369,Human,0
GPT5,Free,GPT5-Free,0.17618701600606218,Human,0
GPT5,Free,GPT5-Free,0.1462751230720038,Human,0
GPT5,Free,GPT5-Free,0.024000880860179683,Human,0
GPT5,Free,GPT5-Free,0.8464322809331141,Human,0
GPT5,Free,GPT5-Free,0.5294753148282595,Human,0
GPT5,Free,GPT5-Free,0.5655782738736406,Human,0
GPT5,Free,GPT5-Free,0.0862267464548425,Human,0
GPT5,Free,GPT5-Free,0.5022376411748103,Human,0
GPT5,Free,GPT5-Free,0.05806730062233716,Human,0
GPT5,Free,GPT5-Free,0.09158168153994774,Human,0
GPT5,Free,GPT5-Free,0.7080684626999543,Human,0
GPT5,Free,GPT5-Free,0.0014742785861264146,Human,0
GPT5,Free,GPT5-Free,0.1597099469430026,Human,0
GPT5,Free,GPT5-Free,0.023884539893840036,Human,0
GPT5,Free,GPT5-Free,0.14181221642406605,Human,0
GPT5,Free,GPT5-Free,0.10754183650370695,Human,0
GPT5,Free,GPT5-Free,0.20566882363954733,Human,0
GPT5,Free,GPT5-Free,0.947654601438134,Human,0
GPT5,Free,GPT5-Free,0.10144849206941217,Human,0
GPT5,Free,GPT5-Free,0.002022078516346855,Human,0
GPT5,Free,GPT5-Free,0.004443692490199725,Human,0
GPT5,Free,GPT5-Free,0.0074372815896963885,Human,0
GPT5,Free,GPT5-Free,0.0034440571128253146,Human,0
GPT5,Free,GPT5-Free,0.002830635064231865,Human,0
GPT5,Free,GPT5-Free,0.006991210174266253,Human,0
GPT5,Free,GPT5-Free,0.011119788296857709,Human,0
GPT5,Free,GPT5-Free,0.37141230798550867,Human,0
GPT5,Free,GPT5-Free,0.0015413814991905566,Human,0
GPT5,Free,GPT5-Free,0.3081209946150165,Human,0
GPT5,Free,GPT5-Free,0.7285575874021184,Human,0
GPT5,Free,GPT5-Free,0.5438157052518207,Human,0
GPT5,Free,GPT5-Free,0.5459946970556068,Human,0
GPT5,Free,GPT5-Free,0.17338769007191196,Human,0
GPT5,Free,GPT5-Free,0.5275134112979988,Human,0
GPT5,Free,GPT5-Free,0.0003990301326127019,Human,0
GPT5,Free,GPT5-Free,0.0857190367989529,Human,0
GPT5,Free,GPT5-Free,0.13285255436841154,Human,0
GPT5,Free,GPT5-Free,0.01918751386053323,Human,0
GPT5,Free,GPT5-Free,0.06726410121184082,Human,0
GPT5,Free,GPT5-Free,0.008977385974993802,Human,0
GPT5,Free,GPT5-Free,0.09786757409107225,Human,0
GPT5,Free,GPT5-Free,0.0029224988193539627,Human,0
GPT5,Free,GPT5-Free,0.0007441665842127403,Human,0
GPT5,Free,GPT5-Free,0.0007226544130606588,Human,0
GPT5,Free,GPT5-Free,0.1846893034403504,Human,0
GPT5,Free,GPT5-Free,0.04325397720933702,Human,0
GPT5,Free,GPT5-Free,0.0018258315628347339,Human,0
GPT5,Free,GPT5-Free,1.7159451476188272e-05,Human,0
GPT5,Free,GPT5-Free,0.002689372103309127,Human,0
GPT5,Free,GPT5-Free,0.0130438063778264,Human,0
GPT5,Free,GPT5-Free,0.005680262645713481,Human,0
GPT5,Free,GPT5-Free,0.20905204334214328,Human,0
GPT5,Free,GPT5-Free,0.01109937279068818,Human,0
GPT5,Free,GPT5-Free,0.0020112270513035404,Human,0
GPT5,Free,GPT5-Free,0.0026958565961369045,Human,0
GPT5,Free,GPT5-Free,0.001556732910063018,Human,0
GPT5,Free,GPT5-Free,0.8640107931910819,Human,0
GPT5,Free,GPT5-Free,0.02760069628881731,Human,0
GPT5,Free,GPT5-Free,0.015787612783010645,Human,0
GPT5,Free,GPT5-Free,0.019930938504205232,Human,0
GPT5,Free,GPT5-Free,0.014428029674324553,Human,0
GPT5,Free,GPT5-Free,0.000270780294037697,Human,0
GPT5,Free,GPT5-Free,0.007471189564500109,Human,0
GPT5,Free,GPT5-Free,0.009879101379497721,Human,0
GPT5,Free,GPT5-Free,0.24350606569216718,Human,0
GPT5,Free,GPT5-Free,0.05458570786368613,Human,0
GPT5,Free,GPT5-Free,0.6818601220766656,Human,0
GPT5,Free,GPT5-Free,0.007066208628917593,Human,0
GPT5,Free,GPT5-Free,0.9360576333301103,Human,0
GPT5,Free,GPT5-Free,0.05430460086240668,Human,0
GPT5,Free,GPT5-Free,0.28598890508496,Human,0
GPT5,Free,GPT5-Free,0.013349494288508661,Human,0
GPT5,Free,GPT5-Free,0.08371014043498479,Human,0
GPT5,Free,GPT5-Free,0.04994296098462624,Human,0
GPT5,Free,GPT5-Free,0.036376189413113075,Human,0
GPT5,Free,GPT5-Free,0.06007066401366661,Human,0
GPT5,Free,GPT5-Free,0.35542845199350026,Human,0
GPT5,Free,GPT5-Free,0.0007974872793582239,Human,0
GPT5,Free,GPT5-Free,0.14015868283063732,Human,0
GPT5,Free,GPT5-Free,0.022313148767608648,Human,0
GPT5,Free,GPT5-Free,0.02217258955690225,Human,0
GPT5,Free,GPT5-Free,0.024372668350605142,Human,0
GPT5,Free,GPT5-Free,0.00018435819564652464,Human,0
GPT5,Free,GPT5-Free,0.9126765965283012,Human,0
GPT5,Free,GPT5-Free,0.01436771596741094,Human,0
GPT5,Free,GPT5-Free,0.6210130410871362,Human,0
GPT5,Free,GPT5-Free,0.6863535577467974,Human,0
GPT5,Free,GPT5-Free,0.03739132093666942,Human,0
GPT5,Free,GPT5-Free,0.03111365302835608,Human,0
GPT5,Free,GPT5-Free,0.0007809058739070812,Human,0
GPT5,Free,GPT5-Free,0.0021443798913609166,Human,0
GPT5,Free,GPT5-Free,0.019122509639290047,Human,0
GPT5,Free,GPT5-Free,0.24682253369475973,Human,0
GPT5,Free,GPT5-Free,0.010082716763628841,Human,0
GPT5,Free,GPT5-Free,0.0040053379954209595,Human,0
GPT5,Free,GPT5-Free,0.05480522279599886,Human,0
GPT5,Free,GPT5-Free,0.01577618967727792,Human,0
GPT5,Free,GPT5-Free,0.005006039813030952,Human,0
GPT5,Free,GPT5-Free,0.7859012331035401,Human,0
GPT5,Free,GPT5-Free,0.18334463951576574,Human,0
GPT5,Free,GPT5-Free,0.22474820077828286,Human,0
GPT5,Free,GPT5-Free,0.0040929062459556615,Human,0
GPT5,Free,GPT5-Free,0.2411786659428809,Human,0
GPT5,Free,GPT5-Free,0.0011648444624784684,Human,0
GPT5,Free,GPT5-Free,0.006484085254441556,Human,0
GPT5,Free,GPT5-Free,0.014367989315719575,Human,0
GPT5,Free,GPT5-Free,0.8353746691426619,Human,0
GPT5,Free,GPT5-Free,0.054969491844700825,Human,0
GPT5,Free,GPT5-Free,0.01926684086412212,Human,0
GPT5,Free,GPT5-Free,0.05791098225777971,Human,0
GPT5,Free,GPT5-Free,0.04024722118910353,Human,0
GPT5,Free,GPT5-Free,0.4108674537367278,Human,0
GPT5,Free,GPT5-Free,0.0005718129637842809,Human,0
GPT5,Free,GPT5-Free,4.491729261191942e-05,Human,0
GPT5,Free,GPT5-Free,0.04519860339182139,Human,0
GPT5,Free,GPT5-Free,0.7289825790521905,Human,0
GPT5,Free,GPT5-Free,0.011262085570205818,Human,0
GPT5,Free,GPT5-Free,8.507134544733186e-05,Human,0
GPT5,Free,GPT5-Free,0.07496324257389304,Human,0
GPT5,Free,GPT5-Free,0.0522753315062673,Human,0
GPT5,Free,GPT5-Free,0.14830918555727396,Human,0
GPT5,Free,GPT5-Free,0.4006164488459888,Human,0
GPT5,Free,GPT5-Free,0.009994654858753957,Human,0
GPT5,Free,GPT5-Free,0.21789729200428518,Human,0
GPT5,Free,GPT5-Free,0.9993385844108628,Human,0
GPT5,Free,GPT5-Free,0.0009701780953152991,Human,0
GPT5,Free,GPT5-Free,0.2991537859186777,Human,0
GPT5,Free,GPT5-Free,0.9872716441734478,Human,0
GPT5,Free,GPT5-Free,0.05159940757573325,Human,0
GPT5,Free,GPT5-Free,0.050384057609580576,Human,0
GPT5,Free,GPT5-Free,0.2369087185234989,Human,0
GPT5,Free,GPT5-Free,0.010371039041173289,Human,0
GPT5,Free,GPT5-Free,0.39547448816810854,Human,0
GPT5,Free,GPT5-Free,0.028557465903201035,Human,0
GPT5,Free,GPT5-Free,0.39800139096067166,Human,0
GPT5,Free,GPT5-Free,0.20800493743024068,Human,0
GPT5,Free,GPT5-Free,0.02961796457622191,Human,0
GPT5,Free,GPT5-Free,0.020114345475999527,Human,0
GPT5,Free,GPT5-Free,0.01641305284893729,Human,0
GPT5,Free,GPT5-Free,0.00013179214036829426,Human,0
GPT5,Free,GPT5-Free,0.0040513870934329255,Human,0
GPT5,Free,GPT5-Free,0.05441421031311982,Human,0
GPT5,Free,GPT5-Free,0.0023453080280488622,Human,0
GPT5,Free,GPT5-Free,0.22334845394745284,Human,0
GPT5,Free,GPT5-Free,0.19938157267861203,Human,0
GPT5,Free,GPT5-Free,0.00368793144609905,Human,0
GPT5,Free,GPT5-Free,0.0014076720300710969,Human,0
GPT5,Free,GPT5-Free,0.0018410825483342256,Human,0
GPT5,Free,GPT5-Free,0.004250024609324387,Human,0
GPT5,Free,GPT5-Free,0.09139213625904644,Human,0
GPT5,Free,GPT5-Free,0.0007103451253499336,Human,0
GPT5,Free,GPT5-Free,0.0029361691549348074,Human,0
GPT5,Free,GPT5-Free,0.005284676305534168,Human,0
GPT5,Free,GPT5-Free,0.6393584102724358,Human,0
GPT5,Free,GPT5-Free,0.0026414499246338596,Human,0
GPT5,Free,GPT5-Free,0.0038905416317047527,Human,0
GPT5,Free,GPT5-Free,0.250850206015013,Human,0
GPT5,Free,GPT5-Free,0.01019469752727811,Human,0
GPT5,Free,GPT5-Free,0.352894802756689,Human,0
GPT5,Free,GPT5-Free,0.07851210604202172,Human,0
GPT5,Free,GPT5-Free,0.0003416977398148831,Human,0
GPT5,Free,GPT5-Free,0.016531981616306472,Human,0
GPT5,Free,GPT5-Free,0.0158994698701634,Human,0
GPT5,Free,GPT5-Free,0.0005600127981288077,Human,0
GPT5,Free,GPT5-Free,0.002169089821802954,Human,0
GPT5,Free,GPT5-Free,0.03275835260215203,Human,0
GPT5,Free,GPT5-Free,0.0013292983947512356,Human,0
GPT5,Free,GPT5-Free,0.22091037984979822,Human,0
GPT5,Free,GPT5-Free,0.48478946046485333,Human,0
GPT5,Free,GPT5-Free,0.029356584650192856,Human,0
GPT5,Free,GPT5-Free,0.0038596404647828885,Human,0
GPT5,Free,GPT5-Free,0.0010243314465484636,Human,0
GPT5,Free,GPT5-Free,0.9526975322751854,Human,0
GPT5,Free,GPT5-Free,0.46721074621542097,Human,0
GPT5,Free,GPT5-Free,0.008605869002857553,Human,0
GPT5,Free,GPT5-Free,0.027552735755011146,Human,0
GPT5,Free,GPT5-Free,0.06376133576938975,Human,0
GPT5,Free,GPT5-Free,0.08423602885074438,Human,0
GPT5,Free,GPT5-Free,0.17028550524214894,Human,0
GPT5,Free,GPT5-Free,0.09904012383356564,Human,0
GPT5,Free,GPT5-Free,0.9109439533573972,Human,0
GPT5,Free,GPT5-Free,0.018322429234192028,Human,0
GPT5,Free,GPT5-Free,0.036208274387330826,Human,0
GPT5,Free,GPT5-Free,0.007771500088632419,Human,0
GPT5,Free,GPT5-Free,0.01725614215608458,Human,0
GPT5,Free,GPT5-Free,0.0005203288491646401,Human,0
GPT5,Free,GPT5-Free,0.0010034647362883217,Human,0
GPT5,Free,GPT5-Free,0.9366443429345992,Human,0
GPT5,Free,GPT5-Free,0.1243651526214724,Human,0
GPT5,Free,GPT5-Free,0.04338419787170212,Human,0
GPT5,Free,GPT5-Free,0.6636080715491451,Human,0
GPT5,Free,GPT5-Free,0.008397353286363122,Human,0
GPT5,Free,GPT5-Free,0.05556594708622936,Human,0
GPT5,Free,GPT5-Free,0.0546590773186646,Human,0
GPT5,Free,GPT5-Free,0.002830242246894076,Human,0
GPT5,Free,GPT5-Free,0.06184461793601448,Human,0
GPT5,Free,GPT5-Free,0.6895921420674738,Human,0
GPT5,Free,GPT5-Free,0.006429406766726527,Human,0
GPT5,Free,GPT5-Free,0.14575743640551184,Human,0
GPT5,Free,GPT5-Free,0.0011824970606072072,Human,0
GPT5,Free,GPT5-Free,0.00885366736507541,Human,0
GPT5,Free,GPT5-Free,0.2781648724481301,Human,0
GPT5,Free,GPT5-Free,0.016526598450585045,Human,0
GPT5,Free,GPT5-Free,0.00011905397881173621,Human,0
GPT5,Free,GPT5-Free,2.5710914212577982e-06,Human,0
GPT5,Free,GPT5-Free,0.18520061449058764,Human,0
GPT5,Free,GPT5-Free,0.0153225395089486,Human,0
GPT5,Free,GPT5-Free,0.16519188515185987,Human,0
GPT5,Free,GPT5-Free,1.0668441050120093e-05,Human,0
GPT5,Free,GPT5-Free,0.0011039148675997404,Human,0
GPT5,Free,GPT5-Free,0.06508694059425733,Human,0
GPT5,Free,GPT5-Free,0.068634006862534,Human,0
GPT5,Free,GPT5-Free,0.005188926508799715,Human,0
GPT5,Free,GPT5-Free,0.0029795651025807564,Human,0
GPT5,Free,GPT5-Free,0.0038816876296238196,Human,0
GPT5,Free,GPT5-Free,0.5831702222742092,Human,0
GPT5,Free,GPT5-Free,0.0017698069443928433,Human,0
GPT5,Free,GPT5-Free,0.05890989920940975,Human,0
GPT5,Free,GPT5-Free,0.0015199738747687043,Human,0
GPT5,Free,GPT5-Free,9.65404622975252e-05,Human,0
GPT5,Free,GPT5-Free,0.24569172606485123,Human,0
GPT5,Free,GPT5-Free,0.004829542205302318,Human,0
GPT5,Free,GPT5-Free,0.003892039024062743,Human,0
GPT5,Free,GPT5-Free,0.021236162709764136,Human,0
GPT5,Free,GPT5-Free,0.06537275906969132,Human,0
GPT5,Free,GPT5-Free,0.013155053061747107,Human,0
GPT5,Free,GPT5-Free,0.0010489656731382112,Human,0
GPT5,Free,GPT5-Free,0.13020851236954656,Human,0
GPT5,Free,GPT5-Free,0.0013749683029641254,Human,0
GPT5,Free,GPT5-Free,0.5882117127445016,Human,0
GPT5,Free,GPT5-Free,0.6020303055742247,Human,0
GPT5,Free,GPT5-Free,0.001721428869939838,Human,0
GPT5,Free,GPT5-Free,0.3680832523839136,Human,0
GPT5,Free,GPT5-Free,0.13833952280477727,Human,0
GPT5,Free,GPT5-Free,0.0030838257002578826,Human,0
GPT5,Free,GPT5-Free,0.007280274391625348,Human,0
GPT5,Free,GPT5-Free,0.003054186836746215,Human,0
GPT5,Free,GPT5-Free,0.0003574139806957143,Human,0
GPT5,Free,GPT5-Free,0.0001402296943263812,Human,0
GPT5,Free,GPT5-Free,0.5385329791453424,Human,0
GPT5,Free,GPT5-Free,0.9684548382172403,Human,0
GPT5,Free,GPT5-Free,0.0003680413707224923,Human,0
GPT5,Free,GPT5-Free,9.52488380886268e-05,Human,0
GPT5,Free,GPT5-Free,0.00508337144343288,Human,0
GPT5,Free,GPT5-Free,0.014760832301519143,Human,0
GPT5,Free,GPT5-Free,0.0017151965606147328,Human,0
GPT5,Free,GPT5-Free,0.003778602459690071,Human,0
GPT5,Free,GPT5-Free,0.004659087587804408,Human,0
GPT5,Free,GPT5-Free,0.027351613365862528,Human,0
GPT5,Free,GPT5-Free,0.0006569720827748117,Human,0
GPT5,Free,GPT5-Free,3.111383151138421e-05,Human,0
GPT5,Free,GPT5-Free,0.03895017152534509,Human,0
GPT5,Free,GPT5-Free,0.022458929398019738,Human,0
GPT5,Free,GPT5-Free,0.008135327765714798,Human,0
GPT5,Free,GPT5-Free,0.0011264574831909208,Human,0
GPT5,Free,GPT5-Free,2.9659683929557972e-06,Human,0
GPT5,Free,GPT5-Free,0.00024158606828264767,Human,0
GPT5,Free,GPT5-Free,0.000658748088639913,Human,0
GPT5,Free,GPT5-Free,0.009885423930757377,Human,0
GPT5,Free,GPT5-Free,0.0007997388267635199,Human,0
GPT5,Free,GPT5-Free,4.6811086667398115e-05,Human,0
GPT5,Free,GPT5-Free,2.46054169097771e-06,Human,0
GPT5,Free,GPT5-Free,9.655320357737643e-06,Human,0
GPT5,Free,GPT5-Free,0.18378641502744628,Human,0
GPT5,Free,GPT5-Free,0.005417274213419443,Human,0
GPT5,Free,GPT5-Free,2.0625249257744893e-05,Human,0
GPT5,Free,GPT5-Free,0.0010793948940284773,Human,0
GPT5,Free,GPT5-Free,0.0028887071411623074,Human,0
GPT5,Free,GPT5-Free,0.0003746695598172709,Human,0
GPT5,Free,GPT5-Free,0.018939675976222734,Human,0
GPT5,Free,GPT5-Free,0.00010985400105917808,Human,0
GPT5,Free,GPT5-Free,0.14153827035870425,Human,0
GPT5,Free,GPT5-Free,0.0008340417793196449,Human,0
GPT5,Free,GPT5-Free,2.536618525444682e-05,Human,0
GPT5,Free,GPT5-Free,0.009372811854434381,Human,0
GPT5,Free,GPT5-Free,0.026910756347733395,Human,0
GPT5,Free,GPT5-Free,0.02450504877297362,Human,0
GPT5,Free,GPT5-Free,0.04567920265674665,Human,0
GPT5,Free,GPT5-Free,0.01281726484424102,Human,0
GPT5,Free,GPT5-Free,0.0014745679914142209,Human,0
GPT5,Free,GPT5-Free,0.30587231541389226,Human,0
GPT5,Free,GPT5-Free,6.11725439481385e-05,Human,0
GPT5,Free,GPT5-Free,0.9436875502757172,Human,0
GPT5,Free,GPT5-Free,0.0007590994127346657,Human,0
GPT5,Free,GPT5-Free,0.09428269952385876,Human,0
GPT5,Free,GPT5-Free,0.005456048390123328,Human,0
GPT5,Free,GPT5-Free,0.14851457423454195,Human,0
GPT5,Free,GPT5-Free,0.01823944081853478,Human,0
GPT5,Free,GPT5-Free,0.015453781806666718,Human,0
GPT5,Free,GPT5-Free,0.09151831677316495,Human,0
GPT5,Free,GPT5-Free,0.007014197998529845,Human,0
GPT5,Free,GPT5-Free,0.008730525070032713,Human,0
GPT5,Free,GPT5-Free,0.10465135634702981,Human,0
GPT5,Free,GPT5-Free,0.020882392752600846,Human,0
GPT5,Free,GPT5-Free,0.002592370463403314,Human,0
GPT5,Free,GPT5-Free,0.004862945266721154,Human,0
GPT5,Free,GPT5-Free,0.20481135198725942,Human,0
GPT5,Free,GPT5-Free,0.2620028325128154,Human,0
GPT5,Free,GPT5-Free,0.003791048022869537,Human,0
GPT5,Free,GPT5-Free,0.07078865599384276,Human,0
GPT5,Free,GPT5-Free,0.001155692493006006,Human,0
GPT5,Free,GPT5-Free,0.09132200180906178,Human,0
GPT5,Free,GPT5-Free,0.0018490018066331137,Human,0
GPT5,Free,GPT5-Free,6.681316628153534e-06,Human,0
GPT5,Free,GPT5-Free,0.0010446400906541752,Human,0
GPT5,Free,GPT5-Free,0.0005370451688928759,Human,0
GPT5,Free,GPT5-Free,0.036035125937925884,Human,0
GPT5,Free,GPT5-Free,0.0001514001238413973,Human,0
GPT5,Free,GPT5-Free,1.1241236628166945e-05,Human,0
GPT5,Free,GPT5-Free,0.0029195155321733836,Human,0
GPT5,Free,GPT5-Free,0.00022576546389162157,Human,0
GPT5,Free,GPT5-Free,0.009143172632347915,Human,0
GPT5,Free,GPT5-Free,0.0031854968881187655,Human,0
GPT5,Free,GPT5-Free,0.3657769559405717,Human,0
GPT5,Free,GPT5-Free,5.175027186335907e-05,Human,0
GPT5,Free,GPT5-Free,3.23901942992337e-07,Human,0
GPT5,Free,GPT5-Free,3.8650093984057585e-07,Human,0
GPT5,Free,GPT5-Free,2.5119118154359733e-07,Human,0
GPT5,Free,GPT5-Free,5.053179644860934e-07,Human,0
GPT5,Free,GPT5-Free,1.2433083080405624e-05,Human,0
GPT5,Free,GPT5-Free,5.314629913018959e-10,Human,0
GPT5,Free,GPT5-Free,7.5265362571273315e-06,Human,0
GPT5,Free,GPT5-Free,2.6444337881483276e-05,Human,0
GPT5,Free,GPT5-Free,2.119217372508656e-05,Human,0
GPT5,Free,GPT5-Free,2.5870878947468967e-07,Human,0
GPT5,Free,GPT5-Free,3.600413572952877e-05,Human,0
GPT5,Free,GPT5-Free,0.03276451560664293,Human,0
GPT5,Free,GPT5-Free,0.016345555645608252,Human,0
GPT5,Free,GPT5-Free,0.0011836419467639097,Human,0
GPT5,Free,GPT5-Free,0.004430238637056035,Human,0
GPT5,Free,GPT5-Free,0.004675092895588319,Human,0
GPT5,Free,GPT5-Free,1.2420709080191278e-05,Human,0
GPT5,Free,GPT5-Free,0.0015774397830143458,Human,0
GPT5,Free,GPT5-Free,0.00017597157282311088,Human,0
GPT5,Free,GPT5-Free,0.07795061608193525,Human,0
GPT5,Free,GPT5-Free,0.0030811403632224916,Human,0
GPT5,Free,GPT5-Free,0.596322569280629,Human,0
GPT5,Free,GPT5-Free,0.006919338208569083,Human,0
GPT5,Free,GPT5-Free,0.00039420905222046674,Human,0
GPT5,Free,GPT5-Free,0.007325168240716647,Human,0
GPT5,Free,GPT5-Free,4.0626926274084724e-05,Human,0
GPT5,Free,GPT5-Free,8.246249786020049e-05,Human,0
GPT5,Free,GPT5-Free,0.059444187648279787,Human,0
GPT5,Free,GPT5-Free,0.02054453239846114,Human,0
GPT5,Free,GPT5-Free,0.0008785841856924538,Human,0
GPT5,Free,GPT5-Free,0.0034361922996262307,Human,0
GPT5,Free,GPT5-Free,0.0014254721665163579,Human,0
GPT5,Free,GPT5-Free,0.2533369881867981,Human,0
GPT5,Free,GPT5-Free,0.03297579807184063,Human,0
GPT5,Free,GPT5-Free,0.0029868847419260874,Human,0
GPT5,Free,GPT5-Free,0.002771332985137247,Human,0
GPT5,Free,GPT5-Free,0.05320077062579592,Human,0
GPT5,Free,GPT5-Free,0.2217918261645425,Human,0
GPT5,Free,GPT5-Free,0.09427915685118556,Human,0
GPT5,Free,GPT5-Free,0.012181717820830164,Human,0
GPT5,Free,GPT5-Free,0.0021350199949599423,Human,0
GPT5,Free,GPT5-Free,0.02987971998487224,Human,0
GPT5,Free,GPT5-Free,0.07190675699654242,Human,0
GPT5,Free,GPT5-Free,0.1486901787322115,Human,0
GPT5,Free,GPT5-Free,0.0011822179222558567,Human,0
GPT5,Free,GPT5-Free,0.004699179423528983,Human,0
GPT5,Free,GPT5-Free,0.12874747690351693,Human,0
GPT5,Free,GPT5-Free,0.008503278850821633,Human,0
GPT5,Free,GPT5-Free,0.003223277043429819,Human,0
GPT5,Free,GPT5-Free,9.716689850504249e-05,Human,0
GPT5,Free,GPT5-Free,0.02883533944322073,Human,0
GPT5,Free,GPT5-Free,2.5944710334647423e-05,Human,0
GPT5,Free,GPT5-Free,3.1295593031365576e-05,Human,0
GPT5,Free,GPT5-Free,4.119022597318043e-06,Human,0
GPT5,Free,GPT5-Free,2.905273807050651e-06,Human,0
GPT5,Free,GPT5-Free,0.0018298478107731991,Human,0
GPT5,Free,GPT5-Free,0.0006757505793990763,Human,0
GPT5,Free,GPT5-Free,0.002249509000465653,Human,0
GPT5,Free,GPT5-Free,8.452738819648653e-07,Human,0
GPT5,Free,GPT5-Free,0.00012398581568368546,Human,0
GPT5,Free,GPT5-Free,0.33800575601652855,Human,0
GPT5,Free,GPT5-Free,5.1858290925965004e-05,Human,0
GPT5,Free,GPT5-Free,0.41331300967041745,Human,0
GPT5,Free,GPT5-Free,0.0006571944799890486,Human,0
GPT5,Free,GPT5-Free,0.0003700799543244417,Human,0
GPT5,Free,GPT5-Free,6.246046485243296e-07,Human,0
GPT5,Free,GPT5-Free,9.288842003879207e-06,Human,0
GPT5,Free,GPT5-Free,5.502072601993935e-06,Human,0
GPT5,Free,GPT5-Free,0.00216342618375174,Human,0
GPT5,Free,GPT5-Free,3.683338557298216e-06,Human,0
GPT5,Free,GPT5-Free,0.007076195112996588,Human,0
GPT5,Free,GPT5-Free,0.016670626086789788,Human,0
GPT5,Free,GPT5-Free,0.23813752642889446,Human,0
GPT5,Free,GPT5-Free,0.01946381177479868,Human,0
GPT5,Free,GPT5-Free,0.015091300968249713,Human,0
GPT5,Free,GPT5-Free,0.02201182211930673,Human,0
GPT5,Free,GPT5-Free,0.002027102628990559,Human,0
GPT5,Free,GPT5-Free,0.029136209750628365,Human,0
GPT5,Free,GPT5-Free,0.01278178317493063,Human,0
GPT5,Free,GPT5-Free,0.2664143241815485,Human,0
GPT5,Free,GPT5-Free,0.0009961580751366812,Human,0
GPT5,Free,GPT5-Free,0.0030005126759427786,Human,0
GPT5,Free,GPT5-Free,0.1804776888300503,Human,0
GPT5,Free,GPT5-Free,0.2858907792498929,Human,0
GPT5,Free,GPT5-Free,0.21190206567743475,Human,0
GPT5,Free,GPT5-Free,0.02512191912141951,Human,0
GPT5,Free,GPT5-Free,0.0018373573625025815,Human,0
GPT5,Free,GPT5-Free,0.03237413480258171,Human,0
GPT5,Free,GPT5-Free,0.007972163229867801,Human,0
GPT5,Free,GPT5-Free,0.8947332593466374,Human,0
GPT5,Free,GPT5-Free,0.003382653180915158,Human,0
GPT5,Free,GPT5-Free,0.0033248922189835894,Human,0
GPT5,Free,GPT5-Free,0.6016161971967688,Human,0
GPT5,Free,GPT5-Free,0.0001814193910752135,Human,0
GPT5,Free,GPT5-Free,0.0009596075649225317,Human,0
GPT5,Free,GPT5-Free,0.0013482539360832537,Human,0
GPT5,Free,GPT5-Free,0.010677138699288798,Human,0
GPT5,Free,GPT5-Free,0.011674953530815813,Human,0
GPT5,Free,GPT5-Free,0.00037901249528485487,Human,0
GPT5,Free,GPT5-Free,0.25789397548635895,Human,0
GPT5,Free,GPT5-Free,0.09650181366972087,Human,0
GPT5,Free,GPT5-Free,0.038051214303832834,Human,0
GPT5,Free,GPT5-Free,4.541643574261036e-07,Human,0
GPT5,Free,GPT5-Free,0.0006646555207411007,Human,0
GPT5,Free,GPT5-Free,0.004912445069886282,Human,0
GPT5,Free,GPT5-Free,0.004294345560933874,Human,0
GPT5,Free,GPT5-Free,0.02537592304056527,Human,0
GPT5,Free,GPT5-Free,0.05182733588639257,Human,0
GPT5,Free,GPT5-Free,0.33086124115414683,Human,0
GPT5,Free,GPT5-Free,0.010175632556390684,Human,0
GPT5,Free,GPT5-Free,2.0393597420672438e-05,Human,0
GPT5,Free,GPT5-Free,0.0007074965494389017,Human,0
GPT5,Free,GPT5-Free,0.0005031975471444132,Human,0
GPT5,Free,GPT5-Free,0.07322755770594015,Human,0
GPT5,Free,GPT5-Free,0.0029953662223618947,Human,0
GPT5,Free,GPT5-Free,0.0018491628055517205,Human,0
GPT5,Free,GPT5-Free,0.029110783629951117,Human,0
GPT5,Free,GPT5-Free,0.013369358392075356,Human,0
GPT5,Free,GPT5-Free,0.10366408762026913,Human,0
GPT5,Free,GPT5-Free,0.00022098609599064946,Human,0
GPT5,Free,GPT5-Free,0.004942943272108077,Human,0
GPT5,Free,GPT5-Free,0.007844098365268533,Human,0
GPT5,Free,GPT5-Free,0.025973248746990932,Human,0
GPT5,Free,GPT5-Free,0.0009606452810989476,Human,0
GPT5,Free,GPT5-Free,0.0010690678251655645,Human,0
GPT5,Free,GPT5-Free,0.0604592715145977,Human,0
GPT5,Free,GPT5-Free,0.03260455721137017,Human,0
GPT5,Free,GPT5-Free,0.0005826341839869192,Human,0
GPT5,Free,GPT5-Free,0.623433093326555,Human,0
GPT5,Free,GPT5-Free,0.9997583169103246,Human,0
GPT5,Free,GPT5-Free,0.00015224705941984821,Human,0
GPT5,Free,GPT5-Free,4.673825189979447e-05,Human,0
GPT5,Free,GPT5-Free,8.557446495131327e-05,Human,0
GPT5,Free,GPT5-Free,0.004907508526557234,Human,0
GPT5,Free,GPT5-Free,0.001516033277762335,Human,0
GPT5,Free,GPT5-Free,0.00025516597356379025,Human,0
GPT5,Free,GPT5-Free,0.0008398731509926439,Human,0
GPT5,Free,GPT5-Free,0.02543805044183227,Human,0
GPT5,Free,GPT5-Free,1.0524382968323598e-05,Human,0
GPT5,Free,GPT5-Free,0.005753062329387552,Human,0
GPT5,Free,GPT5-Free,0.007166105136245818,Human,0
GPT5,Free,GPT5-Free,0.7858195929568581,Human,0
GPT5,Free,GPT5-Free,0.0001645704343076094,Human,0
GPT5,Free,GPT5-Free,0.0007997624120279606,Human,0
GPT5,Free,GPT5-Free,0.0011789062503564684,Human,0
GPT5,Free,GPT5-Free,0.0017555999805397883,Human,0
GPT5,Free,GPT5-Free,3.960955172554945e-05,Human,0
GPT5,Free,GPT5-Free,0.0017193719576579468,Human,0
GPT5,Free,GPT5-Free,0.30173854246933485,Human,0
GPT5,Free,GPT5-Free,0.1424366834530086,Human,0
GPT5,Free,GPT5-Free,0.007743338137243934,Human,0
GPT5,Free,GPT5-Free,8.049502870905302e-05,Human,0
GPT5,Free,GPT5-Free,0.0032638790602047174,Human,0
GPT5,Free,GPT5-Free,0.35164769604196483,Human,0
GPT5,Free,GPT5-Free,0.0008651044034771206,Human,0
GPT5,Free,GPT5-Free,0.013733748169756562,Human,0
GPT5,Free,GPT5-Free,0.002794684950993708,Human,0
GPT5,Free,GPT5-Free,0.00534710668584465,Human,0
GPT5,Free,GPT5-Free,0.199292569811236,Human,0
GPT5,Free,GPT5-Free,0.05788339065788374,Human,0
GPT5,Free,GPT5-Free,0.0021490281662484736,Human,0
GPT5,Free,GPT5-Free,0.0008761034263348531,Human,0
GPT5,Free,GPT5-Free,0.02255208005311069,Human,0
GPT5,Free,GPT5-Free,0.026995257584122474,Human,0
GPT5,Free,GPT5-Free,0.13394117795346505,Human,0
GPT5,Free,GPT5-Free,0.03258661592236629,Human,0
GPT5,Free,GPT5-Free,0.0014590300673118447,Human,0
GPT5,Free,GPT5-Free,0.9981510505400223,Human,0
GPT5,Free,GPT5-Free,0.0009329484660246993,Human,0
GPT5,Free,GPT5-Free,0.022413598823476037,Human,0
GPT5,Free,GPT5-Free,0.2617246283223534,Human,0
GPT5,Free,GPT5-Free,0.08798130563190759,Human,0
GPT5,Free,GPT5-Free,0.003020199939389508,Human,0
GPT5,Free,GPT5-Free,0.01906864289203698,Human,0
GPT5,Free,GPT5-Free,0.04026611782406139,Human,0
GPT5,Free,GPT5-Free,0.8004029552523396,Human,0
GPT5,Free,GPT5-Free,0.0028757335734007085,Human,0
GPT5,Free,GPT5-Free,0.013747932435391762,Human,0
GPT5,Free,GPT5-Free,0.07666278740765216,Human,0
GPT5,Free,GPT5-Free,0.01857169315039551,Human,0
GPT5,Free,GPT5-Free,0.3240049981518054,Human,0
GPT5,Free,GPT5-Free,0.0010212088227691625,Human,0
GPT5,Free,GPT5-Free,0.010064272729233263,Human,0
GPT5,Free,GPT5-Free,0.004703816489231671,Human,0
GPT5,Free,GPT5-Free,0.00039009555189045274,Human,0
GPT5,Free,GPT5-Free,0.02619120011881392,Human,0
GPT5,Free,GPT5-Free,0.029882169288312044,Human,0
GPT5,Free,GPT5-Free,0.014678467787271027,Human,0
GPT5,Free,GPT5-Free,0.00021672202201398387,Human,0
GPT5,Free,GPT5-Free,0.05758331603068877,Human,0
GPT5,Free,GPT5-Free,0.0003400058381350944,Human,0
GPT5,Free,GPT5-Free,0.22111919427890186,Human,0
GPT5,Free,GPT5-Free,0.028189691485857767,Human,0
GPT5,Free,GPT5-Free,0.27901890181643096,Human,0
GPT5,Free,GPT5-Free,0.0003032126636897805,Human,0
GPT5,Free,GPT5-Free,0.0017696695094519552,Human,0
GPT5,Free,GPT5-Free,0.7849978841631671,Human,0
GPT5,Free,GPT5-Free,0.14253299105388378,Human,0
GPT5,Free,GPT5-Free,0.00019348795492557034,Human,0
GPT5,Free,GPT5-Free,0.07744592698972098,Human,0
GPT5,Free,GPT5-Free,2.0569180775464218e-05,Human,0
GPT5,Free,GPT5-Free,0.0064527167580529995,Human,0
GPT5,Free,GPT5-Free,0.02145556722840069,Human,0
GPT5,Free,GPT5-Free,0.00010533387283005913,Human,0
GPT5,Free,GPT5-Free,0.2462951191398318,Human,0
GPT5,Free,GPT5-Free,0.0021772612023503754,Human,0
GPT5,Free,GPT5-Free,0.0031025949974075656,Human,0
GPT5,Free,GPT5-Free,0.08398963292959577,Human,0
GPT5,Free,GPT5-Free,0.07020643853327305,Human,0
GPT5,Free,GPT5-Free,0.9757387278611819,Human,0
GPT5,Free,GPT5-Free,0.005708646213186882,Human,0
GPT5,Free,GPT5-Free,0.9063749981930125,Human,0
GPT5,Free,GPT5-Free,0.001472877459917188,Human,0
GPT5,Free,GPT5-Free,0.03361987924031444,Human,0
GPT5,Free,GPT5-Free,0.03896894242557382,Human,0
GPT5,Free,GPT5-Free,0.6464136921558676,Human,0
GPT5,Free,GPT5-Free,0.004920264153557591,Human,0
GPT5,Free,GPT5-Free,0.015827761439617002,Human,0
GPT5,Free,GPT5-Free,0.0010640192595018387,Human,0
GPT5,Free,GPT5-Free,0.03624218244198181,Human,0
GPT5,Free,GPT5-Free,0.0013814968856904323,Human,0
GPT5,Free,GPT5-Free,0.5546704854152301,Human,0
GPT5,Free,GPT5-Free,0.03835958518173034,Human,0
GPT5,Free,GPT5-Free,0.004069634179170889,Human,0
GPT5,Free,GPT5-Free,0.05437747305908048,Human,0
GPT5,Free,GPT5-Free,0.43894714532844875,Human,0
GPT5,Free,GPT5-Free,0.0037736536396436753,Human,0
GPT5,Free,GPT5-Free,0.006081172935120113,Human,0
GPT5,Free,GPT5-Free,0.0003004603457489791,Human,0
GPT5,Free,GPT5-Free,0.29216644945764303,Human,0
GPT5,Free,GPT5-Free,0.23464434569961146,Human,0
GPT5,Free,GPT5-Free,0.024015670475399493,Human,0
GPT5,Free,GPT5-Free,0.14861226557788138,Human,0
GPT5,Free,GPT5-Free,0.09735714466169261,Human,0
GPT5,Free,GPT5-Free,0.06827883946697784,Human,0
GPT5,Free,GPT5-Free,0.06624504869726833,Human,0
GPT5,Free,GPT5-Free,0.2936322282795658,Human,0
GPT5,Free,GPT5-Free,0.01617766049979067,Human,0
GPT5,Free,GPT5-Free,0.08747078067872988,Human,0
GPT5,Free,GPT5-Free,0.011763371517331546,Human,0
GPT5,Free,GPT5-Free,0.0007141077133563728,Human,0
GPT5,Free,GPT5-Free,0.013700878848184004,Human,0
GPT5,Free,GPT5-Free,0.004994394027445066,Human,0
GPT5,Free,GPT5-Free,0.00610201712406343,Human,0
GPT5,Free,GPT5-Free,0.002275772281663842,Human,0
GPT5,Free,GPT5-Free,0.0019295236437347613,Human,0
GPT5,Free,GPT5-Free,0.00035975478887346395,Human,0
GPT5,Free,GPT5-Free,0.040080828496230486,Human,0
GPT5,Free,GPT5-Free,0.7263933944338241,Human,0
GPT5,Free,GPT5-Free,0.07958616181666389,Human,0
GPT5,Free,GPT5-Free,0.01757635522343628,Human,0
GPT5,Free,GPT5-Free,0.007517253026001263,Human,0
GPT5,Free,GPT5-Free,0.008552344469187078,Human,0
GPT5,Free,GPT5-Free,0.09585257171704273,Human,0
GPT5,Free,GPT5-Free,0.0076148039243723945,Human,0
GPT5,Free,GPT5-Free,0.0004011909582567769,Human,0
GPT5,Free,GPT5-Free,0.0016906219897049493,Human,0
GPT5,Free,GPT5-Free,0.19668705125012048,Human,0
GPT5,Free,GPT5-Free,0.8018530799897998,Human,0
GPT5,Free,GPT5-Free,0.9277569712424873,Human,0
GPT5,Free,GPT5-Free,0.025436223478693225,Human,0
GPT5,Free,GPT5-Free,0.1299683432740749,Human,0
GPT5,Free,GPT5-Free,0.002653469774165391,Human,0
GPT5,Free,GPT5-Free,0.017041061402057307,Human,0
GPT5,Free,GPT5-Free,0.09806361531031994,Human,0
GPT5,Free,GPT5-Free,0.02810453845991219,Human,0
GPT5,Free,GPT5-Free,0.49951213802139616,Human,0
GPT5,Free,GPT5-Free,0.166897496437246,Human,0
GPT5,Free,GPT5-Free,0.9398497595106241,Human,0
GPT5,Free,GPT5-Free,0.10881250012864449,Human,0
GPT5,Free,GPT5-Free,0.003349119706578649,Human,0
GPT5,Free,GPT5-Free,0.02932956029772578,Human,0
GPT5,Free,GPT5-Free,0.005152877162275344,Human,0
GPT5,Free,GPT5-Free,0.07098518884391791,Human,0
GPT5,Free,GPT5-Free,0.0195207629593098,Human,0
GPT5,Free,GPT5-Free,0.004449224050574983,Human,0
GPT5,Free,GPT5-Free,0.008498804513566513,Human,0
GPT5,Free,GPT5-Free,0.014451027774067137,Human,0
GPT5,Free,GPT5-Free,0.03543467168757075,Human,0
GPT5,Free,GPT5-Free,0.15720338678728973,Human,0
GPT5,Free,GPT5-Free,0.20746222693633293,Human,0
GPT5,Free,GPT5-Free,0.2708048860591119,Human,0
GPT5,Free,GPT5-Free,0.040527254097921336,Human,0
GPT5,Free,GPT5-Free,0.009545310050429374,Human,0
GPT5,Free,GPT5-Free,0.0030904702142824977,Human,0
GPT5,Free,GPT5-Free,0.010299888323921357,Human,0
GPT5,Free,GPT5-Free,0.2336710154569182,Human,0
GPT5,Free,GPT5-Free,0.7041924912256458,Human,0
GPT5,Free,GPT5-Free,0.003435791404099372,Human,0
GPT5,Free,GPT5-Free,0.034572527467773076,Human,0
GPT5,Free,GPT5-Free,0.8078266963076121,Human,0
GPT5,Free,GPT5-Free,0.92887594993159,Human,0
GPT5,Free,GPT5-Free,0.0007219989956853457,Human,0
GPT5,Free,GPT5-Free,0.002338124733918664,Human,0
GPT5,Free,GPT5-Free,0.02814791056711698,Human,0
GPT5,Free,GPT5-Free,0.8409979423359035,Human,0
GPT5,Free,GPT5-Free,0.07346374220012779,Human,0
GPT5,Free,GPT5-Free,0.15869078894621874,Human,0
GPT5,Free,GPT5-Free,0.22025596170641146,Human,0
GPT5,Free,GPT5-Free,0.3007327573314586,Human,0
GPT5,Free,GPT5-Free,0.5924561010768888,Human,0
GPT5,Free,GPT5-Free,0.24284189080697505,Human,0
GPT5,Free,GPT5-Free,0.5504966620723901,Human,0
GPT5,Free,GPT5-Free,0.005244736461864919,Human,0
GPT5,Free,GPT5-Free,0.011509037884308022,Human,0
GPT5,Free,GPT5-Free,0.033411916209807116,Human,0
GPT5,Free,GPT5-Free,0.0022967760766591542,Human,0
GPT5,Free,GPT5-Free,0.0064767598463537305,Human,0
GPT5,Free,GPT5-Free,0.002240494063739779,Human,0
GPT5,Free,GPT5-Free,0.0022867590480609595,Human,0
GPT5,Free,GPT5-Free,0.0002722750209925111,Human,0
GPT5,Free,GPT5-Free,0.012704167895405011,Human,0
GPT5,Free,GPT5-Free,0.40150874855725677,Human,0
GPT5,Free,GPT5-Free,0.493689389169525,Human,0
GPT5,Free,GPT5-Free,0.001159257738036694,Human,0
GPT5,Free,GPT5-Free,0.9326154575616692,Human,0
GPT5,Free,GPT5-Free,0.9227813343685756,Human,0
GPT5,Free,GPT5-Free,0.9995172331010931,Human,0
GPT5,Free,GPT5-Free,0.15735076408098445,Human,0
GPT5,Free,GPT5-Free,0.019950374507129495,Human,0
GPT5,Free,GPT5-Free,0.049208722740991126,Human,0
GPT5,Free,GPT5-Free,0.21343481934519973,Human,0
GPT5,Free,GPT5-Free,0.4051786729842768,Human,0
GPT5,Free,GPT5-Free,0.15482941491338778,Human,0
GPT5,Free,GPT5-Free,0.004794910228161503,Human,0
GPT5,Free,GPT5-Free,0.09656261333881803,Human,0
GPT5,Free,GPT5-Free,0.0066366269126312,Human,0
GPT5,Free,GPT5-Free,0.06814238322539343,Human,0
GPT5,Free,GPT5-Free,0.005058805352975312,Human,0
GPT5,Free,GPT5-Free,0.007192857021827358,Human,0
GPT5,Free,GPT5-Free,0.7479960586974521,Human,0
GPT5,Free,GPT5-Free,0.026969547550359893,Human,0
GPT5,Free,GPT5-Free,0.004983352480312849,Human,0
GPT5,Free,GPT5-Free,0.028101395631612697,Human,0
GPT5,Free,GPT5-Free,0.03345023909987268,Human,0
GPT5,Free,GPT5-Free,0.011256326976946953,Human,0
GPT5,Free,GPT5-Free,0.011110242941159813,Human,0
GPT5,Free,GPT5-Free,0.6294656869195638,Human,0
GPT5,Free,GPT5-Free,0.10188147813200216,Human,0
GPT5,Free,GPT5-Free,0.5768173754567892,Human,0
GPT5,Free,GPT5-Free,0.20806432244035317,Human,0
GPT5,Free,GPT5-Free,0.9866432648843813,Human,0
GPT5,Free,GPT5-Free,0.008923914431682273,Human,0
GPT5,Free,GPT5-Free,0.01921296059990567,Human,0
GPT5,Free,GPT5-Free,0.010337098887147244,Human,0
GPT5,Free,GPT5-Free,0.6004679725385362,Human,0
GPT5,Free,GPT5-Free,0.14128242748472467,Human,0
GPT5,Free,GPT5-Free,0.08974133404787743,Human,0
GPT5,Free,GPT5-Free,0.00361505421600685,Human,0
GPT5,Free,GPT5-Free,0.5450996070493042,Human,0
GPT5,Free,GPT5-Free,0.05706654046057413,Human,0
GPT5,Free,GPT5-Free,0.00041591803930999193,Human,0
GPT5,Free,GPT5-Free,0.9730343475661449,Human,0
GPT5,Free,GPT5-Free,0.8917485605034511,Human,0
GPT5,Free,GPT5-Free,0.24086044676799168,Human,0
GPT5,Free,GPT5-Free,0.49951744411808985,Human,0
GPT5,Free,GPT5-Free,0.21550497068606977,Human,0
GPT5,Free,GPT5-Free,0.18368986213869828,Human,0
GPT5,Free,GPT5-Free,0.13470199563996904,Human,0
GPT5,Free,GPT5-Free,0.1544967342312348,Human,0
GPT5,Free,GPT5-Free,0.13250073019628797,Human,0
GPT5,Free,GPT5-Free,0.00878387029236892,Human,0
GPT5,Free,GPT5-Free,0.043872933918002496,Human,0
GPT5,Free,GPT5-Free,0.019459945764323444,Human,0
GPT5,Free,GPT5-Free,0.003870666051609536,Human,0
GPT5,Free,GPT5-Free,0.0014154792487836502,Human,0
GPT5,Free,GPT5-Free,0.0004400185249324552,Human,0
GPT5,Free,GPT5-Free,0.21789894132240417,Human,0
GPT5,Free,GPT5-Free,0.021369602848782462,Human,0
GPT5,Free,GPT5-Free,0.5198912432288939,Human,0
GPT5,Free,GPT5-Free,0.28718416122746043,Human,0
GPT5,Free,GPT5-Free,0.40395607281373946,Human,0
GPT5,Free,GPT5-Free,0.6938797123003133,Human,0
GPT5,Free,GPT5-Free,0.11962032688076252,Human,0
GPT5,Free,GPT5-Free,0.006912837891096139,Human,0
GPT5,Free,GPT5-Free,0.031316737534932096,Human,0
GPT5,Free,GPT5-Free,0.32734319347886426,Human,0
GPT5,Free,GPT5-Free,0.1808944357110442,Human,0
GPT5,Free,GPT5-Free,2.3888280626801696e-05,Human,0
GPT5,Free,GPT5-Free,0.0006908875979180534,Human,0
GPT5,Free,GPT5-Free,0.14803316309017556,Human,0
GPT5,Free,GPT5-Free,0.5617137719749439,Human,0
GPT5,Free,GPT5-Free,0.11030612825394845,Human,0
GPT5,Free,GPT5-Free,0.0005611299053084582,Human,0
GPT5,Free,GPT5-Free,0.023881578566610526,Human,0
GPT5,Free,GPT5-Free,0.11273779856655768,Human,0
GPT5,Free,GPT5-Free,0.033426337553002075,Human,0
GPT5,Free,GPT5-Free,0.8138238521901454,Human,0
GPT5,Free,GPT5-Free,0.005319042267116742,Human,0
GPT5,Free,GPT5-Free,0.25832831132842604,Human,0
GPT5,Free,GPT5-Free,0.0034605319471191225,Human,0
GPT5,Free,GPT5-Free,0.7142510749548256,Human,0
GPT5,Free,GPT5-Free,0.0005591557931643655,Human,0
GPT5,Free,GPT5-Free,0.4046833842428526,Human,0
GPT5,Free,GPT5-Free,0.014246578095025053,Human,0
GPT5,Free,GPT5-Free,0.2232086851056307,Human,0
GPT5,Free,GPT5-Free,0.02409936457477524,Human,0
GPT5,Free,GPT5-Free,0.34580226141406045,Human,0
GPT5,Free,GPT5-Free,0.7553668366380204,Human,0
GPT5,Free,GPT5-Free,0.09416956953547218,Human,0
GPT5,Free,GPT5-Free,0.02866325522463163,Human,0
GPT5,Free,GPT5-Free,0.29418699581812363,Human,0
GPT5,Free,GPT5-Free,0.05678275546962,Human,0
GPT5,Free,GPT5-Free,0.004014375809275198,Human,0
GPT5,Free,GPT5-Free,0.00392617838507107,Human,0
GPT5,Free,GPT5-Free,0.2740822425613663,Human,0
GPT5,Free,GPT5-Free,0.1330118961620572,Human,0
GPT5,Free,GPT5-Free,0.06092571047716297,Human,0
GPT5,Free,GPT5-Free,0.6228429876346372,Human,0
GPT5,Free,GPT5-Free,0.05332461413010188,Human,0
GPT5,Free,GPT5-Free,0.6516495309137375,Human,0
GPT5,Free,GPT5-Free,0.0266428646647038,Human,0
GPT5,Free,GPT5-Free,0.057504299132277996,Human,0
GPT5,Free,GPT5-Free,0.03326788857313917,Human,0
GPT5,Free,GPT5-Free,0.03127505448980167,Human,0
GPT5,Free,GPT5-Free,0.159658127617942,Human,0
GPT5,Free,GPT5-Free,1.0843918962733635e-05,Human,0
GPT5,Free,GPT5-Free,0.052888398618723284,Human,0
GPT5,Free,GPT5-Free,0.003139789770569946,Human,0
GPT5,Free,GPT5-Free,0.002212905217664333,Human,0
GPT5,Free,GPT5-Free,0.8024167490921047,Human,0
GPT5,Free,GPT5-Free,0.0410035719638204,Human,0
GPT5,Free,GPT5-Free,0.017803833540116578,Human,0
GPT5,Free,GPT5-Free,0.003640703021531583,Human,0
GPT5,Free,GPT5-Free,0.6711032533227878,Human,0
GPT5,Free,GPT5-Free,0.2567980316356738,Human,0
GPT5,Free,GPT5-Free,0.0011052845611032303,Human,0
GPT5,Free,GPT5-Free,0.006139242975578743,Human,0
GPT5,Free,GPT5-Free,0.005745172366907469,Human,0
GPT5,Free,GPT5-Free,8.189366665273132e-05,Human,0
GPT5,Free,GPT5-Free,0.19285066617432664,Human,0
GPT5,Free,GPT5-Free,0.007983973949092784,Human,0
GPT5,Free,GPT5-Free,0.08337807503128977,Human,0
GPT5,Free,GPT5-Free,0.09597392622488368,Human,0
GPT5,Free,GPT5-Free,0.09895577295341958,Human,0
GPT5,Free,GPT5-Free,0.3034992544221061,Human,0
GPT5,Free,GPT5-Free,0.05918604435467773,Human,0
GPT5,Free,GPT5-Free,0.0006933746418709347,Human,0
GPT5,Free,GPT5-Free,0.8319300670506996,Human,0
GPT5,Free,GPT5-Free,0.7125420197224239,Human,0
GPT5,Free,GPT5-Free,0.10559206573728037,Human,0
GPT5,Free,GPT5-Free,0.001058067211041855,Human,0
GPT5,Free,GPT5-Free,0.008755738051098874,Human,0
GPT5,Free,GPT5-Free,0.03611223096948279,Human,0
GPT5,Free,GPT5-Free,0.4579126326960318,Human,0
GPT5,Free,GPT5-Free,0.13485611766005376,Human,0
GPT5,Free,GPT5-Free,0.5770179628713092,Human,0
GPT5,Free,GPT5-Free,0.2816720301015678,Human,0
GPT5,Free,GPT5-Free,0.8173236420073022,Human,0
GPT5,Free,GPT5-Free,0.09611598919970926,Human,0
GPT5,Free,GPT5-Free,0.03704942326089386,Human,0
GPT5,Free,GPT5-Free,0.026773785463479496,Human,0
GPT5,Free,GPT5-Free,0.15977869858969868,Human,0
GPT5,Free,GPT5-Free,0.10232706185947528,Human,0
GPT5,Free,GPT5-Free,0.01255777057767199,Human,0
GPT5,Free,GPT5-Free,0.0005747666332289286,Human,0
GPT5,Free,GPT5-Free,0.001342331672845094,Human,0
GPT5,Free,GPT5-Free,0.00544635218073051,Human,0
GPT5,Free,GPT5-Free,0.004360149080495034,Human,0
GPT5,Free,GPT5-Free,0.5990768694724684,Human,0
GPT5,Free,GPT5-Free,0.4154105229385441,Human,0
GPT5,Free,GPT5-Free,0.057272615398459736,Human,0
GPT5,Free,GPT5-Free,0.029465393456201604,Human,0
GPT5,Free,GPT5-Free,0.25946622402096153,Human,0
GPT5,Free,GPT5-Free,0.07490682890977167,Human,0
GPT5,Free,GPT5-Free,0.4500242306608141,Human,0
GPT5,Free,GPT5-Free,0.00232841118017474,Human,0
GPT5,Free,GPT5-Free,0.1516185595497157,Human,0
GPT5,Free,GPT5-Free,0.03951797210038872,Human,0
GPT5,Free,GPT5-Free,0.06438343284549805,Human,0
GPT5,Free,GPT5-Free,0.5040521642438535,Human,0
GPT5,Free,GPT5-Free,0.1620274213794899,Human,0
GPT5,Free,GPT5-Free,0.0027354843855015376,Human,0
GPT5,Free,GPT5-Free,0.45105218301729016,Human,0
GPT5,Free,GPT5-Free,0.000437666864387546,Human,0
GPT5,Free,GPT5-Free,0.005531864285631819,Human,0
GPT5,Free,GPT5-Free,0.060597021529272904,Human,0
GPT5,Free,GPT5-Free,0.13314433448180443,Human,0
GPT5,Free,GPT5-Free,0.9330217389580534,Human,0
GPT5,Free,GPT5-Free,0.01625139777469168,Human,0
GPT5,Free,GPT5-Free,0.9062427291825942,Human,0
GPT5,Free,GPT5-Free,0.19936003636405583,Human,0
GPT5,Free,GPT5-Free,0.18892536318642444,Human,0
GPT5,Free,GPT5-Free,0.4047847989804882,Human,0
GPT5,Free,GPT5-Free,0.12859904539773745,Human,0
GPT5,Free,GPT5-Free,0.053553328655909616,Human,0
GPT5,Free,GPT5-Free,0.003579668732893592,Human,0
GPT5,Free,GPT5-Free,0.011422285966109684,Human,0
GPT5,Free,GPT5-Free,0.010897734012909213,Human,0
GPT5,Free,GPT5-Free,0.0025404587612220513,Human,0
GPT5,Free,GPT5-Free,0.07382276078998842,Human,0
GPT5,Free,GPT5-Free,0.0439936385301267,Human,0
GPT5,Free,GPT5-Free,0.29817113648532323,Human,0
GPT5,Free,GPT5-Free,0.0029928838528298367,Human,0
GPT5,Free,GPT5-Free,0.17246428636015934,Human,0
GPT5,Free,GPT5-Free,0.20385790236799045,Human,0
GPT5,Free,GPT5-Free,0.0022584643688008813,Human,0
GPT5,Free,GPT5-Free,0.27358537787960246,Human,0
GPT5,Free,GPT5-Free,0.021659675231668448,Human,0
GPT5,Free,GPT5-Free,0.11269990720445285,Human,0
GPT5,Free,GPT5-Free,0.0513294494552215,Human,0
GPT5,Free,GPT5-Free,0.40665130892366314,Human,0
GPT5,Free,GPT5-Free,0.018528269163463687,Human,0
GPT5,Free,GPT5-Free,0.05976343923346899,Human,0
GPT5,Free,GPT5-Free,0.3907730384088049,Human,0
GPT5,Free,GPT5-Free,0.24759111444741155,Human,0
GPT5,Free,GPT5-Free,0.01297428472804568,Human,0
GPT5,Free,GPT5-Free,0.03150908039748402,Human,0
GPT5,Free,GPT5-Free,0.0007993441581835972,Human,0
GPT5,Free,GPT5-Free,0.10874352335989128,Human,0
GPT5,Free,GPT5-Free,0.08473815264106237,Human,0
GPT5,Free,GPT5-Free,0.021406848448370343,Human,0
GPT5,Free,GPT5-Free,0.002561970986822555,Human,0
GPT5,Free,GPT5-Free,0.13977687713335132,Human,0
GPT5,Free,GPT5-Free,0.009290915933897768,Human,0
GPT5,Free,GPT5-Free,0.00021482761135976298,Human,0
GPT5,Free,GPT5-Free,0.0005796574261910226,Human,0
GPT5,Free,GPT5-Free,0.0052222949298962,Human,0
GPT5,Free,GPT5-Free,0.0853416507468429,Human,0
GPT5,Free,GPT5-Free,0.003558992136169814,Human,0
GPT5,Free,GPT5-Free,0.00023695939030633038,Human,0
GPT5,Free,GPT5-Free,0.030951151789137477,Human,0
GPT5,Free,GPT5-Free,0.056327399526882385,Human,0
GPT5,Free,GPT5-Free,6.065440367647803e-05,Human,0
GPT5,Free,GPT5-Free,0.014712103937018255,Human,0
GPT5,Free,GPT5-Free,0.0023981787601510852,Human,0
GPT5,Free,GPT5-Free,0.0022860266297928173,Human,0
GPT5,Free,GPT5-Free,7.408183956524404e-05,Human,0
GPT5,Free,GPT5-Free,0.004443915101034158,Human,0
GPT5,Free,GPT5-Free,0.0010938692663855691,Human,0
GPT5,Free,GPT5-Free,0.5745458391364577,Human,0
GPT5,Free,GPT5-Free,0.0007492949193698308,Human,0
GPT5,Free,GPT5-Free,0.07142500340922643,Human,0
GPT5,Free,GPT5-Free,0.004835113625478316,Human,0
GPT5,Free,GPT5-Free,0.011048291868334436,Human,0
GPT5,Free,GPT5-Free,0.04520281205279445,Human,0
GPT5,Free,GPT5-Free,0.08824986287852855,Human,0
GPT5,Free,GPT5-Free,0.21587109807923147,Human,0
GPT5,Free,GPT5-Free,0.0946141057678445,Human,0
GPT5,Free,GPT5-Free,0.009657216512288971,Human,0
GPT5,Free,GPT5-Free,0.0854835480254046,Human,0
GPT5,Free,GPT5-Free,0.021568256329841815,Human,0
GPT5,Free,GPT5-Free,0.02568477344680598,Human,0
GPT5,Free,GPT5-Free,0.005394339031546095,Human,0
GPT5,Free,GPT5-Free,0.057060044181487725,Human,0
GPT5,Free,GPT5-Free,0.34611498250147543,Human,0
GPT5,Free,GPT5-Free,0.025337895389436742,Human,0
GPT5,Free,GPT5-Free,0.05493107449573954,Human,0
GPT5,Free,GPT5-Free,0.00026876010297282313,Human,0
GPT5,Free,GPT5-Free,0.0008266288171612954,Human,0
GPT5,Free,GPT5-Free,0.00029273539343408346,Human,0
GPT5,Free,GPT5-Free,0.00020882818189959704,Human,0
GPT5,Free,GPT5-Free,0.18367981559693014,Human,0
GPT5,Free,GPT5-Free,0.03800281760142713,Human,0
GPT5,Free,GPT5-Free,0.0019145544529562074,Human,0
GPT5,Free,GPT5-Free,0.0006534501780486084,Human,0
GPT5,Free,GPT5-Free,0.0008973452812727,Human,0
GPT5,Free,GPT5-Free,0.0014533505133621036,Human,0
GPT5,Free,GPT5-Free,0.00024826420481966995,Human,0
GPT5,Free,GPT5-Free,0.006330415432227911,Human,0
GPT5,Free,GPT5-Free,0.0003555059496264693,Human,0
GPT5,Free,GPT5-Free,0.006930463919415209,Human,0
GPT5,Free,GPT5-Free,0.018072715119976775,Human,0
GPT5,Free,GPT5-Free,0.008165965579810109,Human,0
GPT5,Free,GPT5-Free,0.17050812762505932,Human,0
GPT5,Free,GPT5-Free,0.0009157353300131234,Human,0
GPT5,Free,GPT5-Free,0.0012157232479109061,Human,0
GPT5,Free,GPT5-Free,0.0010003599767629847,Human,0
GPT5,Free,GPT5-Free,0.01956537038082527,Human,0
GPT5,Free,GPT5-Free,0.034398002944685695,Human,0
GPT5,Free,GPT5-Free,0.010400822108971815,Human,0
GPT5,Free,GPT5-Free,0.011308350019011032,Human,0
GPT5,Free,GPT5-Free,0.00026728105882806716,Human,0
GPT5,Free,GPT5-Free,0.0010931329620297741,Human,0
GPT5,Free,GPT5-Free,9.807300368876875e-05,Human,0
GPT5,Free,GPT5-Free,0.4576889226590747,Human,0
GPT5,Free,GPT5-Free,0.0003653019171385173,Human,0
GPT5,Free,GPT5-Free,0.007707112629259099,Human,0
GPT5,Free,GPT5-Free,0.005038662696386624,Human,0
GPT5,Free,GPT5-Free,0.0007601089551307117,Human,0
GPT5,Free,GPT5-Free,4.667664468624077e-05,Human,0
GPT5,Free,GPT5-Free,0.0011613598444260667,Human,0
GPT5,Free,GPT5-Free,0.0005531217143335123,Human,0
GPT5,Free,GPT5-Free,0.011837821679282086,Human,0
GPT5,Free,GPT5-Free,0.0008754361141116398,Human,0
GPT5,Free,GPT5-Free,0.007947783667008565,Human,0
GPT5,Free,GPT5-Free,0.01769462023986511,Human,0
GPT5,Free,GPT5-Free,0.007236791102195963,Human,0
GPT5,Free,GPT5-Free,1.616000360116972e-05,Human,0
GPT5,Free,GPT5-Free,0.00014454031919806237,Human,0
GPT5,Free,GPT5-Free,0.0002656593748277767,Human,0
GPT5,Free,GPT5-Free,0.005483934132766193,Human,0
GPT5,Free,GPT5-Free,0.0002322446123836694,Human,0
GPT5,Free,GPT5-Free,0.031688068215415574,Human,0
GPT5,Free,GPT5-Free,0.005204452427711797,Human,0
GPT5,Free,GPT5-Free,0.21259673874932244,Human,0
GPT5,Free,GPT5-Free,0.009270841691833766,Human,0
GPT5,Free,GPT5-Free,0.02476910395985891,Human,0
GPT5,Free,GPT5-Free,0.08781104532997816,Human,0
GPT5,Free,GPT5-Free,0.046471681897431186,Human,0
GPT5,Free,GPT5-Free,0.0014106928257467746,Human,0
GPT5,Free,GPT5-Free,0.004589980313823685,Human,0
GPT5,Free,GPT5-Free,0.6561602005464288,Human,0
GPT5,Free,GPT5-Free,0.007029905297548922,Human,0
GPT5,Free,GPT5-Free,0.35415139510999255,Human,0
GPT5,Free,GPT5-Free,0.29718948297005077,Human,0
GPT5,Free,GPT5-Free,0.22423259920412927,Human,0
GPT5,Free,GPT5-Free,0.1016426616985491,Human,0
GPT5,Free,GPT5-Free,0.026755880434170244,Human,0
GPT5,Free,GPT5-Free,0.06865538282825072,Human,0
GPT5,Free,GPT5-Free,0.09146165232223293,Human,0
GPT5,Free,GPT5-Free,0.09267974652899419,Human,0
GPT5,Free,GPT5-Free,0.1297058581407988,Human,0
GPT5,Free,GPT5-Free,0.0871492368946571,Human,0
GPT5,Free,GPT5-Free,0.19644110096345258,Human,0
GPT5,Free,GPT5-Free,0.20110122589418927,Human,0
GPT5,Free,GPT5-Free,0.01655116076500175,Human,0
GPT5,Free,GPT5-Free,0.009114485032065973,Human,0
GPT5,Free,GPT5-Free,0.3820895881057637,Human,0
GPT5,Free,GPT5-Free,0.6792237971193452,Human,0
GPT5,Free,GPT5-Free,0.8250793549793458,Human,0
GPT5,Free,GPT5-Free,0.017633158409517024,Human,0
GPT5,Free,GPT5-Free,0.0038274995961274697,Human,0
GPT5,Free,GPT5-Free,0.3697165227542372,Human,0
GPT5,Free,GPT5-Free,0.9748171492122684,Human,0
GPT5,Free,GPT5-Free,0.5412277940742646,Human,0
GPT5,Free,GPT5-Free,0.16340813661177958,Human,0
GPT5,Free,GPT5-Free,0.15993604367055989,Human,0
GPT5,Free,GPT5-Free,0.002170590480809981,Human,0
GPT5,Free,GPT5-Free,0.1479268321528159,Human,0
GPT5,Free,GPT5-Free,0.027957530787601097,Human,0
GPT5,Free,GPT5-Free,0.0513915038442094,Human,0
GPT5,Free,GPT5-Free,0.9942498406044121,Human,0
GPT5,Free,GPT5-Free,0.3136740247741153,AI,1
GPT5,Free,GPT5-Free,0.9982085163171667,AI,1
GPT5,Free,GPT5-Free,0.9992306362757682,AI,1
GPT5,Free,GPT5-Free,0.9346988589728568,AI,1
GPT5,Free,GPT5-Free,0.9995334994971399,AI,1
GPT5,Free,GPT5-Free,0.9946484942414934,AI,1
GPT5,Free,GPT5-Free,0.894367121988512,AI,1
GPT5,Free,GPT5-Free,0.8907841157479449,AI,1
GPT5,Free,GPT5-Free,0.9452877582526958,AI,1
GPT5,Free,GPT5-Free,0.4431024570904695,AI,1
GPT5,Free,GPT5-Free,0.9855961758983351,AI,1
GPT5,Free,GPT5-Free,0.9931595880296966,AI,1
GPT5,Free,GPT5-Free,0.9996313691779386,AI,1
GPT5,Free,GPT5-Free,0.9892735060918021,AI,1
GPT5,Free,GPT5-Free,0.9873738975727292,AI,1
GPT5,Free,GPT5-Free,0.9994153524883875,AI,1
GPT5,Free,GPT5-Free,0.8151780085880972,AI,1
GPT5,Free,GPT5-Free,0.9511265399802468,AI,1
GPT5,Free,GPT5-Free,0.9733353903449639,AI,1
GPT5,Free,GPT5-Free,0.7154947642870805,AI,1
GPT5,Free,GPT5-Free,0.9901036336786788,AI,1
GPT5,Free,GPT5-Free,0.9999224742650011,AI,1
GPT5,Free,GPT5-Free,0.9969452375416432,AI,1
GPT5,Free,GPT5-Free,0.9990080878133618,AI,1
GPT5,Free,GPT5-Free,0.1465557586883467,AI,1
GPT5,Free,GPT5-Free,0.9959194519416437,AI,1
GPT5,Free,GPT5-Free,0.6831072438880208,AI,1
GPT5,Free,GPT5-Free,0.997606781639444,AI,1
GPT5,Free,GPT5-Free,0.9642153529887636,AI,1
GPT5,Free,GPT5-Free,0.9998549260944415,AI,1
GPT5,Free,GPT5-Free,0.9998509442010078,AI,1
GPT5,Free,GPT5-Free,0.9673805107699113,AI,1
GPT5,Free,GPT5-Free,0.9106090323519068,AI,1
GPT5,Free,GPT5-Free,0.9927581947624876,AI,1
GPT5,Free,GPT5-Free,0.9266372560787552,AI,1
GPT5,Free,GPT5-Free,0.9972371345475131,AI,1
GPT5,Free,GPT5-Free,0.9402668319541024,AI,1
GPT5,Free,GPT5-Free,0.8795330526850677,AI,1
GPT5,Free,GPT5-Free,0.9994190993241242,AI,1
GPT5,Free,GPT5-Free,0.8890634835943271,AI,1
GPT5,Free,GPT5-Free,0.9988230203179528,AI,1
GPT5,Free,GPT5-Free,0.42366177245590225,AI,1
GPT5,Free,GPT5-Free,0.5164868903041118,AI,1
GPT5,Free,GPT5-Free,0.9990434573570869,AI,1
GPT5,Free,GPT5-Free,0.7300080222571979,AI,1
GPT5,Free,GPT5-Free,0.9989273011474008,AI,1
GPT5,Free,GPT5-Free,0.9861270524114563,AI,1
GPT5,Free,GPT5-Free,0.5736229351825075,AI,1
GPT5,Free,GPT5-Free,0.9755758133660937,AI,1
GPT5,Free,GPT5-Free,0.9967321774143328,AI,1
GPT5,Free,GPT5-Free,0.9298823168234024,AI,1
GPT5,Free,GPT5-Free,0.6600323242532274,AI,1
GPT5,Free,GPT5-Free,0.9914011508552361,AI,1
GPT5,Free,GPT5-Free,0.1516732558939154,AI,1
GPT5,Free,GPT5-Free,0.9730954654854066,AI,1
GPT5,Free,GPT5-Free,0.9993437334870369,AI,1
GPT5,Free,GPT5-Free,0.93143676858468,AI,1
GPT5,Free,GPT5-Free,0.969901019398516,AI,1
GPT5,Free,GPT5-Free,0.9924966659301252,AI,1
GPT5,Free,GPT5-Free,0.8613592388645597,AI,1
GPT5,Free,GPT5-Free,0.9906443904651815,AI,1
GPT5,Free,GPT5-Free,0.9478021992450908,AI,1
GPT5,Free,GPT5-Free,0.9830353909218278,AI,1
GPT5,Free,GPT5-Free,0.9981619543199903,AI,1
GPT5,Free,GPT5-Free,0.8648087184786368,AI,1
GPT5,Free,GPT5-Free,0.8044367337184224,AI,1
GPT5,Free,GPT5-Free,0.5189948424552747,AI,1
GPT5,Free,GPT5-Free,0.9940044007591593,AI,1
GPT5,Free,GPT5-Free,0.9990963075867928,AI,1
GPT5,Free,GPT5-Free,0.9229833842376541,AI,1
GPT5,Free,GPT5-Free,0.7303066963931241,AI,1
GPT5,Free,GPT5-Free,0.8656533333029274,AI,1
GPT5,Free,GPT5-Free,0.9177107875953237,AI,1
GPT5,Free,GPT5-Free,0.9589044545319928,AI,1
GPT5,Free,GPT5-Free,0.9776542292609911,AI,1
GPT5,Free,GPT5-Free,0.9411877249191719,AI,1
GPT5,Free,GPT5-Free,0.9979656691944596,AI,1
GPT5,Free,GPT5-Free,0.9999226991967755,AI,1
GPT5,Free,GPT5-Free,0.9994402053420378,AI,1
GPT5,Free,GPT5-Free,0.9969585126169302,AI,1
GPT5,Free,GPT5-Free,0.6830584081452586,AI,1
GPT5,Free,GPT5-Free,0.9971309332876408,AI,1
GPT5,Free,GPT5-Free,0.9993101147398561,AI,1
GPT5,Free,GPT5-Free,0.9354454614346471,AI,1
GPT5,Free,GPT5-Free,0.9039007951146845,AI,1
GPT5,Free,GPT5-Free,0.9684115912686533,AI,1
GPT5,Free,GPT5-Free,0.9781679787339898,AI,1
GPT5,Free,GPT5-Free,0.9973215064899651,AI,1
GPT5,Free,GPT5-Free,0.9155920900021899,AI,1
GPT5,Free,GPT5-Free,0.9944740623797064,AI,1
GPT5,Free,GPT5-Free,0.9840383824465243,AI,1
GPT5,Free,GPT5-Free,0.9857644600911735,AI,1
GPT5,Free,GPT5-Free,0.9971849705969477,AI,1
GPT5,Free,GPT5-Free,0.9960615015345647,AI,1
GPT5,Free,GPT5-Free,0.992979225893771,AI,1
GPT5,Free,GPT5-Free,0.9879101311779634,AI,1
GPT5,Free,GPT5-Free,0.8991349596494859,AI,1
GPT5,Free,GPT5-Free,0.9999780958183663,AI,1
GPT5,Free,GPT5-Free,0.9478956710009258,AI,1
GPT5,Free,GPT5-Free,0.8193050677576902,AI,1
GPT5,Free,GPT5-Free,0.9998813469794062,AI,1
GPT5,Free,GPT5-Free,0.8326345733814927,AI,1
GPT5,Free,GPT5-Free,0.805684995809504,AI,1
GPT5,Free,GPT5-Free,0.9740277331931556,AI,1
GPT5,Free,GPT5-Free,0.7743063208854212,AI,1
GPT5,Free,GPT5-Free,0.9999579831112972,AI,1
GPT5,Free,GPT5-Free,0.9574758239125274,AI,1
GPT5,Free,GPT5-Free,0.7185833837199418,AI,1
GPT5,Free,GPT5-Free,0.9986538873918176,AI,1
GPT5,Free,GPT5-Free,0.9828765140126504,AI,1
GPT5,Free,GPT5-Free,0.9688082684855601,AI,1
GPT5,Free,GPT5-Free,0.9784454486984207,AI,1
GPT5,Free,GPT5-Free,0.995241974041123,AI,1
GPT5,Free,GPT5-Free,0.9002501678903854,AI,1
GPT5,Free,GPT5-Free,0.9228997723686945,AI,1
GPT5,Free,GPT5-Free,0.4842193759436832,AI,1
GPT5,Free,GPT5-Free,0.6297820230245615,AI,1
GPT5,Free,GPT5-Free,0.6614957690526357,AI,1
GPT5,Free,GPT5-Free,0.3749797861958841,AI,1
GPT5,Free,GPT5-Free,0.9985368944758282,AI,1
GPT5,Free,GPT5-Free,0.9530037915788145,AI,1
GPT5,Free,GPT5-Free,0.9683347904002026,AI,1
GPT5,Free,GPT5-Free,0.024152906403686066,AI,1
GPT5,Free,GPT5-Free,0.8900042581536406,AI,1
GPT5,Free,GPT5-Free,0.983438128938929,AI,1
GPT5,Free,GPT5-Free,0.9994637618370239,AI,1
GPT5,Free,GPT5-Free,0.36542072826211713,AI,1
GPT5,Free,GPT5-Free,0.9783768662688487,AI,1
GPT5,Free,GPT5-Free,0.9992398961904664,AI,1
GPT5,Free,GPT5-Free,0.426584037969395,AI,1
GPT5,Free,GPT5-Free,0.9701258331072785,AI,1
GPT5,Free,GPT5-Free,0.9983478001851509,AI,1
GPT5,Free,GPT5-Free,0.9999572208030781,AI,1
GPT5,Free,GPT5-Free,0.9951863336285128,AI,1
GPT5,Free,GPT5-Free,0.9866872137059108,AI,1
GPT5,Free,GPT5-Free,0.9997885028300072,AI,1
GPT5,Free,GPT5-Free,0.9980274203599273,AI,1
GPT5,Free,GPT5-Free,0.9948323572084964,AI,1
GPT5,Free,GPT5-Free,0.9993117883545858,AI,1
GPT5,Free,GPT5-Free,0.9732135593428439,AI,1
GPT5,Free,GPT5-Free,0.9989534894683243,AI,1
GPT5,Free,GPT5-Free,0.9785175869355582,AI,1
GPT5,Free,GPT5-Free,0.9484794334151845,AI,1
GPT5,Free,GPT5-Free,0.9746216273123595,AI,1
GPT5,Free,GPT5-Free,0.9782238414799823,AI,1
GPT5,Free,GPT5-Free,0.9403172895298405,AI,1
GPT5,Free,GPT5-Free,0.9902889383139435,AI,1
GPT5,Free,GPT5-Free,0.9995519636613976,AI,1
GPT5,Free,GPT5-Free,0.9925628449235824,AI,1
GPT5,Free,GPT5-Free,0.9876372541698171,AI,1
GPT5,Free,GPT5-Free,0.9980060818044093,AI,1
GPT5,Free,GPT5-Free,0.9994246771226457,AI,1
GPT5,Free,GPT5-Free,0.9997716091305908,AI,1
GPT5,Free,GPT5-Free,0.9928902036087056,AI,1
GPT5,Free,GPT5-Free,0.9857909069147403,AI,1
GPT5,Free,GPT5-Free,0.9990256619895147,AI,1
GPT5,Free,GPT5-Free,0.999895523794259,AI,1
GPT5,Free,GPT5-Free,0.999021418086586,AI,1
GPT5,Free,GPT5-Free,0.9992227233279193,AI,1
GPT5,Free,GPT5-Free,0.9919195039796894,AI,1
GPT5,Free,GPT5-Free,0.9992601681652598,AI,1
GPT5,Free,GPT5-Free,0.9915002788396681,AI,1
GPT5,Free,GPT5-Free,0.9859251665874808,AI,1
GPT5,Free,GPT5-Free,0.9259507117427087,AI,1
GPT5,Free,GPT5-Free,0.9722776645008898,AI,1
GPT5,Free,GPT5-Free,0.9432643394753967,AI,1
GPT5,Free,GPT5-Free,0.5690228222792627,AI,1
GPT5,Free,GPT5-Free,0.8758203339600173,AI,1
GPT5,Free,GPT5-Free,0.34920092908491684,AI,1
GPT5,Free,GPT5-Free,0.9897325941973311,AI,1
GPT5,Free,GPT5-Free,0.965149167572504,AI,1
GPT5,Free,GPT5-Free,0.964783782590221,AI,1
GPT5,Free,GPT5-Free,0.9595889834039308,AI,1
GPT5,Free,GPT5-Free,0.9931664886332752,AI,1
GPT5,Free,GPT5-Free,0.9119229838712302,AI,1
GPT5,Free,GPT5-Free,0.9677826158456256,AI,1
GPT5,Free,GPT5-Free,0.9778249880981599,AI,1
GPT5,Free,GPT5-Free,0.9973408978456954,AI,1
GPT5,Free,GPT5-Free,0.9996144757207469,AI,1
GPT5,Free,GPT5-Free,0.9497418289840985,AI,1
GPT5,Free,GPT5-Free,0.9968484096381043,AI,1
GPT5,Free,GPT5-Free,0.9950542403200126,AI,1
GPT5,Free,GPT5-Free,0.9975337506787161,AI,1
GPT5,Free,GPT5-Free,0.9929268187804886,AI,1
GPT5,Free,GPT5-Free,0.9957011820375659,AI,1
GPT5,Free,GPT5-Free,0.9983068592321734,AI,1
GPT5,Free,GPT5-Free,0.9877036135275635,AI,1
GPT5,Free,GPT5-Free,0.9993714369225528,AI,1
GPT5,Free,GPT5-Free,0.7352584638554056,AI,1
GPT5,Free,GPT5-Free,0.9994958188968667,AI,1
GPT5,Free,GPT5-Free,0.7597051654705127,AI,1
GPT5,Free,GPT5-Free,0.9983074136518194,AI,1
GPT5,Free,GPT5-Free,0.923100733699658,AI,1
GPT5,Free,GPT5-Free,0.925972260074236,AI,1
GPT5,Free,GPT5-Free,0.9981950575372649,AI,1
GPT5,Free,GPT5-Free,0.9958516430671649,AI,1
GPT5,Free,GPT5-Free,0.7340291578696311,AI,1
GPT5,Free,GPT5-Free,0.1935754134096109,AI,1
GPT5,Free,GPT5-Free,0.9551029651635901,AI,1
GPT5,Free,GPT5-Free,0.9997154630362401,AI,1
GPT5,Free,GPT5-Free,0.6437819848304421,AI,1
GPT5,Free,GPT5-Free,0.9993833575911977,AI,1
GPT5,Free,GPT5-Free,0.9993276541528238,AI,1
GPT5,Free,GPT5-Free,0.9998784862845009,AI,1
GPT5,Free,GPT5-Free,0.9997310352674019,AI,1
GPT5,Free,GPT5-Free,0.999151989474424,AI,1
GPT5,Free,GPT5-Free,0.9331531390802651,AI,1
GPT5,Free,GPT5-Free,0.49418933765457024,AI,1
GPT5,Free,GPT5-Free,0.9974023109096248,AI,1
GPT5,Free,GPT5-Free,0.9913096887952936,AI,1
GPT5,Free,GPT5-Free,0.9992894293332508,AI,1
GPT5,Free,GPT5-Free,0.7181305313520737,AI,1
GPT5,Free,GPT5-Free,0.9978463189248109,AI,1
GPT5,Free,GPT5-Free,0.007369119714994707,AI,1
GPT5,Free,GPT5-Free,0.931323497142131,AI,1
GPT5,Free,GPT5-Free,0.9431263883716126,AI,1
GPT5,Free,GPT5-Free,0.9786378058755916,AI,1
GPT5,Free,GPT5-Free,0.9986775285055964,AI,1
GPT5,Free,GPT5-Free,0.9997955333562774,AI,1
GPT5,Free,GPT5-Free,0.9950224894628467,AI,1
GPT5,Free,GPT5-Free,0.9974882212591678,AI,1
GPT5,Free,GPT5-Free,0.12405761065108174,AI,1
GPT5,Free,GPT5-Free,0.9001113990550711,AI,1
GPT5,Free,GPT5-Free,0.9998657988671285,AI,1
GPT5,Free,GPT5-Free,0.9963872209803837,AI,1
GPT5,Free,GPT5-Free,0.9999829410538751,AI,1
GPT5,Free,GPT5-Free,0.988211846194248,AI,1
GPT5,Free,GPT5-Free,0.9045808691706294,AI,1
GPT5,Free,GPT5-Free,0.9840592282500977,AI,1
GPT5,Free,GPT5-Free,0.999316177151073,AI,1
GPT5,Free,GPT5-Free,0.9021017400550368,AI,1
GPT5,Free,GPT5-Free,0.9948811125222133,AI,1
GPT5,Free,GPT5-Free,0.9739528351119383,AI,1
GPT5,Free,GPT5-Free,0.9829124615926078,AI,1
GPT5,Free,GPT5-Free,0.08260493024439966,AI,1
GPT5,Free,GPT5-Free,0.9841869224408691,AI,1
GPT5,Free,GPT5-Free,0.9028273062611595,AI,1
GPT5,Free,GPT5-Free,0.6513154261263416,AI,1
GPT5,Free,GPT5-Free,0.999714280241497,AI,1
GPT5,Free,GPT5-Free,0.9661047457824188,AI,1
GPT5,Free,GPT5-Free,0.9899759871570356,AI,1
GPT5,Free,GPT5-Free,0.5286706000229378,AI,1
GPT5,Free,GPT5-Free,0.9976225252354594,AI,1
GPT5,Free,GPT5-Free,0.9940477407906901,AI,1
GPT5,Free,GPT5-Free,0.9927783834567359,AI,1
GPT5,Free,GPT5-Free,0.9979769309918692,AI,1
GPT5,Free,GPT5-Free,0.8970648528851927,AI,1
GPT5,Free,GPT5-Free,0.9999929379730683,AI,1
GPT5,Free,GPT5-Free,0.9923611892952865,AI,1
GPT5,Free,GPT5-Free,0.9813031154571928,AI,1
GPT5,Free,GPT5-Free,0.9601176847125915,AI,1
GPT5,Free,GPT5-Free,0.8193015487593945,AI,1
GPT5,Free,GPT5-Free,0.9998663163100513,AI,1
GPT5,Free,GPT5-Free,0.9994108047713652,AI,1
GPT5,Free,GPT5-Free,0.9976874425696097,AI,1
GPT5,Free,GPT5-Free,0.9984709556532572,AI,1
GPT5,Free,GPT5-Free,0.99441572854612,AI,1
GPT5,Free,GPT5-Free,0.9619781701772006,AI,1
GPT5,Free,GPT5-Free,0.9998680654096143,AI,1
GPT5,Free,GPT5-Free,0.9954926768247921,AI,1
GPT5,Free,GPT5-Free,0.9901044870630779,AI,1
GPT5,Free,GPT5-Free,0.9971964410922373,AI,1
GPT5,Free,GPT5-Free,0.9852372926498838,AI,1
GPT5,Free,GPT5-Free,0.9975655953690201,AI,1
GPT5,Free,GPT5-Free,0.6795261539168067,AI,1
GPT5,Free,GPT5-Free,0.9742253687433964,AI,1
GPT5,Free,GPT5-Free,0.9977538849884426,AI,1
GPT5,Free,GPT5-Free,0.9423208409414371,AI,1
GPT5,Free,GPT5-Free,0.998459065265937,AI,1
GPT5,Free,GPT5-Free,0.9993064998195936,AI,1
GPT5,Free,GPT5-Free,0.9996435025453283,AI,1
GPT5,Free,GPT5-Free,0.9999666363968589,AI,1
GPT5,Free,GPT5-Free,0.9825500789878272,AI,1
GPT5,Free,GPT5-Free,0.9837182022516017,AI,1
GPT5,Free,GPT5-Free,0.22337009919630282,AI,1
GPT5,Free,GPT5-Free,0.9979669203016281,AI,1
GPT5,Free,GPT5-Free,0.7596135168313821,AI,1
GPT5,Free,GPT5-Free,0.9993273079787397,AI,1
GPT5,Free,GPT5-Free,0.9794800940686401,AI,1
GPT5,Free,GPT5-Free,0.9935948147707545,AI,1
GPT5,Free,GPT5-Free,0.9999429468663413,AI,1
GPT5,Free,GPT5-Free,0.0006531655362007118,AI,1
GPT5,Free,GPT5-Free,0.9890664136223698,AI,1
GPT5,Free,GPT5-Free,0.9997956679137201,AI,1
GPT5,Free,GPT5-Free,0.16570996361042653,AI,1
GPT5,Free,GPT5-Free,0.8987261928602113,AI,1
GPT5,Free,GPT5-Free,0.9997762269578863,AI,1
GPT5,Free,GPT5-Free,0.9962259772417329,AI,1
GPT5,Free,GPT5-Free,0.7817570958817516,AI,1
GPT5,Free,GPT5-Free,0.9845761918053862,AI,1
GPT5,Free,GPT5-Free,0.9999863841616691,AI,1
GPT5,Free,GPT5-Free,0.8599022556909707,AI,1
GPT5,Free,GPT5-Free,0.9694825914880012,AI,1
GPT5,Free,GPT5-Free,0.8591792451023469,AI,1
GPT5,Free,GPT5-Free,0.6863872742306785,AI,1
GPT5,Free,GPT5-Free,0.9549566206194035,AI,1
GPT5,Free,GPT5-Free,0.8898934236944979,AI,1
GPT5,Free,GPT5-Free,0.55178184523151,AI,1
GPT5,Free,GPT5-Free,0.9287844719818079,AI,1
GPT5,Free,GPT5-Free,0.19386885612921181,AI,1
GPT5,Free,GPT5-Free,0.3670833326772014,AI,1
GPT5,Free,GPT5-Free,0.4923138989579832,AI,1
GPT5,Free,GPT5-Free,0.9521871952240987,AI,1
GPT5,Free,GPT5-Free,0.8733020215415096,AI,1
GPT5,Free,GPT5-Free,0.9800705208575973,AI,1
GPT5,Free,GPT5-Free,0.9985503741180392,AI,1
GPT5,Free,GPT5-Free,0.9861750144334094,AI,1
GPT5,Free,GPT5-Free,0.9934196793654647,AI,1
GPT5,Free,GPT5-Free,0.4662687886294197,AI,1
GPT5,Free,GPT5-Free,0.6433469477611222,AI,1
GPT5,Free,GPT5-Free,0.5782713282986385,AI,1
GPT5,Free,GPT5-Free,0.9985092845520036,AI,1
GPT5,Free,GPT5-Free,0.9979999574931923,AI,1
GPT5,Free,GPT5-Free,0.9968083945335753,AI,1
GPT5,Free,GPT5-Free,0.9909451059230723,AI,1
GPT5,Free,GPT5-Free,0.28342281898076604,AI,1
GPT5,Free,GPT5-Free,0.5660806960410566,AI,1
GPT5,Free,GPT5-Free,0.9401303864498032,AI,1
GPT5,Free,GPT5-Free,0.9121704992704532,AI,1
GPT5,Free,GPT5-Free,0.9992815252289029,AI,1
GPT5,Free,GPT5-Free,0.9469136952266216,AI,1
GPT5,Free,GPT5-Free,0.6521704156599345,AI,1
GPT5,Free,GPT5-Free,0.07015230183772846,AI,1
GPT5,Free,GPT5-Free,0.9164571770327623,AI,1
GPT5,Free,GPT5-Free,0.9991123523877836,AI,1
GPT5,Free,GPT5-Free,0.9965110013495497,AI,1
GPT5,Free,GPT5-Free,0.9907874446638562,AI,1
GPT5,Free,GPT5-Free,0.45487546792529804,AI,1
GPT5,Free,GPT5-Free,0.9885857181625067,AI,1
GPT5,Free,GPT5-Free,0.43336568087510846,AI,1
GPT5,Free,GPT5-Free,0.9467104663110479,AI,1
GPT5,Free,GPT5-Free,0.7288997690207549,AI,1
GPT5,Free,GPT5-Free,0.9930845914606009,AI,1
GPT5,Free,GPT5-Free,0.9927580372768589,AI,1
GPT5,Free,GPT5-Free,0.9756810257298189,AI,1
GPT5,Free,GPT5-Free,0.999723039602767,AI,1
GPT5,Free,GPT5-Free,0.6149912815738985,AI,1
GPT5,Free,GPT5-Free,0.9927190290015969,AI,1
GPT5,Free,GPT5-Free,0.9120706384235215,AI,1
GPT5,Free,GPT5-Free,0.9589741125359795,AI,1
GPT5,Free,GPT5-Free,0.9593736064265612,AI,1
GPT5,Free,GPT5-Free,0.9939901347848343,AI,1
GPT5,Free,GPT5-Free,0.7139828951672733,AI,1
GPT5,Free,GPT5-Free,0.9752483356734389,AI,1
GPT5,Free,GPT5-Free,0.9998700373459676,AI,1
GPT5,Free,GPT5-Free,0.9996491282606432,AI,1
GPT5,Free,GPT5-Free,0.9677196799314939,AI,1
GPT5,Free,GPT5-Free,0.3958895574631106,AI,1
GPT5,Free,GPT5-Free,0.819873286980991,AI,1
GPT5,Free,GPT5-Free,0.9987555412776687,AI,1
GPT5,Free,GPT5-Free,0.23351688740462462,AI,1
GPT5,Free,GPT5-Free,0.8178089377672859,AI,1
GPT5,Free,GPT5-Free,0.9488806812233249,AI,1
GPT5,Free,GPT5-Free,0.9744213252843356,AI,1
GPT5,Free,GPT5-Free,0.3019258724871824,AI,1
GPT5,Free,GPT5-Free,0.9814662874603448,AI,1
GPT5,Free,GPT5-Free,0.6374840817091967,AI,1
GPT5,Free,GPT5-Free,0.9913802973118646,AI,1
GPT5,Free,GPT5-Free,0.9422290658348756,AI,1
GPT5,Free,GPT5-Free,0.7084872798578229,AI,1
GPT5,Free,GPT5-Free,0.9992755841914629,AI,1
GPT5,Free,GPT5-Free,0.9958246416679648,AI,1
GPT5,Free,GPT5-Free,0.9920700570475726,AI,1
GPT5,Free,GPT5-Free,0.9908884434020444,AI,1
GPT5,Free,GPT5-Free,0.9868358839748533,AI,1
GPT5,Free,GPT5-Free,0.9980997738509203,AI,1
GPT5,Free,GPT5-Free,0.9997397624253143,AI,1
GPT5,Free,GPT5-Free,0.8487492428568785,AI,1
GPT5,Free,GPT5-Free,0.9990315456314569,AI,1
GPT5,Free,GPT5-Free,0.8328548481430209,AI,1
GPT5,Free,GPT5-Free,0.9971776841310062,AI,1
GPT5,Free,GPT5-Free,0.6863257934770788,AI,1
GPT5,Free,GPT5-Free,0.7329831207494085,AI,1
GPT5,Free,GPT5-Free,0.9631191325378848,AI,1
GPT5,Free,GPT5-Free,0.9973876624055765,AI,1
GPT5,Free,GPT5-Free,0.9811991812583433,AI,1
GPT5,Free,GPT5-Free,0.788432749013965,AI,1
GPT5,Free,GPT5-Free,0.9995306797690006,AI,1
GPT5,Free,GPT5-Free,0.9896459836283436,AI,1
GPT5,Free,GPT5-Free,0.9949006080466815,AI,1
GPT5,Free,GPT5-Free,0.741326454148849,AI,1
GPT5,Free,GPT5-Free,0.5671776412648237,AI,1
GPT5,Free,GPT5-Free,0.7456921168217425,AI,1
GPT5,Free,GPT5-Free,0.4077201641000188,AI,1
GPT5,Free,GPT5-Free,0.9985011295892748,AI,1
GPT5,Free,GPT5-Free,0.4744406740511169,AI,1
GPT5,Free,GPT5-Free,0.7032870324892989,AI,1
GPT5,Free,GPT5-Free,0.9095921570265636,AI,1
GPT5,Free,GPT5-Free,0.46199192075639217,AI,1
GPT5,Free,GPT5-Free,0.9938291722837528,AI,1
GPT5,Free,GPT5-Free,0.9901633641866362,AI,1
GPT5,Free,GPT5-Free,0.9992078427869645,AI,1
GPT5,Free,GPT5-Free,0.9998096616600652,AI,1
GPT5,Free,GPT5-Free,0.9997437878143118,AI,1
GPT5,Free,GPT5-Free,0.9887581960463317,AI,1
GPT5,Free,GPT5-Free,0.994883310475164,AI,1
GPT5,Free,GPT5-Free,0.6474958811054338,AI,1
GPT5,Free,GPT5-Free,0.995776943030176,AI,1
GPT5,Free,GPT5-Free,0.3329820874379638,AI,1
GPT5,Free,GPT5-Free,0.9397206528305149,AI,1
GPT5,Free,GPT5-Free,0.9741123307068791,AI,1
GPT5,Free,GPT5-Free,0.9743937860745623,AI,1
GPT5,Free,GPT5-Free,0.9994485185454657,AI,1
GPT5,Free,GPT5-Free,0.9644997620678336,AI,1
GPT5,Free,GPT5-Free,0.936912299618595,AI,1
GPT5,Free,GPT5-Free,0.9999990737225513,AI,1
GPT5,Free,GPT5-Free,0.9510040871720586,AI,1
GPT5,Free,GPT5-Free,0.9947266301431349,AI,1
GPT5,Free,GPT5-Free,0.04856475135006225,AI,1
GPT5,Free,GPT5-Free,0.7639713779780409,AI,1
GPT5,Free,GPT5-Free,0.9951647318581731,AI,1
GPT5,Free,GPT5-Free,0.007856686160582138,AI,1
GPT5,Free,GPT5-Free,0.9808210815459875,AI,1
GPT5,Free,GPT5-Free,0.6175744223916833,AI,1
GPT5,Free,GPT5-Free,0.9819378904392945,AI,1
GPT5,Free,GPT5-Free,0.9662740107814081,AI,1
GPT5,Free,GPT5-Free,0.952933191676479,AI,1
GPT5,Free,GPT5-Free,0.7868978054951599,AI,1
GPT5,Free,GPT5-Free,0.29944698675210996,AI,1
GPT5,Free,GPT5-Free,0.8363172814216454,AI,1
GPT5,Free,GPT5-Free,0.993657845212173,AI,1
GPT5,Free,GPT5-Free,0.23287520642771978,AI,1
GPT5,Free,GPT5-Free,0.5973746691239052,AI,1
GPT5,Free,GPT5-Free,0.9635228439266481,AI,1
GPT5,Free,GPT5-Free,0.917637776638562,AI,1
GPT5,Free,GPT5-Free,0.9171906408841379,AI,1
GPT5,Free,GPT5-Free,0.9901301737115024,AI,1
GPT5,Free,GPT5-Free,0.323521536543725,AI,1
GPT5,Free,GPT5-Free,0.8295241837199309,AI,1
GPT5,Free,GPT5-Free,0.9047304120308864,AI,1
GPT5,Free,GPT5-Free,0.9988395620413105,AI,1
GPT5,Free,GPT5-Free,0.9598492545886318,AI,1
GPT5,Free,GPT5-Free,0.8496898579258106,AI,1
GPT5,Free,GPT5-Free,0.9032763549119991,AI,1
GPT5,Free,GPT5-Free,0.999654463509513,AI,1
GPT5,Free,GPT5-Free,0.9991679802310798,AI,1
GPT5,Free,GPT5-Free,0.9999405925348294,AI,1
GPT5,Free,GPT5-Free,0.20013410072194046,AI,1
GPT5,Free,GPT5-Free,0.9589256589937926,AI,1
GPT5,Free,GPT5-Free,0.7218357515760446,AI,1
GPT5,Free,GPT5-Free,0.9999336071982534,AI,1
GPT5,Free,GPT5-Free,0.929882997309447,AI,1
GPT5,Free,GPT5-Free,0.9981001496240135,AI,1
GPT5,Free,GPT5-Free,0.4080145698617253,AI,1
GPT5,Free,GPT5-Free,0.9993968764924224,AI,1
GPT5,Free,GPT5-Free,0.9999060162753125,AI,1
GPT5,Free,GPT5-Free,0.9995429498443396,AI,1
GPT5,Free,GPT5-Free,0.9584084035925667,AI,1
GPT5,Free,GPT5-Free,0.8491543998823158,AI,1
GPT5,Free,GPT5-Free,0.681769541249057,AI,1
GPT5,Free,GPT5-Free,0.994368974726711,AI,1
GPT5,Free,GPT5-Free,0.25109545348784346,AI,1
GPT5,Free,GPT5-Free,0.994191614211059,AI,1
GPT5,Free,GPT5-Free,0.475184413257831,AI,1
GPT5,Free,GPT5-Free,0.9941209915596222,AI,1
GPT5,Free,GPT5-Free,0.9771771820658851,AI,1
GPT5,Free,GPT5-Free,0.8723581528086541,AI,1
GPT5,Free,GPT5-Free,0.9956697904838085,AI,1
GPT5,Free,GPT5-Free,0.49862696970451814,AI,1
GPT5,Free,GPT5-Free,0.9976742031335031,AI,1
GPT5,Free,GPT5-Free,0.9999296172474331,AI,1
GPT5,Free,GPT5-Free,0.9976134342732574,AI,1
GPT5,Free,GPT5-Free,0.6230447127099465,AI,1
GPT5,Free,GPT5-Free,0.990205364340804,AI,1
GPT5,Free,GPT5-Free,0.9261242112880558,AI,1
GPT5,Free,GPT5-Free,0.9864506939623995,AI,1
GPT5,Free,GPT5-Free,0.9970465731328954,AI,1
GPT5,Free,GPT5-Free,0.17751458749064278,AI,1
GPT5,Free,GPT5-Free,0.7004329380524268,AI,1
GPT5,Free,GPT5-Free,0.8508817051500651,AI,1
GPT5,Free,GPT5-Free,0.6721358979196734,AI,1
GPT5,Free,GPT5-Free,0.8630134303155319,AI,1
GPT5,Free,GPT5-Free,0.999696981070783,AI,1
GPT5,Free,GPT5-Free,0.9931858823765799,AI,1
GPT5,Free,GPT5-Free,0.9484020327705129,AI,1
GPT5,Free,GPT5-Free,0.7166066888760785,AI,1
GPT5,Free,GPT5-Free,0.7357141106757239,AI,1
GPT5,Free,GPT5-Free,0.7822190566311371,AI,1
GPT5,Free,GPT5-Free,0.4548059741852218,AI,1
GPT5,Free,GPT5-Free,0.14164785739999403,AI,1
GPT5,Free,GPT5-Free,0.9968432878435192,AI,1
GPT5,Free,GPT5-Free,0.9826225316479831,AI,1
GPT5,Free,GPT5-Free,0.6993853525027364,AI,1
GPT5,Free,GPT5-Free,0.9875713573854116,AI,1
GPT5,Free,GPT5-Free,0.9234015137149936,AI,1
GPT5,Free,GPT5-Free,0.05691029568272869,AI,1
GPT5,Free,GPT5-Free,0.9306664104742164,AI,1
GPT5,Free,GPT5-Free,0.32549898578239905,AI,1
GPT5,Free,GPT5-Free,0.9718066742040339,AI,1
GPT5,Free,GPT5-Free,0.9756286181483353,AI,1
GPT5,Free,GPT5-Free,0.7730579045853848,AI,1
GPT5,Free,GPT5-Free,0.8348128073137606,AI,1
GPT5,Free,GPT5-Free,0.40520279781627205,AI,1
GPT5,Free,GPT5-Free,0.9898229248186001,AI,1
GPT5,Free,GPT5-Free,0.9898822171438232,AI,1
GPT5,Free,GPT5-Free,0.9945013051831598,AI,1
GPT5,Free,GPT5-Free,0.9981217720644167,AI,1
GPT5,Free,GPT5-Free,0.9867229073806516,AI,1
GPT5,Free,GPT5-Free,0.9955366503344266,AI,1
GPT5,Free,GPT5-Free,0.6131374887429601,AI,1
GPT5,Free,GPT5-Free,0.9723691336429326,AI,1
GPT5,Free,GPT5-Free,0.9999683803737175,AI,1
GPT5,Free,GPT5-Free,0.993160102499851,AI,1
GPT5,Free,GPT5-Free,0.9989533700007477,AI,1
GPT5,Free,GPT5-Free,0.946324574816435,AI,1
GPT5,Free,GPT5-Free,0.6597001011799026,AI,1
GPT5,Free,GPT5-Free,0.4478181392941975,AI,1
GPT5,Free,GPT5-Free,0.9937109588792714,AI,1
GPT5,Free,GPT5-Free,0.9990260567369583,AI,1
GPT5,Free,GPT5-Free,0.9994576908935348,AI,1
GPT5,Free,GPT5-Free,0.9379140645515448,AI,1
GPT5,Free,GPT5-Free,0.98750998650069,AI,1
GPT5,Free,GPT5-Free,0.03299105424920846,AI,1
GPT5,Free,GPT5-Free,0.17636495965448992,AI,1
GPT5,Free,GPT5-Free,0.9987594290779221,AI,1
GPT5,Free,GPT5-Free,0.939616627725851,AI,1
GPT5,Free,GPT5-Free,0.9943182240010324,AI,1
GPT5,Free,GPT5-Free,0.9973009871392402,AI,1
GPT5,Free,GPT5-Free,0.9994418674614992,AI,1
GPT5,Free,GPT5-Free,0.9981410003002534,AI,1
GPT5,Free,GPT5-Free,0.9883208167397033,AI,1
GPT5,Free,GPT5-Free,0.9930579370816005,AI,1
GPT5,Free,GPT5-Free,0.9999482559174631,AI,1
GPT5,Free,GPT5-Free,0.9756788852450479,AI,1
GPT5,Free,GPT5-Free,0.7908244165638405,AI,1
GPT5,Free,GPT5-Free,0.5694309091098879,AI,1
GPT5,Free,GPT5-Free,0.9024933317915356,AI,1
GPT5,Free,GPT5-Free,0.9185426653972573,AI,1
GPT5,Free,GPT5-Free,0.872402426603805,AI,1
GPT5,Free,GPT5-Free,0.635206699128421,AI,1
GPT5,Free,GPT5-Free,0.7230235008581385,AI,1
GPT5,Free,GPT5-Free,0.9563054365156103,AI,1
GPT5,Free,GPT5-Free,0.9993428418621374,AI,1
GPT5,Free,GPT5-Free,0.6838270672027696,AI,1
GPT5,Free,GPT5-Free,0.7386473719592902,AI,1
GPT5,Free,GPT5-Free,0.9675729335542058,AI,1
GPT5,Free,GPT5-Free,0.989440029345697,AI,1
GPT5,Free,GPT5-Free,0.9429282694689661,AI,1
GPT5,Free,GPT5-Free,0.9888869961593443,AI,1
GPT5,Free,GPT5-Free,0.9888046918121701,AI,1
GPT5,Free,GPT5-Free,0.7231168869942781,AI,1
GPT5,Free,GPT5-Free,0.8911272751773537,AI,1
GPT5,Free,GPT5-Free,0.9254350113797606,AI,1
GPT5,Free,GPT5-Free,0.9729543361862267,AI,1
GPT5,Free,GPT5-Free,0.43503969856704344,AI,1
GPT5,Free,GPT5-Free,0.9838074187587122,AI,1
GPT5,Free,GPT5-Free,0.9922877752169842,AI,1
GPT5,Free,GPT5-Free,0.9745914106582089,AI,1
GPT5,Free,GPT5-Free,0.40851975793880013,AI,1
GPT5,Free,GPT5-Free,0.33122624386970656,AI,1
GPT5,Free,GPT5-Free,0.9867997792409455,AI,1
GPT5,Free,GPT5-Free,0.6616688186939633,AI,1
GPT5,Free,GPT5-Free,0.5481908691671038,AI,1
GPT5,Free,GPT5-Free,0.9933623812811434,AI,1
GPT5,Free,GPT5-Free,0.9983637943085668,AI,1
GPT5,Free,GPT5-Free,0.9797878095025173,AI,1
GPT5,Free,GPT5-Free,0.9829170152223334,AI,1
GPT5,Free,GPT5-Free,0.9998908528605105,AI,1
GPT5,Free,GPT5-Free,0.9699569791612284,AI,1
GPT5,Free,GPT5-Free,0.800134423807212,AI,1
GPT5,Free,GPT5-Free,0.9841600239913313,AI,1
GPT5,Free,GPT5-Free,0.999614932433912,AI,1
GPT5,Free,GPT5-Free,0.9733640278516524,AI,1
GPT5,Free,GPT5-Free,0.9985947673296094,AI,1
GPT5,Free,GPT5-Free,0.9997143769961933,AI,1
GPT5,Free,GPT5-Free,0.9947926421188419,AI,1
GPT5,Free,GPT5-Free,0.6589315972792761,AI,1
GPT5,Free,GPT5-Free,0.9010696359249531,AI,1
GPT5,Free,GPT5-Free,0.9518334429529104,AI,1
GPT5,Free,GPT5-Free,0.9571022316195671,AI,1
GPT5,Free,GPT5-Free,0.9938737929731709,AI,1
GPT5,Free,GPT5-Free,0.9976942330897385,AI,1
GPT5,Free,GPT5-Free,0.9708096980531862,AI,1
GPT5,Free,GPT5-Free,0.9991036290832539,AI,1
GPT5,Free,GPT5-Free,0.970007763601597,AI,1
GPT5,Free,GPT5-Free,0.9980674226656924,AI,1
GPT5,Free,GPT5-Free,0.9784007848864936,AI,1
GPT5,Free,GPT5-Free,0.09423324895195748,AI,1
GPT5,Free,GPT5-Free,0.2575552373769896,AI,1
GPT5,Free,GPT5-Free,0.07211589201913422,AI,1
GPT5,Free,GPT5-Free,0.9261623159989665,AI,1
GPT5,Free,GPT5-Free,0.9986323439953269,AI,1
GPT5,Free,GPT5-Free,0.18697127360845536,AI,1
GPT5,Free,GPT5-Free,0.8324859403246028,AI,1
GPT5,Free,GPT5-Free,0.9990746512459587,AI,1
GPT5,Free,GPT5-Free,0.9904540694525352,AI,1
GPT5,Free,GPT5-Free,0.19395585716824842,AI,1
GPT5,Free,GPT5-Free,0.04045880832882673,AI,1
GPT5,Free,GPT5-Free,0.9190081342118585,AI,1
GPT5,Free,GPT5-Free,0.7517863358616722,AI,1
GPT5,Free,GPT5-Free,0.687797321002937,AI,1
GPT5,Free,GPT5-Free,0.1470480562568596,AI,1
GPT5,Free,GPT5-Free,0.11880420442960399,AI,1
GPT5,Free,GPT5-Free,0.9617502127614675,AI,1
GPT5,Free,GPT5-Free,0.7814324497486371,AI,1
GPT5,Free,GPT5-Free,0.8269728424955654,AI,1
GPT5,Free,GPT5-Free,0.007573625344929803,AI,1
GPT5,Free,GPT5-Free,0.9469393523587115,AI,1
GPT5,Free,GPT5-Free,0.0733003555429656,AI,1
GPT5,Free,GPT5-Free,0.17709819052200979,AI,1
GPT5,Free,GPT5-Free,0.08678625550787711,AI,1
GPT5,Free,GPT5-Free,0.9980227745960889,AI,1
GPT5,Free,GPT5-Free,0.4872726945953274,AI,1
GPT5,Free,GPT5-Free,0.9945267909552841,AI,1
GPT5,Free,GPT5-Free,0.9912881219282419,AI,1
GPT5,Free,GPT5-Free,0.9973745632133825,AI,1
GPT5,Free,GPT5-Free,0.9890947918763883,AI,1
GPT5,Free,GPT5-Free,0.9427887508808225,AI,1
GPT5,Free,GPT5-Free,0.069896393059571,AI,1
GPT5,Free,GPT5-Free,0.9365902041897415,AI,1
GPT5,Free,GPT5-Free,0.8099591040566677,AI,1
GPT5,Free,GPT5-Free,0.7867679971970364,AI,1
GPT5,Free,GPT5-Free,0.12802178912119977,AI,1
GPT5,Free,GPT5-Free,0.966639968344303,AI,1
GPT5,Free,GPT5-Free,0.9989512480210501,AI,1
GPT5,Free,GPT5-Free,0.660512430685297,AI,1
GPT5,Free,GPT5-Free,0.4349145023035185,AI,1
GPT5,Free,GPT5-Free,0.9551467064237972,AI,1
GPT5,Free,GPT5-Free,0.9839961196191362,AI,1
GPT5,Free,GPT5-Free,0.6291124819466178,AI,1
GPT5,Free,GPT5-Free,0.9701656732522462,AI,1
GPT5,Free,GPT5-Free,0.8925166451510301,AI,1
GPT5,Free,GPT5-Free,0.9752467425788897,AI,1
GPT5,Free,GPT5-Free,0.8747389063830463,AI,1
GPT5,Free,GPT5-Free,0.14801700135298096,AI,1
GPT5,Free,GPT5-Free,0.9859284550066227,AI,1
GPT5,Free,GPT5-Free,0.9980533296372839,AI,1
GPT5,Free,GPT5-Free,0.6030638119204181,AI,1
GPT5,Free,GPT5-Free,0.9833716689712769,AI,1
GPT5,Free,GPT5-Free,0.8420647633896536,AI,1
GPT5,Free,GPT5-Free,0.9446257000945455,AI,1
GPT5,Free,GPT5-Free,0.9891539954150107,AI,1
GPT5,Free,GPT5-Free,0.12360971119646255,AI,1
GPT5,Free,GPT5-Free,0.9342399410166291,AI,1
GPT5,Free,GPT5-Free,0.02639408701885111,AI,1
GPT5,Free,GPT5-Free,0.8418855879396665,AI,1
GPT5,Free,GPT5-Free,0.9245771465801161,AI,1
GPT5,Free,GPT5-Free,0.9994092051906956,AI,1
GPT5,Free,GPT5-Free,0.06088048144332309,AI,1
GPT5,Free,GPT5-Free,0.511702958326753,AI,1
GPT5,Free,GPT5-Free,0.9713010510977543,AI,1
GPT5,Free,GPT5-Free,0.22571872506924268,AI,1
GPT5,Free,GPT5-Free,0.025125693208343042,AI,1
GPT5,Free,GPT5-Free,0.9153468544026474,AI,1
GPT5,Free,GPT5-Free,0.7596977392916638,AI,1
GPT5,Free,GPT5-Free,0.9686824795813245,AI,1
GPT5,Free,GPT5-Free,0.3356154975223194,AI,1
GPT5,Free,GPT5-Free,0.7248654550849446,AI,1
GPT5,Free,GPT5-Free,0.532627167173186,AI,1
GPT5,Free,GPT5-Free,0.9563653874884457,AI,1
GPT5,Free,GPT5-Free,0.8676100507086175,AI,1
GPT5,Free,GPT5-Free,0.8429907455138301,AI,1
GPT5,Free,GPT5-Free,0.9290498729573248,AI,1
GPT5,Free,GPT5-Free,0.24425846039551835,AI,1
GPT5,Free,GPT5-Free,0.9691432762143033,AI,1
GPT5,Free,GPT5-Free,0.028778873822512437,AI,1
GPT5,Free,GPT5-Free,0.9991472551246496,AI,1
GPT5,Free,GPT5-Free,0.9139071319199509,AI,1
GPT5,Free,GPT5-Free,0.7249953601371587,AI,1
GPT5,Free,GPT5-Free,0.9932400168265489,AI,1
GPT5,Free,GPT5-Free,0.9984102440890589,AI,1
GPT5,Free,GPT5-Free,0.9835832702256164,AI,1
GPT5,Free,GPT5-Free,0.9982488785536936,AI,1
GPT5,Free,GPT5-Free,0.9903774597102035,AI,1
GPT5,Free,GPT5-Free,0.9998405054253138,AI,1
GPT5,Free,GPT5-Free,0.9502699270606597,AI,1
GPT5,Free,GPT5-Free,0.8923865663935244,AI,1
GPT5,Free,GPT5-Free,0.9704264468397142,AI,1
GPT5,Free,GPT5-Free,0.977935567407819,AI,1
GPT5,Free,GPT5-Free,0.9854254505565959,AI,1
GPT5,Free,GPT5-Free,0.9683698775098039,AI,1
GPT5,Free,GPT5-Free,0.713375787956886,AI,1
GPT5,Free,GPT5-Free,0.9930508250163379,AI,1
GPT5,Free,GPT5-Free,0.9618203353895888,AI,1
GPT5,Free,GPT5-Free,0.7731308994381767,AI,1
GPT5,Free,GPT5-Free,0.9992379420833162,AI,1
GPT5,Free,GPT5-Free,0.9229293808067972,AI,1
GPT5,Free,GPT5-Free,0.9687018819229933,AI,1
GPT5,Free,GPT5-Free,0.9626410355766047,AI,1
GPT5,Free,GPT5-Free,0.9431058091564336,AI,1
GPT5,Free,GPT5-Free,0.9903430766170547,AI,1
GPT5,Free,GPT5-Free,0.2538277067641319,AI,1
GPT5,Free,GPT5-Free,0.5640484034791629,AI,1
GPT5,Free,GPT5-Free,0.5833578170508628,AI,1
GPT5,Free,GPT5-Free,0.26571727526244737,AI,1
GPT5,Free,GPT5-Free,0.9753047737258355,AI,1
GPT5,Free,GPT5-Free,0.9432322121579767,AI,1
GPT5,Free,GPT5-Free,0.9722645747754666,AI,1
GPT5,Free,GPT5-Free,0.9658885159173639,AI,1
GPT5,Free,GPT5-Free,0.036280228440741843,AI,1
GPT5,Free,GPT5-Free,0.02830017707736753,AI,1
GPT5,Free,GPT5-Free,0.005572780037906462,AI,1
GPT5,Free,GPT5-Free,0.000983554085198545,AI,1
GPT5,Free,GPT5-Free,0.312688213433717,AI,1
GPT5,Free,GPT5-Free,0.0006966028837709106,AI,1
GPT5,Free,GPT5-Free,0.9032652772283963,AI,1
GPT5,Free,GPT5-Free,0.02714991555473392,AI,1
GPT5,Free,GPT5-Free,0.21389459732163862,AI,1
GPT5,Free,GPT5-Free,0.7484047459770053,AI,1
GPT5,Free,GPT5-Free,0.8388558751152417,AI,1
GPT5,Free,GPT5-Free,0.8749540577754794,AI,1
GPT5,Free,GPT5-Free,0.9917690705450237,AI,1
GPT5,Free,GPT5-Free,0.9802987253743832,AI,1
GPT5,Free,GPT5-Free,0.3944838844571747,AI,1
GPT5,Free,GPT5-Free,0.9910079202167714,AI,1
GPT5,Free,GPT5-Free,0.126670895347232,AI,1
GPT5,Free,GPT5-Free,0.660952596419601,AI,1
GPT5,Free,GPT5-Free,0.9834979193348078,AI,1
GPT5,Free,GPT5-Free,0.9917991471610833,AI,1
GPT5,Free,GPT5-Free,0.9646307411697758,AI,1
GPT5,Free,GPT5-Free,0.9999455175128839,AI,1
GPT5,Free,GPT5-Free,0.993670757524999,AI,1
GPT5,Free,GPT5-Free,0.9617562324529598,AI,1
GPT5,Free,GPT5-Free,0.9966735389788994,AI,1
GPT5,Free,GPT5-Free,0.245300537124655,AI,1
GPT5,Free,GPT5-Free,0.7429677253882251,AI,1
GPT5,Free,GPT5-Free,0.9160490761323387,AI,1
GPT5,Free,GPT5-Free,0.9631817217648537,AI,1
GPT5,Free,GPT5-Free,0.2587481749256058,AI,1
GPT5,Free,GPT5-Free,0.5258715015542704,AI,1
GPT5,Free,GPT5-Free,0.995192173570128,AI,1
GPT5,Free,GPT5-Free,0.9565009234264567,AI,1
GPT5,Free,GPT5-Free,0.9603582007982736,AI,1
GPT5,Free,GPT5-Free,0.214986022420589,AI,1
GPT5,Free,GPT5-Free,0.7638804721192652,AI,1
GPT5,Free,GPT5-Free,0.9414531030139679,AI,1
GPT5,Free,GPT5-Free,0.9909298484717048,AI,1
GPT5,Free,GPT5-Free,0.9756306848053942,AI,1
GPT5,Free,GPT5-Free,0.787013045347384,AI,1
GPT5,Free,GPT5-Free,0.9109013019396669,AI,1
GPT5,Free,GPT5-Free,0.9833753230063955,AI,1
GPT5,Free,GPT5-Free,0.9772277909112178,AI,1
GPT5,Free,GPT5-Free,0.940752252085291,AI,1
GPT5,Free,GPT5-Free,0.02052711617407837,AI,1
GPT5,Free,GPT5-Free,0.6873405785953598,AI,1
GPT5,Free,GPT5-Free,0.9407134587316234,AI,1
GPT5,Free,GPT5-Free,0.8704785541640432,AI,1
GPT5,Free,GPT5-Free,0.8197054504691252,AI,1
GPT5,Free,GPT5-Free,0.0025687491456767037,AI,1
GPT5,Free,GPT5-Free,0.9367881651981125,AI,1
GPT5,Free,GPT5-Free,0.7334236287212349,AI,1
GPT5,Free,GPT5-Free,0.7767556028497727,AI,1
GPT5,Free,GPT5-Free,0.044792419399298934,AI,1
GPT5,Free,GPT5-Free,0.11561045157212264,AI,1
GPT5,Free,GPT5-Free,0.9948756008160986,AI,1
GPT5,Free,GPT5-Free,0.12657845792498285,AI,1
GPT5,Free,GPT5-Free,0.9562783727765769,AI,1
GPT5,Free,GPT5-Free,0.03713699221821787,AI,1
GPT5,Free,GPT5-Free,0.8364988207609907,AI,1
GPT5,Free,GPT5-Free,0.9997007960048179,AI,1
GPT5,Free,GPT5-Free,0.5266693573507889,AI,1
GPT5,Free,GPT5-Free,0.3616399207896164,AI,1
GPT5,Free,GPT5-Free,0.7097457408693606,AI,1
GPT5,Free,GPT5-Free,0.9901233643916756,AI,1
GPT5,Free,GPT5-Free,0.004219910045367069,AI,1
GPT5,Free,GPT5-Free,0.7431589048535951,AI,1
GPT5,Free,GPT5-Free,0.010460600443182129,AI,1
GPT5,Free,GPT5-Free,0.9892905144969593,AI,1
GPT5,Free,GPT5-Free,0.9542200537039813,AI,1
GPT5,Free,GPT5-Free,0.942351002403307,AI,1
GPT5,Free,GPT5-Free,0.9777160162856043,AI,1
GPT5,Free,GPT5-Free,0.9888391987734442,AI,1
GPT5,Free,GPT5-Free,0.9946889498278619,AI,1
GPT5,Free,GPT5-Free,0.9689418908051535,AI,1
GPT5,Free,GPT5-Free,0.9899492233038237,AI,1
GPT5,Free,GPT5-Free,0.9764721182481959,AI,1
GPT5,Free,GPT5-Free,0.07117092980576645,AI,1
GPT5,Free,GPT5-Free,0.9403970459964813,AI,1
GPT5,Free,GPT5-Free,0.9981199484169381,AI,1
GPT5,Free,GPT5-Free,0.02115524544130332,AI,1
GPT5,Free,GPT5-Free,0.5948306505526448,AI,1
GPT5,Free,GPT5-Free,0.9995501302894774,AI,1
GPT5,Free,GPT5-Free,0.9959358258410844,AI,1
GPT5,Free,GPT5-Free,0.9600545981438813,AI,1
GPT5,Free,GPT5-Free,0.99879214334083,AI,1
GPT5,Free,GPT5-Free,0.27347002509752055,AI,1
GPT5,Free,GPT5-Free,0.42704581094444116,AI,1
GPT5,Free,GPT5-Free,0.9958575184059231,AI,1
GPT5,Free,GPT5-Free,0.9931109154915662,AI,1
GPT5,Free,GPT5-Free,0.7543855009443508,AI,1
GPT5,Free,GPT5-Free,0.543440621622973,AI,1
GPT5,Free,GPT5-Free,0.9013828636753055,AI,1
GPT5,Free,GPT5-Free,0.9398123108657854,AI,1
GPT5,Free,GPT5-Free,0.1286284728934239,AI,1
GPT5,Free,GPT5-Free,0.9851520318063747,AI,1
GPT5,Free,GPT5-Free,0.7669160932601707,AI,1
GPT5,Free,GPT5-Free,0.9962872547629639,AI,1
GPT5,Free,GPT5-Free,0.7685276872586142,AI,1
GPT5,Free,GPT5-Free,0.9995429329289582,AI,1
GPT5,Free,GPT5-Free,0.9931118595123004,AI,1
GPT5,Free,GPT5-Free,0.45912292352528244,AI,1
GPT5,Free,GPT5-Free,0.9824435278147069,AI,1
GPT5,Free,GPT5-Free,0.8409511804001754,AI,1
GPT5,Free,GPT5-Free,0.8671171850960393,AI,1
GPT5,Free,GPT5-Free,0.9878120126912296,AI,1
GPT5,Free,GPT5-Free,0.9927400691895253,AI,1
GPT5,Free,GPT5-Free,0.813950964863645,AI,1
GPT5,Free,GPT5-Free,0.9940854506655356,AI,1
GPT5,Free,GPT5-Free,0.873367906292729,AI,1
GPT5,Free,GPT5-Free,0.9709523156069058,AI,1
GPT5,Free,GPT5-Free,0.3734179802653103,AI,1
GPT5,Free,GPT5-Free,0.3160586922654676,AI,1
GPT5,Free,GPT5-Free,0.8911595598739503,AI,1
GPT5,Free,GPT5-Free,0.7029587305959026,AI,1
GPT5,Free,GPT5-Free,0.9883969577947235,AI,1
GPT5,Free,GPT5-Free,0.29452360248126325,AI,1
GPT5,Free,GPT5-Free,0.73729250188012,AI,1
GPT5,Free,GPT5-Free,0.9727965592398551,AI,1
GPT5,Free,GPT5-Free,0.567951610268042,AI,1
GPT5,Free,GPT5-Free,0.985458237051252,AI,1
GPT5,Free,GPT5-Free,0.6979339432584086,AI,1
GPT5,Free,GPT5-Free,0.997535393453823,AI,1
GPT5,Free,GPT5-Free,0.6606994389326165,AI,1
GPT5,Free,GPT5-Free,0.07046684366114574,AI,1
GPT5,Free,GPT5-Free,0.9518137782214171,AI,1
GPT5,Free,GPT5-Free,0.408026854901928,AI,1
GPT5,Free,GPT5-Free,0.6515882060561631,AI,1
GPT5,Free,GPT5-Free,0.9790863417908621,AI,1
GPT5,Free,GPT5-Free,0.9999969589313027,AI,1
GPT5,Free,GPT5-Free,0.02746112079549342,AI,1
GPT5,Free,GPT5-Free,0.16074725567650888,AI,1
GPT5,Free,GPT5-Free,0.19460612892440626,AI,1
GPT5,Free,GPT5-Free,0.4477797370320263,AI,1
GPT5,Free,GPT5-Free,0.9827746615805208,AI,1
GPT5,Free,GPT5-Free,0.28073770130514575,AI,1
GPT5,Free,GPT5-Free,0.6603336074206511,AI,1
GPT5,Free,GPT5-Free,0.9970006124182641,AI,1
GPT5,Free,GPT5-Free,0.012063088643030448,AI,1
GPT5,Free,GPT5-Free,0.46205400432853333,AI,1
GPT5,Free,GPT5-Free,0.9966894281493168,AI,1
GPT5,Free,GPT5-Free,0.9987067196974444,AI,1
GPT5,Free,GPT5-Free,0.9769204781449614,AI,1
GPT5,Free,GPT5-Free,0.9981619180139745,AI,1
GPT5,Free,GPT5-Free,0.644754535476061,AI,1
GPT5,Free,GPT5-Free,0.9964530506085468,AI,1
GPT5,Free,GPT5-Free,0.9846378147402389,AI,1
GPT5,Free,GPT5-Free,0.9977737578991965,AI,1
GPT5,Free,GPT5-Free,0.957065493205694,AI,1
GPT5,Free,GPT5-Free,0.9986332767985073,AI,1
GPT5,Free,GPT5-Free,0.9942029165275652,AI,1
GPT5,Free,GPT5-Free,0.9389078002801836,AI,1
GPT5,Free,GPT5-Free,0.6374398161805896,AI,1
GPT5,Free,GPT5-Free,0.2902814756519565,AI,1
GPT5,Free,GPT5-Free,0.9865983865425271,AI,1
GPT5,Free,GPT5-Free,0.9915801028060013,AI,1
GPT5,Free,GPT5-Free,0.9909375647021136,AI,1
GPT5,Free,GPT5-Free,0.982145844486306,AI,1
GPT5,Free,GPT5-Free,0.9799893789049665,AI,1
GPT5,Free,GPT5-Free,0.9877738275472966,AI,1
GPT5,Free,GPT5-Free,0.43349601233070223,AI,1
GPT5,Free,GPT5-Free,0.956600850727092,AI,1
GPT5,Free,GPT5-Free,0.9588546176121284,AI,1
GPT5,Free,GPT5-Free,0.9994698779011383,AI,1
GPT5,Free,GPT5-Free,0.9965799722863126,AI,1
GPT5,Free,GPT5-Free,0.9999044027436591,AI,1
GPT5,Free,GPT5-Free,0.9692107910160892,AI,1
GPT5,Free,GPT5-Free,0.9999947726186071,AI,1
GPT5,Free,GPT5-Free,0.9467211317289699,AI,1
GPT5,Free,GPT5-Free,0.8058812102729951,AI,1
GPT5,Free,GPT5-Free,0.9758475055326122,AI,1
GPT5,Free,GPT5-Free,0.9999212636374945,AI,1
GPT5,Free,GPT5-Free,0.9997793238021923,AI,1
GPT5,Free,GPT5-Free,0.9042217411358496,AI,1
GPT5,Free,GPT5-Free,0.9973584988160878,AI,1
GPT5,Free,GPT5-Free,0.9994425429061178,AI,1
GPT5,Free,GPT5-Free,0.974960883661434,AI,1
GPT5,Free,GPT5-Free,0.46348699488767175,AI,1
GPT5,Free,GPT5-Free,0.8927709072389541,AI,1
GPT5,Free,GPT5-Free,0.7252754891653078,AI,1
GPT5,Free,GPT5-Free,0.724239452262268,AI,1
GPT5,Free,GPT5-Free,0.9992685884056661,AI,1
GPT5,Free,GPT5-Free,0.9905538286816744,AI,1
GPT5,Free,GPT5-Free,0.514907764736545,AI,1
GPT5,Free,GPT5-Free,0.9567829644255312,AI,1
GPT5,Free,GPT5-Free,0.8827907758427364,AI,1
GPT5,Free,GPT5-Free,0.9112195702217514,AI,1
GPT5,Free,GPT5-Free,0.9273847721670844,AI,1
GPT5,Free,GPT5-Free,0.8271962096675742,AI,1
GPT5,Free,GPT5-Free,0.7457227457351786,AI,1
GPT5,Free,GPT5-Free,0.1481614320499373,AI,1
GPT5,Free,GPT5-Free,0.9904551547277627,AI,1
GPT5,Free,GPT5-Free,0.9753115388305694,AI,1
GPT5,Free,GPT5-Free,0.996753497955191,AI,1
GPT5,Free,GPT5-Free,0.27896776393368167,AI,1
GPT5,Free,GPT5-Free,0.830553105961162,AI,1
GPT5,Free,GPT5-Free,0.9917164681967751,AI,1
GPT5,Free,GPT5-Free,0.9832903048907455,AI,1
GPT5,Free,GPT5-Free,0.594016269000644,AI,1
GPT5,Free,GPT5-Free,0.9831466096981355,AI,1
GPT5,Free,GPT5-Free,0.37752441517026597,AI,1
GPT5,Free,GPT5-Free,0.33958833868948907,AI,1
GPT5,Free,GPT5-Free,0.9129846921158757,AI,1
GPT5,Free,GPT5-Free,0.46964801003984913,AI,1
GPT5,Free,GPT5-Free,0.9877262622643447,AI,1
GPT5,Free,GPT5-Free,0.9201665301398382,AI,1
GPT5,Free,GPT5-Free,0.6092459707323346,AI,1
GPT5,Free,GPT5-Free,0.8545818618038654,AI,1
GPT5,Free,GPT5-Free,0.9376619122321865,AI,1
GPT5,Free,GPT5-Free,0.9999608059844906,AI,1
GPT5,Free,GPT5-Free,0.9994947414029981,AI,1
GPT5,Free,GPT5-Free,0.998554154437176,AI,1
GPT5,Free,GPT5-Free,0.9421944403357717,AI,1
GPT5,Free,GPT5-Free,0.5643218668607262,AI,1
GPT5,Free,GPT5-Free,0.22848148267214607,AI,1
GPT5,Free,GPT5-Free,0.9947627166802185,AI,1
GPT5,Free,GPT5-Free,0.725136330364265,AI,1
GPT5,Free,GPT5-Free,0.7193702311679442,AI,1
GPT5,Free,GPT5-Free,0.6169370365067548,AI,1
GPT5,Free,GPT5-Free,0.9542891119971,AI,1
GPT5,Free,GPT5-Free,0.9407897994091109,AI,1
GPT5,Free,GPT5-Free,0.9998523669581847,AI,1
GPT5,Free,GPT5-Free,0.6010624134283339,AI,1
GPT5,Free,GPT5-Free,0.8554878613898786,AI,1
GPT5,Free,GPT5-Free,0.9642828131239556,AI,1
GPT5,Free,GPT5-Free,0.9971884853834881,AI,1
GPT5,Free,GPT5-Free,0.2523302235314727,AI,1
GPT5,Free,GPT5-Free,0.9602420339000141,AI,1
GPT5,Free,GPT5-Free,0.8928019953540373,AI,1
GPT5,Free,GPT5-Free,0.9976323757576021,AI,1
GPT5,Free,GPT5-Free,0.9059253248233653,AI,1
GPT5,Free,GPT5-Free,0.9817539694985216,AI,1
GPT5,Free,GPT5-Free,0.9974818559516184,AI,1
GPT5,Free,GPT5-Free,0.9751022288060545,AI,1
GPT5,Free,GPT5-Free,0.9971729541800022,AI,1
GPT5,Free,GPT5-Free,0.9802293746945991,AI,1
GPT5,Free,GPT5-Free,0.9995172035170651,AI,1
GPT5,Free,GPT5-Free,0.99948211810023,AI,1
GPT5,Free,GPT5-Free,0.9957079902195183,AI,1
GPT5,Free,GPT5-Free,0.9956466485047875,AI,1
GPT5,Free,GPT5-Free,0.4687936706661321,AI,1
GPT5,Free,GPT5-Free,0.6930168865964772,AI,1
GPT5,Free,GPT5-Free,0.13020809132372407,AI,1
GPT5,Free,GPT5-Free,0.9689581739151891,AI,1
GPT5,Free,GPT5-Free,0.9695109324093152,AI,1
GPT5,Free,GPT5-Free,0.49634384533322007,AI,1
GPT5,Free,GPT5-Free,0.8357172145261342,AI,1
GPT5,Free,GPT5-Free,0.9806910795002282,AI,1
GPT5,Free,GPT5-Free,0.999658329696876,AI,1
GPT5,Free,GPT5-Free,0.9859952465628664,AI,1
GPT5,Free,GPT5-Free,0.9987758056240547,AI,1
GPT5,Free,GPT5-Free,0.8882313448884005,AI,1
GPT5,Free,GPT5-Free,0.9933116431494977,AI,1
GPT5,Free,GPT5-Free,0.8010838664902686,AI,1
GPT5,Free,GPT5-Free,0.9932038670634131,AI,1
GPT5,Free,GPT5-Free,0.9574223208726296,AI,1
GPT5,Free,GPT5-Free,0.8393483641079273,AI,1
GPT5,Free,GPT5-Free,0.9887255074985598,AI,1
GPT5,Free,GPT5-Free,0.999726047483326,AI,1
GPT5,Free,GPT5-Free,0.9891662698689017,AI,1
GPT5,Free,GPT5-Free,0.9493257052578526,AI,1
GPT5,Free,GPT5-Free,0.05094891692446109,AI,1
GPT5,Free,GPT5-Free,0.6396441626380506,AI,1
GPT5,Free,GPT5-Free,0.7282547366797949,AI,1
GPT5,Free,GPT5-Free,0.9961925708191063,AI,1
GPT5,Free,GPT5-Free,0.9793879531679451,AI,1
GPT5,Free,GPT5-Free,0.8161926093530961,AI,1
GPT5,Free,GPT5-Free,0.9829774596083292,AI,1
GPT5,Free,GPT5-Free,0.9998475051392293,AI,1
GPT5,Free,GPT5-Free,0.8779802004297159,AI,1
GPT5,Free,GPT5-Free,0.9575111602068754,AI,1
GPT5,Free,GPT5-Free,0.9291406852301713,AI,1
GPT5,Free,GPT5-Free,0.9883952782939897,AI,1
GPT5,Free,GPT5-Free,0.9412481865266531,AI,1
GPT5,Free,GPT5-Free,0.8726936078612569,AI,1
GPT5,Free,GPT5-Free,0.7179550352651961,AI,1
GPT5,Free,GPT5-Free,0.9350288373077151,AI,1
GPT5,Free,GPT5-Free,0.9848320620993268,AI,1
GPT5,Free,GPT5-Free,0.98697830936323,AI,1
GPT5,Free,GPT5-Free,0.9867007760241975,AI,1
GPT5,Free,GPT5-Free,0.9393995159668775,AI,1
GPT5,Free,GPT5-Free,0.9802810288987336,AI,1
GPT5,Free,GPT5-Free,0.8578570167719854,AI,1
GPT5,Free,GPT5-Free,0.9921118757951781,AI,1
GPT5,Free,GPT5-Free,0.24181715107677776,AI,1
GPT5,Free,GPT5-Free,0.5150414022073989,AI,1
GPT5,Free,GPT5-Free,0.46029606014016905,AI,1
GPT5,Free,GPT5-Free,0.9983538266519011,AI,1
GPT5,Free,GPT5-Free,0.3861071343197546,AI,1
GPT5,Free,GPT5-Free,0.08328271436954987,AI,1
GPT5,Free,GPT5-Free,0.9988025029152727,AI,1
GPT5,Free,GPT5-Free,0.9838231246998079,AI,1
GPT5,Free,GPT5-Free,0.3977825911118646,AI,1
GPT5,Free,GPT5-Free,0.3022352121586629,AI,1
GPT5,Free,GPT5-Free,0.9464360118033848,AI,1
GPT5,Free,GPT5-Free,0.9983863365849858,AI,1
GPT5,Free,GPT5-Free,0.9680869607027399,AI,1
GPT5,Free,GPT5-Free,0.16332043548007338,AI,1
GPT5,Free,GPT5-Free,0.9980236977190259,AI,1
GPT5,Free,GPT5-Free,0.9533870141620753,AI,1
GPT5,Free,GPT5-Free,0.26128964036628344,AI,1
GPT5,Free,GPT5-Free,0.92825718528046,AI,1
GPT5,Free,GPT5-Free,0.9836522976344868,AI,1
GPT5,Free,GPT5-Free,0.8203463141847755,AI,1
GPT5,Free,GPT5-Free,0.8369178163018387,AI,1
GPT5,Free,GPT5-Free,0.2572820165235927,AI,1
GPT5,Free,GPT5-Free,0.16821670122210305,AI,1
GPT5,Free,GPT5-Free,0.8518201172104995,AI,1
GPT5,Free,GPT5-Free,0.5746638622001777,AI,1
GPT5,Free,GPT5-Free,0.9823795327457218,AI,1
GPT5,Free,GPT5-Free,0.7239282386509662,AI,1
GPT5,Free,GPT5-Free,0.01354358009450793,AI,1
GPT5,Free,GPT5-Free,0.9197425120620017,AI,1
GPT5,Free,GPT5-Free,0.9414609566694515,AI,1
GPT5,Free,GPT5-Free,0.2935574926796366,AI,1
GPT5,Free,GPT5-Free,0.9976764959285376,AI,1
GPT5,Free,GPT5-Free,0.9960388450477603,AI,1
GPT5,Free,GPT5-Free,0.9996646472701253,AI,1
GPT5,Free,GPT5-Free,0.7635362940484554,AI,1
GPT5,Free,GPT5-Free,0.9925968124322392,AI,1
GPT5,Free,GPT5-Free,0.9688995657755068,AI,1
GPT5,Free,GPT5-Free,0.999170034688609,AI,1
GPT5,Free,GPT5-Free,0.9947780261666448,AI,1
GPT5,Free,GPT5-Free,0.9516737597644691,AI,1
GPT5,Free,GPT5-Free,0.9322815245523619,AI,1
GPT5,Free,GPT5-Free,0.6333654166402084,AI,1
GPT5,Free,GPT5-Free,0.78858066988909,AI,1
GPT5,Free,GPT5-Free,0.9811657049179899,AI,1
GPT5,Free,GPT5-Free,0.6586730714118844,AI,1
GPT5,Free,GPT5-Free,0.8657497366734705,AI,1
GPT5,Free,GPT5-Free,0.9922514005021592,AI,1
GPT5,Free,GPT5-Free,0.3815768102230286,AI,1
GPT5,Free,GPT5-Free,0.9867788696394165,AI,1
GPT5,Free,GPT5-Free,0.9859617184788345,AI,1
GPT5,Free,GPT5-Free,0.9983636343352532,AI,1
GPT5,Free,GPT5-Free,0.8135948987160054,AI,1
GPT5,Free,GPT5-Free,0.3912833898167375,AI,1
GPT5,Free,GPT5-Free,0.9993743708597879,AI,1
GPT5,Free,GPT5-Free,0.6306270335938321,AI,1
GPT5,Free,GPT5-Free,0.9973595600118007,AI,1
GPT5,Free,GPT5-Free,0.9985907180559851,AI,1
GPT5,Free,GPT5-Free,0.9999667085345647,AI,1
GPT5,Free,GPT5-Free,0.9980201657721456,AI,1
GPT5,Free,GPT5-Free,0.9723656236089228,AI,1
GPT5,Free,GPT5-Free,0.9587350554082384,AI,1
GPT5,Free,GPT5-Free,0.9989031746118681,AI,1
GPT5,Free,GPT5-Free,0.985684301090682,AI,1
GPT5,Free,GPT5-Free,0.6649511566938078,AI,1
GPT5,Free,GPT5-Free,0.930832754027441,AI,1
GPT5,Free,GPT5-Free,0.9799527793398987,AI,1
GPT5,Free,GPT5-Free,0.9960780373609707,AI,1
GPT5,Free,GPT5-Free,0.75587060336321,AI,1
GPT5,Free,GPT5-Free,0.9948316268192829,AI,1
GPT5,Free,GPT5-Free,0.9994045646256138,AI,1
GPT5,Free,GPT5-Free,0.9138405958895208,AI,1
GPT5,Free,GPT5-Free,0.9950712980157709,AI,1
GPT5,Free,GPT5-Free,0.96963698896756,AI,1
GPT5,Free,GPT5-Free,0.994098282216252,AI,1
GPT5,Free,GPT5-Free,0.9568850309736124,AI,1
GPT5,Free,GPT5-Free,0.9328105177573369,AI,1
GPT5,Free,GPT5-Free,0.9991725618231537,AI,1
GPT5,Free,GPT5-Free,0.9950733573085121,AI,1
GPT5,Free,GPT5-Free,0.7119404652334171,AI,1
GPT5,Free,GPT5-Free,0.7875806493541863,AI,1
GPT5,Free,GPT5-Free,0.5786263849572992,AI,1
GPT5,Free,GPT5-Free,0.9961148066392043,AI,1
GPT5,Free,GPT5-Free,0.3509609532655927,AI,1
GPT5,Free,GPT5-Free,0.999682098517774,AI,1
GPT5,Free,GPT5-Free,0.8488731306955252,AI,1
GPT5,Free,GPT5-Free,0.9987783965734609,AI,1
GPT5,Free,GPT5-Free,0.9803671267628097,AI,1
GPT5,Free,GPT5-Free,0.9981470026840243,AI,1
GPT5,Free,GPT5-Free,0.9998967587437618,AI,1
GPT5,Free,GPT5-Free,0.9978236009923858,AI,1
GPT5,Free,GPT5-Free,0.9370317088470799,AI,1
GPT5,Free,GPT5-Free,0.9892903128293303,AI,1
GPT5,Free,GPT5-Free,0.9878862665703672,AI,1
GPT5,Free,GPT5-Free,0.9926465908248612,AI,1
GPT5,Free,GPT5-Free,0.2454160017203769,AI,1
GPT5,Free,GPT5-Free,0.5677992806775395,AI,1
GPT5,Free,GPT5-Free,0.9171354654440752,AI,1
GPT5,Free,GPT5-Free,0.9982103640791833,AI,1
GPT5,Free,GPT5-Free,0.9753431355254321,AI,1
GPT5,Free,GPT5-Free,0.9909219955515189,AI,1
GPT5,Free,GPT5-Free,0.8479735415704782,AI,1
GPT5,Free,GPT5-Free,0.9980671972189639,AI,1
GPT5,Free,GPT5-Free,0.9131495006038429,AI,1
GPT5,Free,GPT5-Free,0.9915377413834549,AI,1
GPT5,Free,GPT5-Free,0.9960179770683562,AI,1
GPT5,Free,GPT5-Free,0.9727726656773807,AI,1
GPT5,Free,GPT5-Free,0.9152754639652013,AI,1
GPT5,Free,GPT5-Free,0.9984814172145674,AI,1
GPT5,Free,GPT5-Free,0.9770785359619942,AI,1
GPT5,Free,GPT5-Free,0.9129615679404244,AI,1
GPT5,Free,GPT5-Free,0.9972473569765584,AI,1
GPT5,Free,GPT5-Free,0.9549271781284357,AI,1
GPT5,Free,GPT5-Free,0.832645161695111,AI,1
GPT5,Free,GPT5-Free,0.9911216613540034,AI,1
GPT5,Free,GPT5-Free,0.9997089053225581,AI,1
GPT5,Free,GPT5-Free,0.8518337673333064,AI,1
GPT5,Free,GPT5-Free,0.9995086954357795,AI,1
GPT5,Free,GPT5-Free,0.9940669449979737,AI,1
GPT5,Free,GPT5-Free,0.9982767558602972,AI,1
GPT5,Free,GPT5-Free,0.9434327447097229,AI,1
GPT5,Free,GPT5-Free,0.8395392232120149,AI,1
GPT5,Free,GPT5-Free,0.9995274962090314,AI,1
GPT5,Free,GPT5-Free,0.9991487444080922,AI,1
GPT5,Free,GPT5-Free,0.9990763860287145,AI,1
GPT5,Free,GPT5-Free,0.9973038803104177,AI,1
GPT5,Free,GPT5-Free,0.9777563399786111,AI,1
GPT5,Free,GPT5-Free,0.9987192247924751,AI,1
GPT5,Free,GPT5-Free,0.9796063117784384,AI,1
GPT5,Free,GPT5-Free,0.1550924437085348,AI,1
GPT5,Free,GPT5-Free,0.9974561105893427,AI,1
GPT5,Free,GPT5-Free,0.9814236715352481,AI,1
GPT5,Free,GPT5-Free,0.998097701286472,AI,1
GPT5,Free,GPT5-Free,0.1330246309155313,AI,1
GPT5,Free,GPT5-Free,0.5685967895850593,AI,1
GPT5,Free,GPT5-Free,0.9430149057593001,AI,1
GPT5,Free,GPT5-Free,0.4818732760343676,AI,1
GPT5,Free,GPT5-Free,0.9999288076020625,AI,1
GPT5,Free,GPT5-Free,0.9681417510318908,AI,1
GPT5,Free,GPT5-Free,0.910838487096991,AI,1
GPT5,Free,GPT5-Free,0.9788246826783241,AI,1
GPT5,Free,GPT5-Free,0.8614424930890868,AI,1
GPT5,Free,GPT5-Free,0.9740757943526132,AI,1
GPT5,Free,GPT5-Free,0.9716969116567521,AI,1
GPT5,Free,GPT5-Free,0.9527602962599567,AI,1
GPT5,Free,GPT5-Free,0.5584468086124228,AI,1
GPT5,Free,GPT5-Free,0.3642434795732628,AI,1
GPT5,Free,GPT5-Free,0.9889912822134338,AI,1
GPT5,Free,GPT5-Free,0.9940608023837383,AI,1
GPT5,Free,GPT5-Free,0.9955822471156307,AI,1
GPT5,Free,GPT5-Free,0.9982268659534015,AI,1
GPT5,Free,GPT5-Free,0.9817957322746678,AI,1
GPT5,Free,GPT5-Free,0.9992248577325863,AI,1
GPT5,Free,GPT5-Free,0.9319766011439099,AI,1
GPT5,Free,GPT5-Free,0.9943737447873677,AI,1
GPT5,Free,GPT5-Free,0.9962974268512563,AI,1
GPT5,Free,GPT5-Free,0.9996531579359768,AI,1
GPT5,Free,GPT5-Free,0.9790949530739065,AI,1
GPT5,Free,GPT5-Free,0.9435742360789756,AI,1
GPT5,Free,GPT5-Free,0.9737979777846868,AI,1
GPT5,Free,GPT5-Free,0.9954480367484547,AI,1
GPT5,Free,GPT5-Free,0.9714120561300926,AI,1
GPT5,Free,GPT5-Free,0.996380702400117,AI,1
GPT5,Free,GPT5-Free,0.7247203052202443,AI,1
GPT5,Free,GPT5-Free,0.9953077859113634,AI,1
GPT5,Free,GPT5-Free,0.9988817319889429,AI,1
GPT5,Free,GPT5-Free,0.999757830735352,AI,1
GPT5,Free,GPT5-Free,0.9800800503830777,AI,1
GPT5,Free,GPT5-Free,0.9236365290579907,AI,1
GPT5,Free,GPT5-Free,0.9531367713685961,AI,1
GPT5,Free,GPT5-Free,0.8339044457639049,AI,1
GPT5,Free,GPT5-Free,0.9884831184776367,AI,1
GPT5,Free,GPT5-Free,0.45832702906225065,AI,1
GPT5,Free,GPT5-Free,0.8353429399856334,AI,1
GPT5,Free,GPT5-Free,0.8072652489612232,AI,1
GPT5,Free,GPT5-Free,0.8267429078008879,AI,1
GPT5,Free,GPT5-Free,0.979367816875273,AI,1
GPT5,Free,GPT5-Free,0.7662354184657975,AI,1
GPT5,Free,GPT5-Free,0.991901065015109,AI,1
GPT5,Free,GPT5-Free,0.9882046573000859,AI,1
GPT5,Free,GPT5-Free,0.9998097793252584,AI,1
GPT5,Free,GPT5-Free,0.8745799731196005,AI,1
GPT5,Free,GPT5-Free,0.801519176694674,AI,1
GPT5,Free,GPT5-Free,0.9124186352450455,AI,1
GPT5,Free,GPT5-Free,0.9949873913010443,AI,1
GPT5,Free,GPT5-Free,0.9958371827018767,AI,1
GPT5,Free,GPT5-Free,0.8885320792354646,AI,1
GPT5,Free,GPT5-Free,0.9999806067750985,AI,1
GPT5,Free,GPT5-Free,0.9973005893660634,AI,1
GPT5,Free,GPT5-Free,0.9960779379784334,AI,1
GPT5,Free,GPT5-Free,0.9998383564979846,AI,1
GPT5,Free,GPT5-Free,0.3626014949818532,AI,1
GPT5,Free,GPT5-Free,0.9702071057847075,AI,1
GPT5,Free,GPT5-Free,0.9181291799251408,AI,1
GPT5,Free,GPT5-Free,0.9979874970992871,AI,1
GPT5,Free,GPT5-Free,0.998637747902072,AI,1
GPT5,Free,GPT5-Free,0.9672687932535641,AI,1
GPT5,Free,GPT5-Free,0.9988366191261514,AI,1
GPT5,Free,GPT5-Free,0.9770665026267241,AI,1
GPT5,Free,GPT5-Free,0.9988773791448237,AI,1
GPT5,Free,GPT5-Free,0.9893529791475192,AI,1
GPT5,Free,GPT5-Free,0.9768933443103079,AI,1
GPT5,Free,GPT5-Free,0.9823341880379993,AI,1
GPT5,Free,GPT5-Free,0.9326673075773183,AI,1
GPT5,Free,GPT5-Free,0.8013501317675845,AI,1
GPT5,Free,GPT5-Free,0.9642233448205043,AI,1
GPT5,Free,GPT5-Free,0.904194649206257,AI,1
GPT5,Free,GPT5-Free,0.9948602476906685,AI,1
GPT5,Free,GPT5-Free,0.9106459837330035,AI,1
GPT5,Free,GPT5-Free,0.9972081920990432,AI,1
GPT5,Free,GPT5-Free,0.6981440617186976,AI,1
GPT5,Free,GPT5-Free,0.9511069178808454,AI,1
GPT5,Free,GPT5-Free,0.9696972776436599,AI,1
GPT5,Free,GPT5-Free,0.5774725772490837,AI,1
GPT5,Free,GPT5-Free,0.9947043801838016,AI,1
GPT5,Free,GPT5-Free,0.931148805380414,AI,1
GPT5,Free,GPT5-Free,0.9341355259718198,AI,1
GPT5,Free,GPT5-Free,0.9864631932079194,AI,1
GPT5,Free,GPT5-Free,0.9900853830623344,AI,1
GPT5,Free,GPT5-Free,0.9475950112832603,AI,1
GPT5,Free,GPT5-Free,0.9996412086405746,AI,1
GPT5,Free,GPT5-Free,0.9960495045601333,AI,1
GPT5,Free,GPT5-Free,0.9998805333009754,AI,1
GPT5,Free,GPT5-Free,0.6924333088289361,AI,1
GPT5,Free,GPT5-Free,0.7722511708843177,AI,1
GPT5,Free,GPT5-Free,0.7214520988995096,AI,1
GPT5,Free,GPT5-Free,0.9649222431830363,AI,1
GPT5,Free,GPT5-Free,0.9807835686035353,AI,1
GPT5,Free,GPT5-Free,0.9666044139617391,AI,1
GPT5,Free,GPT5-Free,0.5454058543646553,AI,1
GPT5,Free,GPT5-Free,0.9741657500875252,AI,1
GPT5,Free,GPT5-Free,0.9743621238362595,AI,1
GPT5,Free,GPT5-Free,0.6992878764082193,AI,1
GPT5,Free,GPT5-Free,0.9577284086218987,AI,1
GPT5,Free,GPT5-Free,0.1554868599034908,AI,1
GPT5,Free,GPT5-Free,0.9261999959949965,AI,1
GPT5,Free,GPT5-Free,0.904549093438799,AI,1
GPT5,Free,GPT5-Free,0.17021315445452817,AI,1
GPT5,Free,GPT5-Free,0.9969108242471711,AI,1
GPT5,Free,GPT5-Free,0.9999011003016942,AI,1
GPT5,Free,GPT5-Free,0.9671644038029199,AI,1
GPT5,Free,GPT5-Free,0.9896114992870357,AI,1
GPT5,Free,GPT5-Free,0.9253941146702848,AI,1
GPT5,Free,GPT5-Free,0.21884342200303403,AI,1
GPT5,Free,GPT5-Free,0.9016840107770964,AI,1
GPT5,Free,GPT5-Free,0.9713441049420288,AI,1
GPT5,Free,GPT5-Free,0.8407245549307782,AI,1
GPT5,Free,GPT5-Free,0.993004279590605,AI,1
GPT5,Free,GPT5-Free,0.43027698801903463,AI,1
GPT5,Free,GPT5-Free,0.7616227251245348,AI,1
GPT5,Free,GPT5-Free,0.9966296395394689,AI,1
GPT5,Free,GPT5-Free,0.9902574996679773,AI,1
GPT5,Free,GPT5-Free,0.8145419539208969,AI,1
GPT5,Free,GPT5-Free,0.9976570801305015,AI,1
GPT5,Free,GPT5-Free,0.996117172679154,AI,1
GPT5,Free,GPT5-Free,0.9955481439770482,AI,1
GPT5,Free,GPT5-Free,0.9931871000377649,AI,1
GPT5,Free,GPT5-Free,0.9735507964291553,AI,1
GPT5,Free,GPT5-Free,0.9996275427082244,AI,1
GPT5,Free,GPT5-Free,0.9745144878651977,AI,1
GPT5,Free,GPT5-Free,0.7387598448534495,AI,1
GPT5,Free,GPT5-Free,0.9949820521078347,AI,1
GPT5,Free,GPT5-Free,0.9991896749414706,AI,1
GPT5,Free,GPT5-Free,0.9850709542922096,AI,1
GPT5,Free,GPT5-Free,0.9846523519628206,AI,1
GPT5,Free,GPT5-Free,0.9945827211595436,AI,1
GPT5,Free,GPT5-Free,0.825821690471606,AI,1
GPT5,Free,GPT5-Free,0.03477403763428159,AI,1
GPT5,Free,GPT5-Free,0.9990618568435065,AI,1
GPT5,Free,GPT5-Free,0.9988809289733346,AI,1
GPT5,Free,GPT5-Free,0.9754444886896606,AI,1
GPT5,Free,GPT5-Free,0.8116268338418274,AI,1
GPT5,Free,GPT5-Free,0.2135379355045285,AI,1
GPT5,Free,GPT5-Free,0.21000693979389823,AI,1
GPT5,Free,GPT5-Free,0.7723346822528865,AI,1
GPT5,Free,GPT5-Free,0.09038614481677444,AI,1
GPT5,Free,GPT5-Free,0.9984358091384908,AI,1
GPT5,Free,GPT5-Free,0.5818658270953823,AI,1
GPT5,Free,GPT5-Free,0.8430467424903693,AI,1
GPT5,Free,GPT5-Free,0.980947974272255,AI,1
GPT5,Free,GPT5-Free,0.9996087486115167,AI,1
GPT5,Free,GPT5-Free,0.9980307849052695,AI,1
GPT5,Free,GPT5-Free,0.9850243509942923,AI,1
GPT5,Free,GPT5-Free,0.8439234260334904,AI,1
GPT5,Free,GPT5-Free,0.9863452373529397,AI,1
GPT5,Free,GPT5-Free,0.9987133049754671,AI,1
GPT5,Free,GPT5-Free,0.9773890817429957,AI,1
GPT5,Free,GPT5-Free,0.9871988418419204,AI,1
GPT5,Free,GPT5-Free,0.9994463766150121,AI,1
GPT5,Free,GPT5-Free,0.9794466578272516,AI,1
GPT5,Free,GPT5-Free,0.9208903005469464,AI,1
GPT5,Free,GPT5-Free,0.9642285281168977,AI,1
GPT5,Free,GPT5-Free,0.9956394519596999,AI,1
GPT5,Free,GPT5-Free,0.9586777835939424,AI,1
GPT5,Free,GPT5-Free,0.9931426843901235,AI,1
GPT5,Free,GPT5-Free,0.9954548221546778,AI,1
GPT5,Free,GPT5-Free,0.9398696890072291,AI,1
GPT5,Free,GPT5-Free,0.9931678117796877,AI,1
GPT5,Free,GPT5-Free,0.47736523477019915,AI,1
GPT5,Free,GPT5-Free,0.9614163595313421,AI,1
GPT5,Free,GPT5-Free,0.9661728214223505,AI,1
GPT5,Free,GPT5-Free,0.9816423559521424,AI,1
GPT5,Free,GPT5-Free,0.882465831056413,AI,1
GPT5,Free,GPT5-Free,0.9850284744638527,AI,1
GPT5,Free,GPT5-Free,0.9546352334241025,AI,1
GPT5,Free,GPT5-Free,0.8593617542476432,AI,1
GPT5,Free,GPT5-Free,0.943558913726277,AI,1
GPT5,Free,GPT5-Free,0.7638181091210218,AI,1
GPT5,Free,GPT5-Free,0.9669701297269248,AI,1
GPT5,Free,GPT5-Free,0.06908114641470786,AI,1
GPT5,Free,GPT5-Free,0.33449704993732193,AI,1
GPT5,Free,GPT5-Free,0.562336363564975,AI,1
GPT5,Free,GPT5-Free,0.9800538792531303,AI,1
GPT5,Free,GPT5-Free,0.8827813416212245,AI,1
GPT5,Free,GPT5-Free,0.935308833593864,AI,1
GPT5,Free,GPT5-Free,0.9248068896061424,AI,1
GPT5,Free,GPT5-Free,0.9979357874844437,AI,1
GPT5,Free,GPT5-Free,0.6812524911680023,AI,1
GPT5,Free,GPT5-Free,0.981463213964294,AI,1
GPT5,Free,GPT5-Free,0.8589013520501566,AI,1
GPT5,Free,GPT5-Free,0.4975108757570508,AI,1
GPT5,Free,GPT5-Free,0.985960704502895,AI,1
GPT5,Free,GPT5-Free,0.9863288456310689,AI,1
GPT5,Free,GPT5-Free,0.9153502559104086,AI,1
GPT5,Free,GPT5-Free,0.987564692353528,AI,1
GPT5,Free,GPT5-Free,0.9913775743064417,AI,1
GPT5,Free,GPT5-Free,0.9142426293696546,AI,1
GPT5,Free,GPT5-Free,0.986174949699831,AI,1
GPT5,Free,GPT5-Free,0.9997799413644683,AI,1
GPT5,Free,GPT5-Free,0.6493806378535877,AI,1
GPT5,Free,GPT5-Free,0.9542171446683568,AI,1
GPT5,Free,GPT5-Free,0.9043388862537097,AI,1
GPT5,Free,GPT5-Free,0.9799456416939389,AI,1
GPT5,Free,GPT5-Free,0.9077565496547398,AI,1
GPT5,Free,GPT5-Free,0.404437917100333,AI,1
GPT5,Free,GPT5-Free,0.9991686911894293,AI,1
GPT5,Free,GPT5-Free,0.9355679408720091,AI,1
GPT5,Free,GPT5-Free,0.9875709980976081,AI,1
GPT5,Free,GPT5-Free,0.9740841052111455,AI,1
GPT5,Free,GPT5-Free,0.9595751021454321,AI,1
GPT5,Free,GPT5-Free,0.9854254724276463,AI,1
GPT5,Free,GPT5-Free,0.9989333531844569,AI,1
GPT5,Free,GPT5-Free,0.9850105912902837,AI,1
GPT5,Free,GPT5-Free,0.7923176540093341,AI,1
GPT5,Free,GPT5-Free,0.9677230393316932,AI,1
GPT5,Free,GPT5-Free,0.6922967377340318,AI,1
GPT5,Free,GPT5-Free,0.9965844607988662,AI,1
GPT5,Free,GPT5-Free,0.8127911029481619,AI,1
GPT5,Free,GPT5-Free,0.9369829596622654,AI,1
GPT5,Free,GPT5-Free,0.9973603923482397,AI,1
GPT5,Restricted,GPT5-Restricted,0.42314934239321456,Human,0
GPT5,Restricted,GPT5-Restricted,0.352015666845003,Human,0
GPT5,Restricted,GPT5-Restricted,0.5985239276451112,Human,0
GPT5,Restricted,GPT5-Restricted,0.4038065352445327,Human,0
GPT5,Restricted,GPT5-Restricted,0.42493822319366203,Human,0
GPT5,Restricted,GPT5-Restricted,0.5139187699477998,Human,0
GPT5,Restricted,GPT5-Restricted,0.21168969425159515,Human,0
GPT5,Restricted,GPT5-Restricted,0.6665214252638157,Human,0
GPT5,Restricted,GPT5-Restricted,0.7444085421787733,Human,0
GPT5,Restricted,GPT5-Restricted,0.2946376153957373,Human,0
GPT5,Restricted,GPT5-Restricted,0.3719659391795424,Human,0
GPT5,Restricted,GPT5-Restricted,0.6041585474755538,Human,0
GPT5,Restricted,GPT5-Restricted,0.6734134542739842,Human,0
GPT5,Restricted,GPT5-Restricted,0.4785278235316927,Human,0
GPT5,Restricted,GPT5-Restricted,0.6327705486822349,Human,0
GPT5,Restricted,GPT5-Restricted,0.6445286244236939,Human,0
GPT5,Restricted,GPT5-Restricted,0.15964456401407537,Human,0
GPT5,Restricted,GPT5-Restricted,0.1152864222381623,Human,0
GPT5,Restricted,GPT5-Restricted,0.5872686616240201,Human,0
GPT5,Restricted,GPT5-Restricted,0.31067989470294377,Human,0
GPT5,Restricted,GPT5-Restricted,0.6562126133164872,Human,0
GPT5,Restricted,GPT5-Restricted,0.4108318943778078,Human,0
GPT5,Restricted,GPT5-Restricted,0.38231589432778995,Human,0
GPT5,Restricted,GPT5-Restricted,0.47899399954812977,Human,0
GPT5,Restricted,GPT5-Restricted,0.1904444044642805,Human,0
GPT5,Restricted,GPT5-Restricted,0.3201749428892337,Human,0
GPT5,Restricted,GPT5-Restricted,0.3576899887056701,Human,0
GPT5,Restricted,GPT5-Restricted,0.33952247145353903,Human,0
GPT5,Restricted,GPT5-Restricted,0.7826020917758119,Human,0
GPT5,Restricted,GPT5-Restricted,0.481477462256766,Human,0
GPT5,Restricted,GPT5-Restricted,0.5750569780629455,Human,0
GPT5,Restricted,GPT5-Restricted,0.6226986804392478,Human,0
GPT5,Restricted,GPT5-Restricted,0.2846606075890594,Human,0
GPT5,Restricted,GPT5-Restricted,0.2622467461638579,Human,0
GPT5,Restricted,GPT5-Restricted,0.07971630474808919,Human,0
GPT5,Restricted,GPT5-Restricted,0.8336775397515078,Human,0
GPT5,Restricted,GPT5-Restricted,0.5150035146736033,Human,0
GPT5,Restricted,GPT5-Restricted,0.45678534776895635,Human,0
GPT5,Restricted,GPT5-Restricted,0.4618695623624614,Human,0
GPT5,Restricted,GPT5-Restricted,0.6067232669945944,Human,0
GPT5,Restricted,GPT5-Restricted,0.7163188547033886,Human,0
GPT5,Restricted,GPT5-Restricted,0.250069821125925,Human,0
GPT5,Restricted,GPT5-Restricted,0.7736118864298588,Human,0
GPT5,Restricted,GPT5-Restricted,0.7011136013091556,Human,0
GPT5,Restricted,GPT5-Restricted,0.3756165731188238,Human,0
GPT5,Restricted,GPT5-Restricted,0.5553395302279547,Human,0
GPT5,Restricted,GPT5-Restricted,0.7226815491775338,Human,0
GPT5,Restricted,GPT5-Restricted,0.3059115075411097,Human,0
GPT5,Restricted,GPT5-Restricted,0.503311126544478,Human,0
GPT5,Restricted,GPT5-Restricted,0.1921091687723411,Human,0
GPT5,Restricted,GPT5-Restricted,0.5318550463846152,Human,0
GPT5,Restricted,GPT5-Restricted,0.281259121897185,Human,0
GPT5,Restricted,GPT5-Restricted,0.4399207876903962,Human,0
GPT5,Restricted,GPT5-Restricted,0.3117365288055066,Human,0
GPT5,Restricted,GPT5-Restricted,0.3369799850952494,Human,0
GPT5,Restricted,GPT5-Restricted,0.3521385972497548,Human,0
GPT5,Restricted,GPT5-Restricted,0.23843032614327653,Human,0
GPT5,Restricted,GPT5-Restricted,0.7213198428336249,Human,0
GPT5,Restricted,GPT5-Restricted,0.49432620064608834,Human,0
GPT5,Restricted,GPT5-Restricted,0.728826064959084,Human,0
GPT5,Restricted,GPT5-Restricted,0.4793154247079562,Human,0
GPT5,Restricted,GPT5-Restricted,0.44090253614391406,Human,0
GPT5,Restricted,GPT5-Restricted,0.4850392841218015,Human,0
GPT5,Restricted,GPT5-Restricted,0.41950375690261615,Human,0
GPT5,Restricted,GPT5-Restricted,0.4855587230663286,Human,0
GPT5,Restricted,GPT5-Restricted,0.5725858609014496,Human,0
GPT5,Restricted,GPT5-Restricted,0.3855595548999625,Human,0
GPT5,Restricted,GPT5-Restricted,0.7338833668726328,Human,0
GPT5,Restricted,GPT5-Restricted,0.8890380695884154,Human,0
GPT5,Restricted,GPT5-Restricted,0.3616798897287198,Human,0
GPT5,Restricted,GPT5-Restricted,0.7145701108240725,Human,0
GPT5,Restricted,GPT5-Restricted,0.4733296804334236,Human,0
GPT5,Restricted,GPT5-Restricted,0.4190248737632816,Human,0
GPT5,Restricted,GPT5-Restricted,0.5115631067135512,Human,0
GPT5,Restricted,GPT5-Restricted,0.4801696856170324,Human,0
GPT5,Restricted,GPT5-Restricted,0.366131864509356,Human,0
GPT5,Restricted,GPT5-Restricted,0.36448440025668666,Human,0
GPT5,Restricted,GPT5-Restricted,0.5830932117343877,Human,0
GPT5,Restricted,GPT5-Restricted,0.24874325979754267,Human,0
GPT5,Restricted,GPT5-Restricted,0.6090261665814144,Human,0
GPT5,Restricted,GPT5-Restricted,0.264983176638968,Human,0
GPT5,Restricted,GPT5-Restricted,0.4053180049362419,Human,0
GPT5,Restricted,GPT5-Restricted,0.410490332327258,Human,0
GPT5,Restricted,GPT5-Restricted,0.611411767765706,Human,0
GPT5,Restricted,GPT5-Restricted,0.27941694426735064,Human,0
GPT5,Restricted,GPT5-Restricted,0.2703031895765572,Human,0
GPT5,Restricted,GPT5-Restricted,0.3236339265457743,Human,0
GPT5,Restricted,GPT5-Restricted,0.2744070333706193,Human,0
GPT5,Restricted,GPT5-Restricted,0.6068361865870551,Human,0
GPT5,Restricted,GPT5-Restricted,0.5873184140602948,Human,0
GPT5,Restricted,GPT5-Restricted,0.5387578002459381,Human,0
GPT5,Restricted,GPT5-Restricted,0.23149464349358795,Human,0
GPT5,Restricted,GPT5-Restricted,0.7091454477752506,Human,0
GPT5,Restricted,GPT5-Restricted,0.39913090486989095,Human,0
GPT5,Restricted,GPT5-Restricted,0.6723989495783216,Human,0
GPT5,Restricted,GPT5-Restricted,0.43760722161151944,Human,0
GPT5,Restricted,GPT5-Restricted,0.3433210631956806,Human,0
GPT5,Restricted,GPT5-Restricted,0.5267108254206209,Human,0
GPT5,Restricted,GPT5-Restricted,0.27222968584873647,Human,0
GPT5,Restricted,GPT5-Restricted,0.6344767154122377,Human,0
GPT5,Restricted,GPT5-Restricted,0.8188049386655765,Human,0
GPT5,Restricted,GPT5-Restricted,0.7460884968712118,Human,0
GPT5,Restricted,GPT5-Restricted,0.5559698320529767,Human,0
GPT5,Restricted,GPT5-Restricted,0.35655457162523274,Human,0
GPT5,Restricted,GPT5-Restricted,0.46704121935290765,Human,0
GPT5,Restricted,GPT5-Restricted,0.9132320509568317,Human,0
GPT5,Restricted,GPT5-Restricted,0.7044318797854782,Human,0
GPT5,Restricted,GPT5-Restricted,0.12147677932779681,Human,0
GPT5,Restricted,GPT5-Restricted,0.6674320549286958,Human,0
GPT5,Restricted,GPT5-Restricted,0.6581469347169144,Human,0
GPT5,Restricted,GPT5-Restricted,0.8167645380084524,Human,0
GPT5,Restricted,GPT5-Restricted,0.5222985856300572,Human,0
GPT5,Restricted,GPT5-Restricted,0.8156466769992808,Human,0
GPT5,Restricted,GPT5-Restricted,0.6232913242431132,Human,0
GPT5,Restricted,GPT5-Restricted,0.2676544209283243,Human,0
GPT5,Restricted,GPT5-Restricted,0.6628699763371736,Human,0
GPT5,Restricted,GPT5-Restricted,0.5842085734145795,Human,0
GPT5,Restricted,GPT5-Restricted,0.5607320716057292,Human,0
GPT5,Restricted,GPT5-Restricted,0.5415630767936294,Human,0
GPT5,Restricted,GPT5-Restricted,0.46002427438386234,Human,0
GPT5,Restricted,GPT5-Restricted,0.2010495121579262,Human,0
GPT5,Restricted,GPT5-Restricted,0.7444098748824428,Human,0
GPT5,Restricted,GPT5-Restricted,0.25095150808038325,Human,0
GPT5,Restricted,GPT5-Restricted,0.6045428694895381,Human,0
GPT5,Restricted,GPT5-Restricted,0.5221895477404573,Human,0
GPT5,Restricted,GPT5-Restricted,0.17408545552162738,Human,0
GPT5,Restricted,GPT5-Restricted,0.2691697297384445,Human,0
GPT5,Restricted,GPT5-Restricted,0.5957842955077823,Human,0
GPT5,Restricted,GPT5-Restricted,0.8486855899446567,Human,0
GPT5,Restricted,GPT5-Restricted,0.6544179129748529,Human,0
GPT5,Restricted,GPT5-Restricted,0.8187562633413478,Human,0
GPT5,Restricted,GPT5-Restricted,0.522687803050537,Human,0
GPT5,Restricted,GPT5-Restricted,0.826389385746824,Human,0
GPT5,Restricted,GPT5-Restricted,0.9003090119610749,Human,0
GPT5,Restricted,GPT5-Restricted,0.6238240276571959,Human,0
GPT5,Restricted,GPT5-Restricted,0.8335957120878185,Human,0
GPT5,Restricted,GPT5-Restricted,0.8414722286050148,Human,0
GPT5,Restricted,GPT5-Restricted,0.8965579101259207,Human,0
GPT5,Restricted,GPT5-Restricted,0.7376297855878868,Human,0
GPT5,Restricted,GPT5-Restricted,0.3761599202502035,Human,0
GPT5,Restricted,GPT5-Restricted,0.8714119732646559,Human,0
GPT5,Restricted,GPT5-Restricted,0.5034543165575053,Human,0
GPT5,Restricted,GPT5-Restricted,0.32841004404515,Human,0
GPT5,Restricted,GPT5-Restricted,0.5806757375783468,Human,0
GPT5,Restricted,GPT5-Restricted,0.23159717535517418,Human,0
GPT5,Restricted,GPT5-Restricted,0.628056846622693,Human,0
GPT5,Restricted,GPT5-Restricted,0.3921172202610386,Human,0
GPT5,Restricted,GPT5-Restricted,0.6805172623928486,Human,0
GPT5,Restricted,GPT5-Restricted,0.6490363907127886,Human,0
GPT5,Restricted,GPT5-Restricted,0.3708451630473092,Human,0
GPT5,Restricted,GPT5-Restricted,0.2040341305303651,Human,0
GPT5,Restricted,GPT5-Restricted,0.5655622367791161,Human,0
GPT5,Restricted,GPT5-Restricted,0.46737296762636926,Human,0
GPT5,Restricted,GPT5-Restricted,0.37555138664338233,Human,0
GPT5,Restricted,GPT5-Restricted,0.6507704877174602,Human,0
GPT5,Restricted,GPT5-Restricted,0.34985889436021667,Human,0
GPT5,Restricted,GPT5-Restricted,0.8376291053574964,Human,0
GPT5,Restricted,GPT5-Restricted,0.371672554410758,Human,0
GPT5,Restricted,GPT5-Restricted,0.5288818191727431,Human,0
GPT5,Restricted,GPT5-Restricted,0.38088648315052687,Human,0
GPT5,Restricted,GPT5-Restricted,0.7229647745292045,Human,0
GPT5,Restricted,GPT5-Restricted,0.6477764595042834,Human,0
GPT5,Restricted,GPT5-Restricted,0.5717130633875817,Human,0
GPT5,Restricted,GPT5-Restricted,0.5774469655172252,Human,0
GPT5,Restricted,GPT5-Restricted,0.7443946047022232,Human,0
GPT5,Restricted,GPT5-Restricted,0.6221434222325459,Human,0
GPT5,Restricted,GPT5-Restricted,0.6577264516248674,Human,0
GPT5,Restricted,GPT5-Restricted,0.31891295863260405,Human,0
GPT5,Restricted,GPT5-Restricted,0.4729202966177987,Human,0
GPT5,Restricted,GPT5-Restricted,0.6303409415052882,Human,0
GPT5,Restricted,GPT5-Restricted,0.546604116203533,Human,0
GPT5,Restricted,GPT5-Restricted,0.3493274410832911,Human,0
GPT5,Restricted,GPT5-Restricted,0.5219730711242732,Human,0
GPT5,Restricted,GPT5-Restricted,0.6848382533912377,Human,0
GPT5,Restricted,GPT5-Restricted,0.5238496478921667,Human,0
GPT5,Restricted,GPT5-Restricted,0.30642751889694486,Human,0
GPT5,Restricted,GPT5-Restricted,0.4184102128550612,Human,0
GPT5,Restricted,GPT5-Restricted,0.6424511314866764,Human,0
GPT5,Restricted,GPT5-Restricted,0.8668408835983387,Human,0
GPT5,Restricted,GPT5-Restricted,0.6035184198610127,Human,0
GPT5,Restricted,GPT5-Restricted,0.724860884751691,Human,0
GPT5,Restricted,GPT5-Restricted,0.49176356496232343,Human,0
GPT5,Restricted,GPT5-Restricted,0.7134843012362251,Human,0
GPT5,Restricted,GPT5-Restricted,0.7235257728814164,Human,0
GPT5,Restricted,GPT5-Restricted,0.25206972688265905,Human,0
GPT5,Restricted,GPT5-Restricted,0.2798869687190704,Human,0
GPT5,Restricted,GPT5-Restricted,0.4478302292520241,Human,0
GPT5,Restricted,GPT5-Restricted,0.864690066941472,Human,0
GPT5,Restricted,GPT5-Restricted,0.6894175214648789,Human,0
GPT5,Restricted,GPT5-Restricted,0.6273684804707391,Human,0
GPT5,Restricted,GPT5-Restricted,0.5929282763817781,Human,0
GPT5,Restricted,GPT5-Restricted,0.9327269756038984,Human,0
GPT5,Restricted,GPT5-Restricted,0.43788067480238935,Human,0
GPT5,Restricted,GPT5-Restricted,0.8230234658081435,Human,0
GPT5,Restricted,GPT5-Restricted,0.6635767935991247,Human,0
GPT5,Restricted,GPT5-Restricted,0.9187434230097079,Human,0
GPT5,Restricted,GPT5-Restricted,0.45579591077880643,Human,0
GPT5,Restricted,GPT5-Restricted,0.6436923077950296,Human,0
GPT5,Restricted,GPT5-Restricted,0.14793964702045906,Human,0
GPT5,Restricted,GPT5-Restricted,0.2067428543416126,Human,0
GPT5,Restricted,GPT5-Restricted,0.046487472028916885,Human,0
GPT5,Restricted,GPT5-Restricted,0.29826595794654953,Human,0
GPT5,Restricted,GPT5-Restricted,0.13534082502157474,Human,0
GPT5,Restricted,GPT5-Restricted,0.4990163415252936,Human,0
GPT5,Restricted,GPT5-Restricted,0.30746309155325063,Human,0
GPT5,Restricted,GPT5-Restricted,0.3988298908517444,Human,0
GPT5,Restricted,GPT5-Restricted,0.4824131991195537,Human,0
GPT5,Restricted,GPT5-Restricted,0.10697712028167794,Human,0
GPT5,Restricted,GPT5-Restricted,0.23194846597160204,Human,0
GPT5,Restricted,GPT5-Restricted,0.41185322648897915,Human,0
GPT5,Restricted,GPT5-Restricted,0.12432608700480649,Human,0
GPT5,Restricted,GPT5-Restricted,0.07846400950700118,Human,0
GPT5,Restricted,GPT5-Restricted,0.11237127534720817,Human,0
GPT5,Restricted,GPT5-Restricted,0.10630201834108198,Human,0
GPT5,Restricted,GPT5-Restricted,0.2871623226753846,Human,0
GPT5,Restricted,GPT5-Restricted,0.7607355799857839,Human,0
GPT5,Restricted,GPT5-Restricted,0.17419953636409208,Human,0
GPT5,Restricted,GPT5-Restricted,0.10484567153468007,Human,0
GPT5,Restricted,GPT5-Restricted,0.1842471936380431,Human,0
GPT5,Restricted,GPT5-Restricted,0.18241301991154132,Human,0
GPT5,Restricted,GPT5-Restricted,0.060018021262976694,Human,0
GPT5,Restricted,GPT5-Restricted,0.195465997515565,Human,0
GPT5,Restricted,GPT5-Restricted,0.27647043605783983,Human,0
GPT5,Restricted,GPT5-Restricted,0.18611472633969142,Human,0
GPT5,Restricted,GPT5-Restricted,0.19543358273908273,Human,0
GPT5,Restricted,GPT5-Restricted,0.6197161427530256,Human,0
GPT5,Restricted,GPT5-Restricted,0.5373588251807264,Human,0
GPT5,Restricted,GPT5-Restricted,0.23039596683691685,Human,0
GPT5,Restricted,GPT5-Restricted,0.26956039899700734,Human,0
GPT5,Restricted,GPT5-Restricted,0.297235284012069,Human,0
GPT5,Restricted,GPT5-Restricted,0.29237122084835854,Human,0
GPT5,Restricted,GPT5-Restricted,0.31425596888654217,Human,0
GPT5,Restricted,GPT5-Restricted,0.33959764527658404,Human,0
GPT5,Restricted,GPT5-Restricted,0.2150452393571479,Human,0
GPT5,Restricted,GPT5-Restricted,0.08084468501264955,Human,0
GPT5,Restricted,GPT5-Restricted,0.06670501833761693,Human,0
GPT5,Restricted,GPT5-Restricted,0.3995526808078759,Human,0
GPT5,Restricted,GPT5-Restricted,0.10228382161991112,Human,0
GPT5,Restricted,GPT5-Restricted,0.7743488846980462,Human,0
GPT5,Restricted,GPT5-Restricted,0.5240643710252836,Human,0
GPT5,Restricted,GPT5-Restricted,0.07622924599646878,Human,0
GPT5,Restricted,GPT5-Restricted,0.6631847945981106,Human,0
GPT5,Restricted,GPT5-Restricted,0.7218053264736408,Human,0
GPT5,Restricted,GPT5-Restricted,0.6715943740297338,Human,0
GPT5,Restricted,GPT5-Restricted,0.16683677996973872,Human,0
GPT5,Restricted,GPT5-Restricted,0.14358561374846168,Human,0
GPT5,Restricted,GPT5-Restricted,0.11126386672244666,Human,0
GPT5,Restricted,GPT5-Restricted,0.48541251668630664,Human,0
GPT5,Restricted,GPT5-Restricted,0.5264785370425603,Human,0
GPT5,Restricted,GPT5-Restricted,0.4572718708448353,Human,0
GPT5,Restricted,GPT5-Restricted,0.40264606840525713,Human,0
GPT5,Restricted,GPT5-Restricted,0.3180507104403699,Human,0
GPT5,Restricted,GPT5-Restricted,0.3834739391719065,Human,0
GPT5,Restricted,GPT5-Restricted,0.25100406655538576,Human,0
GPT5,Restricted,GPT5-Restricted,0.22327204294933117,Human,0
GPT5,Restricted,GPT5-Restricted,0.4877334721865284,Human,0
GPT5,Restricted,GPT5-Restricted,0.20098549337626528,Human,0
GPT5,Restricted,GPT5-Restricted,0.2353118968581438,Human,0
GPT5,Restricted,GPT5-Restricted,0.7292022469539073,Human,0
GPT5,Restricted,GPT5-Restricted,0.2321638932740732,Human,0
GPT5,Restricted,GPT5-Restricted,0.47837150932378714,Human,0
GPT5,Restricted,GPT5-Restricted,0.43458387171842733,Human,0
GPT5,Restricted,GPT5-Restricted,0.606879751016876,Human,0
GPT5,Restricted,GPT5-Restricted,0.6076725287663438,Human,0
GPT5,Restricted,GPT5-Restricted,0.22184619893217591,Human,0
GPT5,Restricted,GPT5-Restricted,0.03573239772835478,Human,0
GPT5,Restricted,GPT5-Restricted,0.5779897863459978,Human,0
GPT5,Restricted,GPT5-Restricted,0.35348646137133444,Human,0
GPT5,Restricted,GPT5-Restricted,0.1552300255588919,Human,0
GPT5,Restricted,GPT5-Restricted,0.5678227413708284,Human,0
GPT5,Restricted,GPT5-Restricted,0.36810836148853426,Human,0
GPT5,Restricted,GPT5-Restricted,0.4586021010480981,Human,0
GPT5,Restricted,GPT5-Restricted,0.6066333120431824,Human,0
GPT5,Restricted,GPT5-Restricted,0.256430613794368,Human,0
GPT5,Restricted,GPT5-Restricted,0.133158047856462,Human,0
GPT5,Restricted,GPT5-Restricted,0.17298658633411973,Human,0
GPT5,Restricted,GPT5-Restricted,0.09387094966320518,Human,0
GPT5,Restricted,GPT5-Restricted,0.22170965153574357,Human,0
GPT5,Restricted,GPT5-Restricted,0.12333333094188778,Human,0
GPT5,Restricted,GPT5-Restricted,0.21978188567266518,Human,0
GPT5,Restricted,GPT5-Restricted,0.2444129007550195,Human,0
GPT5,Restricted,GPT5-Restricted,0.0017725943212778376,Human,0
GPT5,Restricted,GPT5-Restricted,0.19372629250064022,Human,0
GPT5,Restricted,GPT5-Restricted,0.5353165698259029,Human,0
GPT5,Restricted,GPT5-Restricted,0.384633170440265,Human,0
GPT5,Restricted,GPT5-Restricted,0.13046794931367892,Human,0
GPT5,Restricted,GPT5-Restricted,0.42142532714036873,Human,0
GPT5,Restricted,GPT5-Restricted,0.46750592821032216,Human,0
GPT5,Restricted,GPT5-Restricted,0.06270838752528828,Human,0
GPT5,Restricted,GPT5-Restricted,0.22263997870030358,Human,0
GPT5,Restricted,GPT5-Restricted,0.4481350971449444,Human,0
GPT5,Restricted,GPT5-Restricted,0.23531732978879208,Human,0
GPT5,Restricted,GPT5-Restricted,0.22055120111134227,Human,0
GPT5,Restricted,GPT5-Restricted,0.16337849257583367,Human,0
GPT5,Restricted,GPT5-Restricted,0.09513111491182533,Human,0
GPT5,Restricted,GPT5-Restricted,0.02506227281556815,Human,0
GPT5,Restricted,GPT5-Restricted,0.803379931961486,Human,0
GPT5,Restricted,GPT5-Restricted,0.09285360089812905,Human,0
GPT5,Restricted,GPT5-Restricted,0.2928129934211747,Human,0
GPT5,Restricted,GPT5-Restricted,0.35418917744172196,Human,0
GPT5,Restricted,GPT5-Restricted,0.039111459443526696,Human,0
GPT5,Restricted,GPT5-Restricted,0.496783177830936,Human,0
GPT5,Restricted,GPT5-Restricted,0.5677637290237213,Human,0
GPT5,Restricted,GPT5-Restricted,0.4748509213389255,Human,0
GPT5,Restricted,GPT5-Restricted,0.25605457867156994,Human,0
GPT5,Restricted,GPT5-Restricted,0.3051977141505615,Human,0
GPT5,Restricted,GPT5-Restricted,0.32336568206220984,Human,0
GPT5,Restricted,GPT5-Restricted,0.5199745380432121,Human,0
GPT5,Restricted,GPT5-Restricted,0.07870789780170774,Human,0
GPT5,Restricted,GPT5-Restricted,0.18625295916124612,Human,0
GPT5,Restricted,GPT5-Restricted,0.2688320161538463,Human,0
GPT5,Restricted,GPT5-Restricted,0.6598487456705716,Human,0
GPT5,Restricted,GPT5-Restricted,0.5061328059046702,Human,0
GPT5,Restricted,GPT5-Restricted,0.669895524029155,Human,0
GPT5,Restricted,GPT5-Restricted,0.397692002643998,Human,0
GPT5,Restricted,GPT5-Restricted,0.11287593537998387,Human,0
GPT5,Restricted,GPT5-Restricted,0.3336011050043,Human,0
GPT5,Restricted,GPT5-Restricted,0.2944421093923447,Human,0
GPT5,Restricted,GPT5-Restricted,0.36240911204530146,Human,0
GPT5,Restricted,GPT5-Restricted,0.49759270970543307,Human,0
GPT5,Restricted,GPT5-Restricted,0.48441542443892044,Human,0
GPT5,Restricted,GPT5-Restricted,0.07150801931799676,Human,0
GPT5,Restricted,GPT5-Restricted,0.15199965119172085,Human,0
GPT5,Restricted,GPT5-Restricted,0.264454584331871,Human,0
GPT5,Restricted,GPT5-Restricted,0.5356114954509761,Human,0
GPT5,Restricted,GPT5-Restricted,0.3745915567322036,Human,0
GPT5,Restricted,GPT5-Restricted,0.5240089250236222,Human,0
GPT5,Restricted,GPT5-Restricted,0.44610352248734475,Human,0
GPT5,Restricted,GPT5-Restricted,0.4228833548584987,Human,0
GPT5,Restricted,GPT5-Restricted,0.7423040877665746,Human,0
GPT5,Restricted,GPT5-Restricted,0.3997579628166293,Human,0
GPT5,Restricted,GPT5-Restricted,0.30936508154159703,Human,0
GPT5,Restricted,GPT5-Restricted,0.5672154421533968,Human,0
GPT5,Restricted,GPT5-Restricted,0.4111979458026291,Human,0
GPT5,Restricted,GPT5-Restricted,0.4046216389211229,Human,0
GPT5,Restricted,GPT5-Restricted,0.6221188393335433,Human,0
GPT5,Restricted,GPT5-Restricted,0.5884305230201454,Human,0
GPT5,Restricted,GPT5-Restricted,0.8058681627534714,Human,0
GPT5,Restricted,GPT5-Restricted,0.31244776383595385,Human,0
GPT5,Restricted,GPT5-Restricted,0.2854073925457671,Human,0
GPT5,Restricted,GPT5-Restricted,0.6353286458842529,Human,0
GPT5,Restricted,GPT5-Restricted,0.749791915530477,Human,0
GPT5,Restricted,GPT5-Restricted,0.4078219605726507,Human,0
GPT5,Restricted,GPT5-Restricted,0.7576813085546114,Human,0
GPT5,Restricted,GPT5-Restricted,0.05941039571945064,Human,0
GPT5,Restricted,GPT5-Restricted,0.7186415197844764,Human,0
GPT5,Restricted,GPT5-Restricted,0.34962381109137497,Human,0
GPT5,Restricted,GPT5-Restricted,0.5751639695953772,Human,0
GPT5,Restricted,GPT5-Restricted,0.49617461116935363,Human,0
GPT5,Restricted,GPT5-Restricted,0.17159275168709825,Human,0
GPT5,Restricted,GPT5-Restricted,0.35672925108604353,Human,0
GPT5,Restricted,GPT5-Restricted,0.23995337634743508,Human,0
GPT5,Restricted,GPT5-Restricted,0.3429797519377325,Human,0
GPT5,Restricted,GPT5-Restricted,0.20375227566022572,Human,0
GPT5,Restricted,GPT5-Restricted,0.16517798572276013,Human,0
GPT5,Restricted,GPT5-Restricted,0.44581206239401333,Human,0
GPT5,Restricted,GPT5-Restricted,0.4043670873139912,Human,0
GPT5,Restricted,GPT5-Restricted,0.4315789831230014,Human,0
GPT5,Restricted,GPT5-Restricted,0.31604972318051217,Human,0
GPT5,Restricted,GPT5-Restricted,0.26741749690142014,Human,0
GPT5,Restricted,GPT5-Restricted,0.3553196393732715,Human,0
GPT5,Restricted,GPT5-Restricted,0.12626193988266984,Human,0
GPT5,Restricted,GPT5-Restricted,0.6354426458043023,Human,0
GPT5,Restricted,GPT5-Restricted,0.8296570563544102,Human,0
GPT5,Restricted,GPT5-Restricted,0.3134862483525638,Human,0
GPT5,Restricted,GPT5-Restricted,0.7515150720170518,Human,0
GPT5,Restricted,GPT5-Restricted,0.5220018602420968,Human,0
GPT5,Restricted,GPT5-Restricted,0.22292240685794523,Human,0
GPT5,Restricted,GPT5-Restricted,0.4843108751448325,Human,0
GPT5,Restricted,GPT5-Restricted,0.6457544584030668,Human,0
GPT5,Restricted,GPT5-Restricted,0.2466285057180599,Human,0
GPT5,Restricted,GPT5-Restricted,0.40434835497868293,Human,0
GPT5,Restricted,GPT5-Restricted,0.7252306228895772,Human,0
GPT5,Restricted,GPT5-Restricted,0.5921570602691906,Human,0
GPT5,Restricted,GPT5-Restricted,0.4196584743754466,Human,0
GPT5,Restricted,GPT5-Restricted,0.6313762532142888,Human,0
GPT5,Restricted,GPT5-Restricted,0.2996176556913481,Human,0
GPT5,Restricted,GPT5-Restricted,0.5802463399785563,Human,0
GPT5,Restricted,GPT5-Restricted,0.5002793130185622,Human,0
GPT5,Restricted,GPT5-Restricted,0.5381839041485027,Human,0
GPT5,Restricted,GPT5-Restricted,0.31410824548336447,Human,0
GPT5,Restricted,GPT5-Restricted,0.5080249775376974,Human,0
GPT5,Restricted,GPT5-Restricted,0.6153209445798753,Human,0
GPT5,Restricted,GPT5-Restricted,0.4274355841339973,Human,0
GPT5,Restricted,GPT5-Restricted,0.7631916667745281,Human,0
GPT5,Restricted,GPT5-Restricted,0.199343927998265,Human,0
GPT5,Restricted,GPT5-Restricted,0.34929813192074327,Human,0
GPT5,Restricted,GPT5-Restricted,0.46807260733740236,Human,0
GPT5,Restricted,GPT5-Restricted,0.4984615230504719,Human,0
GPT5,Restricted,GPT5-Restricted,0.5002840037742645,Human,0
GPT5,Restricted,GPT5-Restricted,0.3698654782921303,Human,0
GPT5,Restricted,GPT5-Restricted,0.8841745027759698,Human,0
GPT5,Restricted,GPT5-Restricted,0.5066566036697292,Human,0
GPT5,Restricted,GPT5-Restricted,0.1606226851126024,Human,0
GPT5,Restricted,GPT5-Restricted,0.21218048460993308,Human,0
GPT5,Restricted,GPT5-Restricted,0.5045868364176654,Human,0
GPT5,Restricted,GPT5-Restricted,0.16907642819552712,Human,0
GPT5,Restricted,GPT5-Restricted,0.12734481186731325,Human,0
GPT5,Restricted,GPT5-Restricted,0.21694968913491558,Human,0
GPT5,Restricted,GPT5-Restricted,0.38605542110940366,Human,0
GPT5,Restricted,GPT5-Restricted,0.7213871800010515,Human,0
GPT5,Restricted,GPT5-Restricted,0.2013167505422412,Human,0
GPT5,Restricted,GPT5-Restricted,0.5751144003814661,Human,0
GPT5,Restricted,GPT5-Restricted,0.8153594125750467,Human,0
GPT5,Restricted,GPT5-Restricted,0.5565078650554638,Human,0
GPT5,Restricted,GPT5-Restricted,0.608194067497444,Human,0
GPT5,Restricted,GPT5-Restricted,0.4982037640802805,Human,0
GPT5,Restricted,GPT5-Restricted,0.43350453502930447,Human,0
GPT5,Restricted,GPT5-Restricted,0.05830221454747202,Human,0
GPT5,Restricted,GPT5-Restricted,0.10603207332595341,Human,0
GPT5,Restricted,GPT5-Restricted,0.16217956158836855,Human,0
GPT5,Restricted,GPT5-Restricted,0.17155531036134244,Human,0
GPT5,Restricted,GPT5-Restricted,0.4291932602151597,Human,0
GPT5,Restricted,GPT5-Restricted,0.181864894866887,Human,0
GPT5,Restricted,GPT5-Restricted,0.5303459592841466,Human,0
GPT5,Restricted,GPT5-Restricted,0.16382008448532986,Human,0
GPT5,Restricted,GPT5-Restricted,0.1878422124458026,Human,0
GPT5,Restricted,GPT5-Restricted,0.19511063386410066,Human,0
GPT5,Restricted,GPT5-Restricted,0.33450579538602315,Human,0
GPT5,Restricted,GPT5-Restricted,0.08659103495618964,Human,0
GPT5,Restricted,GPT5-Restricted,0.20430845402906522,Human,0
GPT5,Restricted,GPT5-Restricted,0.014544730254899158,Human,0
GPT5,Restricted,GPT5-Restricted,0.09075167654768572,Human,0
GPT5,Restricted,GPT5-Restricted,0.3707708135386568,Human,0
GPT5,Restricted,GPT5-Restricted,0.2574022780387092,Human,0
GPT5,Restricted,GPT5-Restricted,0.3581458186466636,Human,0
GPT5,Restricted,GPT5-Restricted,0.34446879110296735,Human,0
GPT5,Restricted,GPT5-Restricted,0.09839961954966388,Human,0
GPT5,Restricted,GPT5-Restricted,0.09707322676228798,Human,0
GPT5,Restricted,GPT5-Restricted,0.16385576542913724,Human,0
GPT5,Restricted,GPT5-Restricted,0.7237481414563036,Human,0
GPT5,Restricted,GPT5-Restricted,0.21352153437901844,Human,0
GPT5,Restricted,GPT5-Restricted,0.1438355912303633,Human,0
GPT5,Restricted,GPT5-Restricted,0.377454354384954,Human,0
GPT5,Restricted,GPT5-Restricted,0.5650934066507859,Human,0
GPT5,Restricted,GPT5-Restricted,0.1630072176589782,Human,0
GPT5,Restricted,GPT5-Restricted,0.18233447322724664,Human,0
GPT5,Restricted,GPT5-Restricted,0.32226779673263595,Human,0
GPT5,Restricted,GPT5-Restricted,0.4195473533944574,Human,0
GPT5,Restricted,GPT5-Restricted,0.39881583423744515,Human,0
GPT5,Restricted,GPT5-Restricted,0.4453711828702001,Human,0
GPT5,Restricted,GPT5-Restricted,0.0683511177656885,Human,0
GPT5,Restricted,GPT5-Restricted,0.7689875895494563,Human,0
GPT5,Restricted,GPT5-Restricted,0.25539499024666334,Human,0
GPT5,Restricted,GPT5-Restricted,0.5467937785160091,Human,0
GPT5,Restricted,GPT5-Restricted,0.19569631422537123,Human,0
GPT5,Restricted,GPT5-Restricted,0.46057790287483213,Human,0
GPT5,Restricted,GPT5-Restricted,0.14866751854741062,Human,0
GPT5,Restricted,GPT5-Restricted,0.2602633646751537,Human,0
GPT5,Restricted,GPT5-Restricted,0.49117777400486523,Human,0
GPT5,Restricted,GPT5-Restricted,0.4024021021549655,Human,0
GPT5,Restricted,GPT5-Restricted,0.41406839400392725,Human,0
GPT5,Restricted,GPT5-Restricted,0.4753954202447126,Human,0
GPT5,Restricted,GPT5-Restricted,0.3256863437634191,Human,0
GPT5,Restricted,GPT5-Restricted,0.1305453009163611,Human,0
GPT5,Restricted,GPT5-Restricted,0.4063148691863087,Human,0
GPT5,Restricted,GPT5-Restricted,0.1128451453828307,Human,0
GPT5,Restricted,GPT5-Restricted,0.5966232665224432,Human,0
GPT5,Restricted,GPT5-Restricted,0.26881595557601784,Human,0
GPT5,Restricted,GPT5-Restricted,0.5417083715955356,Human,0
GPT5,Restricted,GPT5-Restricted,0.6483264389037003,Human,0
GPT5,Restricted,GPT5-Restricted,0.39343275699300523,Human,0
GPT5,Restricted,GPT5-Restricted,0.31969711529277317,Human,0
GPT5,Restricted,GPT5-Restricted,0.11330515477420257,Human,0
GPT5,Restricted,GPT5-Restricted,0.09061322349144027,Human,0
GPT5,Restricted,GPT5-Restricted,0.26590351287376457,Human,0
GPT5,Restricted,GPT5-Restricted,0.6910162102009598,Human,0
GPT5,Restricted,GPT5-Restricted,0.27272132758856005,Human,0
GPT5,Restricted,GPT5-Restricted,0.24115642742641588,Human,0
GPT5,Restricted,GPT5-Restricted,0.1743896835901319,Human,0
GPT5,Restricted,GPT5-Restricted,0.3425543860314503,Human,0
GPT5,Restricted,GPT5-Restricted,0.10753504926228845,Human,0
GPT5,Restricted,GPT5-Restricted,0.3697297702931837,Human,0
GPT5,Restricted,GPT5-Restricted,0.3109053054164814,Human,0
GPT5,Restricted,GPT5-Restricted,0.23950927172321979,Human,0
GPT5,Restricted,GPT5-Restricted,0.04487923551532123,Human,0
GPT5,Restricted,GPT5-Restricted,0.3798256611693331,Human,0
GPT5,Restricted,GPT5-Restricted,0.08007359548364704,Human,0
GPT5,Restricted,GPT5-Restricted,0.13516624681525455,Human,0
GPT5,Restricted,GPT5-Restricted,0.3662563776039316,Human,0
GPT5,Restricted,GPT5-Restricted,0.6743693590045747,Human,0
GPT5,Restricted,GPT5-Restricted,0.3665941814310716,Human,0
GPT5,Restricted,GPT5-Restricted,0.5172763988815292,Human,0
GPT5,Restricted,GPT5-Restricted,0.2889381733432135,Human,0
GPT5,Restricted,GPT5-Restricted,0.2011300400317252,Human,0
GPT5,Restricted,GPT5-Restricted,0.5306730170104936,Human,0
GPT5,Restricted,GPT5-Restricted,0.17348156542052695,Human,0
GPT5,Restricted,GPT5-Restricted,0.031589130267153404,Human,0
GPT5,Restricted,GPT5-Restricted,0.2776988508888364,Human,0
GPT5,Restricted,GPT5-Restricted,0.6110477452196537,Human,0
GPT5,Restricted,GPT5-Restricted,0.19640358744581096,Human,0
GPT5,Restricted,GPT5-Restricted,0.0693197059272319,Human,0
GPT5,Restricted,GPT5-Restricted,0.13746295423623758,Human,0
GPT5,Restricted,GPT5-Restricted,0.3830466109926002,Human,0
GPT5,Restricted,GPT5-Restricted,0.2837353266757929,Human,0
GPT5,Restricted,GPT5-Restricted,0.5128300809896257,Human,0
GPT5,Restricted,GPT5-Restricted,0.31869256341546687,Human,0
GPT5,Restricted,GPT5-Restricted,0.3879896206659992,Human,0
GPT5,Restricted,GPT5-Restricted,0.8992081892692417,Human,0
GPT5,Restricted,GPT5-Restricted,0.13482345054227207,Human,0
GPT5,Restricted,GPT5-Restricted,0.3522919042842094,Human,0
GPT5,Restricted,GPT5-Restricted,0.7931868480311773,Human,0
GPT5,Restricted,GPT5-Restricted,0.2770013384266176,Human,0
GPT5,Restricted,GPT5-Restricted,0.25243287422175514,Human,0
GPT5,Restricted,GPT5-Restricted,0.2968859127733575,Human,0
GPT5,Restricted,GPT5-Restricted,0.1975917536576603,Human,0
GPT5,Restricted,GPT5-Restricted,0.4539628187950245,Human,0
GPT5,Restricted,GPT5-Restricted,0.29858591906816107,Human,0
GPT5,Restricted,GPT5-Restricted,0.6265539305651362,Human,0
GPT5,Restricted,GPT5-Restricted,0.42900942696833444,Human,0
GPT5,Restricted,GPT5-Restricted,0.37772204947324683,Human,0
GPT5,Restricted,GPT5-Restricted,0.24484792609706488,Human,0
GPT5,Restricted,GPT5-Restricted,0.2430042703030284,Human,0
GPT5,Restricted,GPT5-Restricted,0.041883424857642904,Human,0
GPT5,Restricted,GPT5-Restricted,0.24826973850884101,Human,0
GPT5,Restricted,GPT5-Restricted,0.30379750294310204,Human,0
GPT5,Restricted,GPT5-Restricted,0.21625748991033447,Human,0
GPT5,Restricted,GPT5-Restricted,0.44516699101826107,Human,0
GPT5,Restricted,GPT5-Restricted,0.47217666725622387,Human,0
GPT5,Restricted,GPT5-Restricted,0.25204918274763805,Human,0
GPT5,Restricted,GPT5-Restricted,0.06790191311363473,Human,0
GPT5,Restricted,GPT5-Restricted,0.13298957851298152,Human,0
GPT5,Restricted,GPT5-Restricted,0.04590813535402051,Human,0
GPT5,Restricted,GPT5-Restricted,0.3212687013204589,Human,0
GPT5,Restricted,GPT5-Restricted,0.05588099120160323,Human,0
GPT5,Restricted,GPT5-Restricted,0.14458654253062356,Human,0
GPT5,Restricted,GPT5-Restricted,0.29013511444879225,Human,0
GPT5,Restricted,GPT5-Restricted,0.32468154571086727,Human,0
GPT5,Restricted,GPT5-Restricted,0.16904073567076422,Human,0
GPT5,Restricted,GPT5-Restricted,0.1352699097824479,Human,0
GPT5,Restricted,GPT5-Restricted,0.4139723262254311,Human,0
GPT5,Restricted,GPT5-Restricted,0.11344633563779177,Human,0
GPT5,Restricted,GPT5-Restricted,0.5498387487546903,Human,0
GPT5,Restricted,GPT5-Restricted,0.4041909183480272,Human,0
GPT5,Restricted,GPT5-Restricted,0.0904241988378491,Human,0
GPT5,Restricted,GPT5-Restricted,0.18371064338507753,Human,0
GPT5,Restricted,GPT5-Restricted,0.3353008513696579,Human,0
GPT5,Restricted,GPT5-Restricted,0.12930789997300918,Human,0
GPT5,Restricted,GPT5-Restricted,0.21347846987209582,Human,0
GPT5,Restricted,GPT5-Restricted,0.2137010920138677,Human,0
GPT5,Restricted,GPT5-Restricted,0.13966354713804616,Human,0
GPT5,Restricted,GPT5-Restricted,0.585797028543905,Human,0
GPT5,Restricted,GPT5-Restricted,0.5926509751782776,Human,0
GPT5,Restricted,GPT5-Restricted,0.4453618997807122,Human,0
GPT5,Restricted,GPT5-Restricted,0.11017708614081559,Human,0
GPT5,Restricted,GPT5-Restricted,0.2447464656103871,Human,0
GPT5,Restricted,GPT5-Restricted,0.8494432053114067,Human,0
GPT5,Restricted,GPT5-Restricted,0.6767667284895644,Human,0
GPT5,Restricted,GPT5-Restricted,0.2644800216112089,Human,0
GPT5,Restricted,GPT5-Restricted,0.5193659985084592,Human,0
GPT5,Restricted,GPT5-Restricted,0.37113146087264376,Human,0
GPT5,Restricted,GPT5-Restricted,0.2934416674956397,Human,0
GPT5,Restricted,GPT5-Restricted,0.550354324430857,Human,0
GPT5,Restricted,GPT5-Restricted,0.4175377356553077,Human,0
GPT5,Restricted,GPT5-Restricted,0.7142774992340793,Human,0
GPT5,Restricted,GPT5-Restricted,0.33230100674680907,Human,0
GPT5,Restricted,GPT5-Restricted,0.11764180894090775,Human,0
GPT5,Restricted,GPT5-Restricted,0.3407022031842495,Human,0
GPT5,Restricted,GPT5-Restricted,0.3256708759276953,Human,0
GPT5,Restricted,GPT5-Restricted,0.08322843243712849,Human,0
GPT5,Restricted,GPT5-Restricted,0.09311061327492237,Human,0
GPT5,Restricted,GPT5-Restricted,0.6996408940793049,Human,0
GPT5,Restricted,GPT5-Restricted,0.4563278007330047,Human,0
GPT5,Restricted,GPT5-Restricted,0.403201935977709,Human,0
GPT5,Restricted,GPT5-Restricted,0.3495835408757783,Human,0
GPT5,Restricted,GPT5-Restricted,0.22610396927978993,Human,0
GPT5,Restricted,GPT5-Restricted,0.21405374927939416,Human,0
GPT5,Restricted,GPT5-Restricted,0.24975644850114376,Human,0
GPT5,Restricted,GPT5-Restricted,0.11749225460675249,Human,0
GPT5,Restricted,GPT5-Restricted,0.4663517446140702,Human,0
GPT5,Restricted,GPT5-Restricted,0.5063197471144429,Human,0
GPT5,Restricted,GPT5-Restricted,0.14364096306474655,Human,0
GPT5,Restricted,GPT5-Restricted,0.21406292580003253,Human,0
GPT5,Restricted,GPT5-Restricted,0.12812307814054805,Human,0
GPT5,Restricted,GPT5-Restricted,0.379321815300368,Human,0
GPT5,Restricted,GPT5-Restricted,0.6987507401571652,Human,0
GPT5,Restricted,GPT5-Restricted,0.27947125534461514,Human,0
GPT5,Restricted,GPT5-Restricted,0.06854990829477565,Human,0
GPT5,Restricted,GPT5-Restricted,0.003363641838123358,Human,0
GPT5,Restricted,GPT5-Restricted,0.32376620770759773,Human,0
GPT5,Restricted,GPT5-Restricted,0.06779302516274989,Human,0
GPT5,Restricted,GPT5-Restricted,0.35141418324147894,Human,0
GPT5,Restricted,GPT5-Restricted,0.009288355365239219,Human,0
GPT5,Restricted,GPT5-Restricted,0.05547630837566494,Human,0
GPT5,Restricted,GPT5-Restricted,0.536613945338799,Human,0
GPT5,Restricted,GPT5-Restricted,0.21961327724737462,Human,0
GPT5,Restricted,GPT5-Restricted,0.17455144919739862,Human,0
GPT5,Restricted,GPT5-Restricted,0.47616309863362594,Human,0
GPT5,Restricted,GPT5-Restricted,0.20257034967094098,Human,0
GPT5,Restricted,GPT5-Restricted,0.3019306252961227,Human,0
GPT5,Restricted,GPT5-Restricted,0.16523375441286886,Human,0
GPT5,Restricted,GPT5-Restricted,0.07240131475095496,Human,0
GPT5,Restricted,GPT5-Restricted,0.13835954413933177,Human,0
GPT5,Restricted,GPT5-Restricted,0.08937109264399219,Human,0
GPT5,Restricted,GPT5-Restricted,0.29615622617680437,Human,0
GPT5,Restricted,GPT5-Restricted,0.27116568330321145,Human,0
GPT5,Restricted,GPT5-Restricted,0.2469069357679465,Human,0
GPT5,Restricted,GPT5-Restricted,0.4710867917736542,Human,0
GPT5,Restricted,GPT5-Restricted,0.28372757217890004,Human,0
GPT5,Restricted,GPT5-Restricted,0.19074018100839202,Human,0
GPT5,Restricted,GPT5-Restricted,0.21322034513671131,Human,0
GPT5,Restricted,GPT5-Restricted,0.09155889189882982,Human,0
GPT5,Restricted,GPT5-Restricted,0.09593714697059749,Human,0
GPT5,Restricted,GPT5-Restricted,0.3343173570203606,Human,0
GPT5,Restricted,GPT5-Restricted,0.4425211037012421,Human,0
GPT5,Restricted,GPT5-Restricted,0.10071964220871354,Human,0
GPT5,Restricted,GPT5-Restricted,0.5331086775348249,Human,0
GPT5,Restricted,GPT5-Restricted,0.20671976460613162,Human,0
GPT5,Restricted,GPT5-Restricted,0.0909030052648942,Human,0
GPT5,Restricted,GPT5-Restricted,0.24195775902280572,Human,0
GPT5,Restricted,GPT5-Restricted,0.08887484918474975,Human,0
GPT5,Restricted,GPT5-Restricted,0.08790535801393319,Human,0
GPT5,Restricted,GPT5-Restricted,0.14076534646236574,Human,0
GPT5,Restricted,GPT5-Restricted,0.7861258259927721,Human,0
GPT5,Restricted,GPT5-Restricted,0.773085981213642,Human,0
GPT5,Restricted,GPT5-Restricted,0.2138623479377983,Human,0
GPT5,Restricted,GPT5-Restricted,0.08593944772611407,Human,0
GPT5,Restricted,GPT5-Restricted,0.2054322802636833,Human,0
GPT5,Restricted,GPT5-Restricted,0.20398835999584866,Human,0
GPT5,Restricted,GPT5-Restricted,0.21117903369211155,Human,0
GPT5,Restricted,GPT5-Restricted,0.43401894808481645,Human,0
GPT5,Restricted,GPT5-Restricted,0.17979953305028287,Human,0
GPT5,Restricted,GPT5-Restricted,0.495768489137509,Human,0
GPT5,Restricted,GPT5-Restricted,0.2446948262065959,Human,0
GPT5,Restricted,GPT5-Restricted,0.019189485511912657,Human,0
GPT5,Restricted,GPT5-Restricted,0.4087446849485918,Human,0
GPT5,Restricted,GPT5-Restricted,0.4959712758954643,Human,0
GPT5,Restricted,GPT5-Restricted,0.27574089693187603,Human,0
GPT5,Restricted,GPT5-Restricted,0.2614288987994226,Human,0
GPT5,Restricted,GPT5-Restricted,0.13026171266188438,Human,0
GPT5,Restricted,GPT5-Restricted,0.18082455221350016,Human,0
GPT5,Restricted,GPT5-Restricted,0.676925944891865,Human,0
GPT5,Restricted,GPT5-Restricted,0.4593182679037218,Human,0
GPT5,Restricted,GPT5-Restricted,0.21544363702088073,Human,0
GPT5,Restricted,GPT5-Restricted,0.2280999132153767,Human,0
GPT5,Restricted,GPT5-Restricted,0.13089011145088178,Human,0
GPT5,Restricted,GPT5-Restricted,0.04965529227407884,Human,0
GPT5,Restricted,GPT5-Restricted,0.5520746555693995,Human,0
GPT5,Restricted,GPT5-Restricted,0.1683255587250009,Human,0
GPT5,Restricted,GPT5-Restricted,0.028777723058140973,Human,0
GPT5,Restricted,GPT5-Restricted,0.05710873442034238,Human,0
GPT5,Restricted,GPT5-Restricted,0.07945545624997863,Human,0
GPT5,Restricted,GPT5-Restricted,0.08191425734708088,Human,0
GPT5,Restricted,GPT5-Restricted,0.26973751113556255,Human,0
GPT5,Restricted,GPT5-Restricted,0.039445432036751875,Human,0
GPT5,Restricted,GPT5-Restricted,0.4527158081205192,Human,0
GPT5,Restricted,GPT5-Restricted,0.126748712576361,Human,0
GPT5,Restricted,GPT5-Restricted,0.03530438778421409,Human,0
GPT5,Restricted,GPT5-Restricted,0.32218514890363553,Human,0
GPT5,Restricted,GPT5-Restricted,0.22700893042314674,Human,0
GPT5,Restricted,GPT5-Restricted,0.20713745709364612,Human,0
GPT5,Restricted,GPT5-Restricted,0.299781017149423,Human,0
GPT5,Restricted,GPT5-Restricted,0.33868070544717166,Human,0
GPT5,Restricted,GPT5-Restricted,0.10054340331531829,Human,0
GPT5,Restricted,GPT5-Restricted,0.5125386951069846,Human,0
GPT5,Restricted,GPT5-Restricted,0.06411140160498295,Human,0
GPT5,Restricted,GPT5-Restricted,0.5601771012175757,Human,0
GPT5,Restricted,GPT5-Restricted,0.14255266284993004,Human,0
GPT5,Restricted,GPT5-Restricted,0.23660246916870417,Human,0
GPT5,Restricted,GPT5-Restricted,0.06233410393169691,Human,0
GPT5,Restricted,GPT5-Restricted,0.3540772131561009,Human,0
GPT5,Restricted,GPT5-Restricted,0.08902723270955366,Human,0
GPT5,Restricted,GPT5-Restricted,0.10522353081363842,Human,0
GPT5,Restricted,GPT5-Restricted,0.26769123580596327,Human,0
GPT5,Restricted,GPT5-Restricted,0.1248078097675366,Human,0
GPT5,Restricted,GPT5-Restricted,0.16951117622644601,Human,0
GPT5,Restricted,GPT5-Restricted,0.15001995448554517,Human,0
GPT5,Restricted,GPT5-Restricted,0.2820362342969106,Human,0
GPT5,Restricted,GPT5-Restricted,0.24868761720986043,Human,0
GPT5,Restricted,GPT5-Restricted,0.367077227818942,Human,0
GPT5,Restricted,GPT5-Restricted,0.43242531294095704,Human,0
GPT5,Restricted,GPT5-Restricted,0.7135531643548312,Human,0
GPT5,Restricted,GPT5-Restricted,0.32732543203219105,Human,0
GPT5,Restricted,GPT5-Restricted,0.4482301345763101,Human,0
GPT5,Restricted,GPT5-Restricted,0.1511378028386823,Human,0
GPT5,Restricted,GPT5-Restricted,0.38421615661983616,Human,0
GPT5,Restricted,GPT5-Restricted,0.3319200547546547,Human,0
GPT5,Restricted,GPT5-Restricted,0.014104583674087881,Human,0
GPT5,Restricted,GPT5-Restricted,0.3290750867149306,Human,0
GPT5,Restricted,GPT5-Restricted,0.17721114354124506,Human,0
GPT5,Restricted,GPT5-Restricted,0.3553338878254677,Human,0
GPT5,Restricted,GPT5-Restricted,0.04990176320370531,Human,0
GPT5,Restricted,GPT5-Restricted,0.03901644350836447,Human,0
GPT5,Restricted,GPT5-Restricted,0.08490117032875188,Human,0
GPT5,Restricted,GPT5-Restricted,0.17776484898519307,Human,0
GPT5,Restricted,GPT5-Restricted,0.08553612508263474,Human,0
GPT5,Restricted,GPT5-Restricted,0.2089345033687253,Human,0
GPT5,Restricted,GPT5-Restricted,0.1969281344454364,Human,0
GPT5,Restricted,GPT5-Restricted,0.3003322063533218,Human,0
GPT5,Restricted,GPT5-Restricted,0.04114395903108296,Human,0
GPT5,Restricted,GPT5-Restricted,0.07105234121998401,Human,0
GPT5,Restricted,GPT5-Restricted,0.7321212527229937,Human,0
GPT5,Restricted,GPT5-Restricted,0.4952911103092727,Human,0
GPT5,Restricted,GPT5-Restricted,0.5725245511393515,Human,0
GPT5,Restricted,GPT5-Restricted,0.02719388218396665,Human,0
GPT5,Restricted,GPT5-Restricted,0.0834797957973685,Human,0
GPT5,Restricted,GPT5-Restricted,0.26246735527035253,Human,0
GPT5,Restricted,GPT5-Restricted,0.2464264222332341,Human,0
GPT5,Restricted,GPT5-Restricted,0.07666839631923496,Human,0
GPT5,Restricted,GPT5-Restricted,0.14634002412845173,Human,0
GPT5,Restricted,GPT5-Restricted,0.4763514115814598,Human,0
GPT5,Restricted,GPT5-Restricted,0.5310650172665994,Human,0
GPT5,Restricted,GPT5-Restricted,0.4223609787756387,Human,0
GPT5,Restricted,GPT5-Restricted,0.27507645803355435,Human,0
GPT5,Restricted,GPT5-Restricted,0.557753195029684,Human,0
GPT5,Restricted,GPT5-Restricted,0.09366597120341398,Human,0
GPT5,Restricted,GPT5-Restricted,0.3573842827435296,Human,0
GPT5,Restricted,GPT5-Restricted,0.046186526738080144,Human,0
GPT5,Restricted,GPT5-Restricted,0.44206770672391876,Human,0
GPT5,Restricted,GPT5-Restricted,0.21225555364393106,Human,0
GPT5,Restricted,GPT5-Restricted,0.5765870359931508,Human,0
GPT5,Restricted,GPT5-Restricted,0.17915745377063097,Human,0
GPT5,Restricted,GPT5-Restricted,0.05405676395435599,Human,0
GPT5,Restricted,GPT5-Restricted,0.1586835902255095,Human,0
GPT5,Restricted,GPT5-Restricted,0.050750420018450766,Human,0
GPT5,Restricted,GPT5-Restricted,0.025643304710738543,Human,0
GPT5,Restricted,GPT5-Restricted,0.43925322429856706,Human,0
GPT5,Restricted,GPT5-Restricted,0.37088688093768996,Human,0
GPT5,Restricted,GPT5-Restricted,0.060867012269434535,Human,0
GPT5,Restricted,GPT5-Restricted,0.36596816470154286,Human,0
GPT5,Restricted,GPT5-Restricted,0.1606934366728849,Human,0
GPT5,Restricted,GPT5-Restricted,0.4544435747707298,Human,0
GPT5,Restricted,GPT5-Restricted,0.3325467065584693,Human,0
GPT5,Restricted,GPT5-Restricted,0.3478870430909144,Human,0
GPT5,Restricted,GPT5-Restricted,0.26435284555032446,Human,0
GPT5,Restricted,GPT5-Restricted,0.3612862135411339,Human,0
GPT5,Restricted,GPT5-Restricted,0.4156774503230565,Human,0
GPT5,Restricted,GPT5-Restricted,0.7047796507367144,Human,0
GPT5,Restricted,GPT5-Restricted,0.28865556970170464,Human,0
GPT5,Restricted,GPT5-Restricted,0.27926214058597293,Human,0
GPT5,Restricted,GPT5-Restricted,0.48646907475416135,Human,0
GPT5,Restricted,GPT5-Restricted,0.6833401493683969,Human,0
GPT5,Restricted,GPT5-Restricted,0.4433639213220335,Human,0
GPT5,Restricted,GPT5-Restricted,0.18657712403392906,Human,0
GPT5,Restricted,GPT5-Restricted,0.30122721041179246,Human,0
GPT5,Restricted,GPT5-Restricted,0.49857413270613293,Human,0
GPT5,Restricted,GPT5-Restricted,0.32130882396445626,Human,0
GPT5,Restricted,GPT5-Restricted,0.17244277267929883,Human,0
GPT5,Restricted,GPT5-Restricted,0.11597117608720565,Human,0
GPT5,Restricted,GPT5-Restricted,0.4864754717849667,Human,0
GPT5,Restricted,GPT5-Restricted,0.2314789341503149,Human,0
GPT5,Restricted,GPT5-Restricted,0.1519260480405078,Human,0
GPT5,Restricted,GPT5-Restricted,0.14692826485035868,Human,0
GPT5,Restricted,GPT5-Restricted,0.1006794658734679,Human,0
GPT5,Restricted,GPT5-Restricted,0.3629620681498478,Human,0
GPT5,Restricted,GPT5-Restricted,0.4307185165951825,Human,0
GPT5,Restricted,GPT5-Restricted,0.44897678920305933,Human,0
GPT5,Restricted,GPT5-Restricted,0.07233399154244223,Human,0
GPT5,Restricted,GPT5-Restricted,0.27392168861593186,Human,0
GPT5,Restricted,GPT5-Restricted,0.6658451306260863,Human,0
GPT5,Restricted,GPT5-Restricted,0.1598249524124014,Human,0
GPT5,Restricted,GPT5-Restricted,0.5768549971137591,Human,0
GPT5,Restricted,GPT5-Restricted,0.1109076211756161,Human,0
GPT5,Restricted,GPT5-Restricted,0.12632456460754599,Human,0
GPT5,Restricted,GPT5-Restricted,0.03378956950615456,Human,0
GPT5,Restricted,GPT5-Restricted,0.07270170089898005,Human,0
GPT5,Restricted,GPT5-Restricted,0.07715495324610498,Human,0
GPT5,Restricted,GPT5-Restricted,0.06629801737361714,Human,0
GPT5,Restricted,GPT5-Restricted,0.056392989142216916,Human,0
GPT5,Restricted,GPT5-Restricted,0.43714794711346755,Human,0
GPT5,Restricted,GPT5-Restricted,0.22891611887779217,Human,0
GPT5,Restricted,GPT5-Restricted,0.6833959662396215,Human,0
GPT5,Restricted,GPT5-Restricted,0.39448772121022546,Human,0
GPT5,Restricted,GPT5-Restricted,0.3118610405966875,Human,0
GPT5,Restricted,GPT5-Restricted,0.2484045457951969,Human,0
GPT5,Restricted,GPT5-Restricted,0.32058408238574243,Human,0
GPT5,Restricted,GPT5-Restricted,0.41417558403387095,Human,0
GPT5,Restricted,GPT5-Restricted,0.351291418403669,Human,0
GPT5,Restricted,GPT5-Restricted,0.6477247625259598,Human,0
GPT5,Restricted,GPT5-Restricted,0.17277057306864513,Human,0
GPT5,Restricted,GPT5-Restricted,0.32109667702728556,Human,0
GPT5,Restricted,GPT5-Restricted,0.5722264351115254,Human,0
GPT5,Restricted,GPT5-Restricted,0.3551066673996275,Human,0
GPT5,Restricted,GPT5-Restricted,0.6828283278961624,Human,0
GPT5,Restricted,GPT5-Restricted,0.5153855930102111,Human,0
GPT5,Restricted,GPT5-Restricted,0.44626873268649936,Human,0
GPT5,Restricted,GPT5-Restricted,0.28492390287058383,Human,0
GPT5,Restricted,GPT5-Restricted,0.43039791555436063,Human,0
GPT5,Restricted,GPT5-Restricted,0.7465406030796347,Human,0
GPT5,Restricted,GPT5-Restricted,0.4130381297180615,Human,0
GPT5,Restricted,GPT5-Restricted,0.596025051201706,Human,0
GPT5,Restricted,GPT5-Restricted,0.7646523690668243,Human,0
GPT5,Restricted,GPT5-Restricted,0.11569533380497349,Human,0
GPT5,Restricted,GPT5-Restricted,0.09443147127080295,Human,0
GPT5,Restricted,GPT5-Restricted,0.25769921218835246,Human,0
GPT5,Restricted,GPT5-Restricted,0.417674744805987,Human,0
GPT5,Restricted,GPT5-Restricted,0.4583888269105936,Human,0
GPT5,Restricted,GPT5-Restricted,0.08369068962463319,Human,0
GPT5,Restricted,GPT5-Restricted,0.30627556135420325,Human,0
GPT5,Restricted,GPT5-Restricted,0.2877661168365163,Human,0
GPT5,Restricted,GPT5-Restricted,0.3879757622819519,Human,0
GPT5,Restricted,GPT5-Restricted,0.009046000828069925,Human,0
GPT5,Restricted,GPT5-Restricted,0.136920222544615,Human,0
GPT5,Restricted,GPT5-Restricted,0.3230272338967443,Human,0
GPT5,Restricted,GPT5-Restricted,0.17854029836775964,Human,0
GPT5,Restricted,GPT5-Restricted,0.30075222472960383,Human,0
GPT5,Restricted,GPT5-Restricted,0.33395277253707883,Human,0
GPT5,Restricted,GPT5-Restricted,0.5163194520080692,Human,0
GPT5,Restricted,GPT5-Restricted,0.3367590009964102,Human,0
GPT5,Restricted,GPT5-Restricted,0.07892471525626364,Human,0
GPT5,Restricted,GPT5-Restricted,0.3226429234877381,Human,0
GPT5,Restricted,GPT5-Restricted,0.26489625413971923,Human,0
GPT5,Restricted,GPT5-Restricted,0.5646519456449037,Human,0
GPT5,Restricted,GPT5-Restricted,0.4267605019307412,Human,0
GPT5,Restricted,GPT5-Restricted,0.09550785509975482,Human,0
GPT5,Restricted,GPT5-Restricted,0.6029725733827076,Human,0
GPT5,Restricted,GPT5-Restricted,0.6200170366554054,Human,0
GPT5,Restricted,GPT5-Restricted,0.545104695478795,Human,0
GPT5,Restricted,GPT5-Restricted,0.19737953551885162,Human,0
GPT5,Restricted,GPT5-Restricted,0.3208676462581236,Human,0
GPT5,Restricted,GPT5-Restricted,0.27956690203761353,Human,0
GPT5,Restricted,GPT5-Restricted,0.29654297971580773,Human,0
GPT5,Restricted,GPT5-Restricted,0.4664031360575513,Human,0
GPT5,Restricted,GPT5-Restricted,0.1803783995518394,Human,0
GPT5,Restricted,GPT5-Restricted,0.4648730879443258,Human,0
GPT5,Restricted,GPT5-Restricted,0.2425822579735411,Human,0
GPT5,Restricted,GPT5-Restricted,0.12075791109245228,Human,0
GPT5,Restricted,GPT5-Restricted,0.7876609328080992,Human,0
GPT5,Restricted,GPT5-Restricted,0.8441122948220761,Human,0
GPT5,Restricted,GPT5-Restricted,0.29930581837239545,Human,0
GPT5,Restricted,GPT5-Restricted,0.09630845860212942,Human,0
GPT5,Restricted,GPT5-Restricted,0.05900250891461335,Human,0
GPT5,Restricted,GPT5-Restricted,0.33569756457946703,Human,0
GPT5,Restricted,GPT5-Restricted,0.24190866420483384,Human,0
GPT5,Restricted,GPT5-Restricted,0.09058522450486951,Human,0
GPT5,Restricted,GPT5-Restricted,0.41487418456787334,Human,0
GPT5,Restricted,GPT5-Restricted,0.382537547920717,Human,0
GPT5,Restricted,GPT5-Restricted,0.06715761283615453,Human,0
GPT5,Restricted,GPT5-Restricted,0.20649195788496588,Human,0
GPT5,Restricted,GPT5-Restricted,0.20198163500790334,Human,0
GPT5,Restricted,GPT5-Restricted,0.5832904567897208,Human,0
GPT5,Restricted,GPT5-Restricted,0.1206377785369794,Human,0
GPT5,Restricted,GPT5-Restricted,0.08175374496321952,Human,0
GPT5,Restricted,GPT5-Restricted,0.12470669190730287,Human,0
GPT5,Restricted,GPT5-Restricted,0.3167414395724156,Human,0
GPT5,Restricted,GPT5-Restricted,0.05433197580312464,Human,0
GPT5,Restricted,GPT5-Restricted,0.30750189603117356,Human,0
GPT5,Restricted,GPT5-Restricted,0.5841555313164365,Human,0
GPT5,Restricted,GPT5-Restricted,0.3962042677840075,Human,0
GPT5,Restricted,GPT5-Restricted,0.1625601845536752,Human,0
GPT5,Restricted,GPT5-Restricted,0.18869015183034482,Human,0
GPT5,Restricted,GPT5-Restricted,0.2541736046112181,Human,0
GPT5,Restricted,GPT5-Restricted,0.7685487658780652,Human,0
GPT5,Restricted,GPT5-Restricted,0.1433103238412606,Human,0
GPT5,Restricted,GPT5-Restricted,0.5497002086751238,Human,0
GPT5,Restricted,GPT5-Restricted,0.12459898103779844,Human,0
GPT5,Restricted,GPT5-Restricted,0.39851896186407393,Human,0
GPT5,Restricted,GPT5-Restricted,0.4275015807707986,Human,0
GPT5,Restricted,GPT5-Restricted,0.4494767670893154,Human,0
GPT5,Restricted,GPT5-Restricted,0.23353261190997632,Human,0
GPT5,Restricted,GPT5-Restricted,0.21053830632108508,Human,0
GPT5,Restricted,GPT5-Restricted,0.41375327648940735,Human,0
GPT5,Restricted,GPT5-Restricted,0.26106859113618797,Human,0
GPT5,Restricted,GPT5-Restricted,0.5595770850473738,Human,0
GPT5,Restricted,GPT5-Restricted,0.36594670815789837,Human,0
GPT5,Restricted,GPT5-Restricted,0.08795168867126273,Human,0
GPT5,Restricted,GPT5-Restricted,0.8512977335619115,Human,0
GPT5,Restricted,GPT5-Restricted,0.11702903633593502,Human,0
GPT5,Restricted,GPT5-Restricted,0.1889122173519231,Human,0
GPT5,Restricted,GPT5-Restricted,0.3582265351873864,Human,0
GPT5,Restricted,GPT5-Restricted,0.6336767021937338,Human,0
GPT5,Restricted,GPT5-Restricted,0.24178759895261215,Human,0
GPT5,Restricted,GPT5-Restricted,0.2838444855179223,Human,0
GPT5,Restricted,GPT5-Restricted,0.2128650928200203,Human,0
GPT5,Restricted,GPT5-Restricted,0.6933413488030629,Human,0
GPT5,Restricted,GPT5-Restricted,0.184835559507779,Human,0
GPT5,Restricted,GPT5-Restricted,0.4600701181711152,Human,0
GPT5,Restricted,GPT5-Restricted,0.6513523440489476,Human,0
GPT5,Restricted,GPT5-Restricted,0.3105534806279379,Human,0
GPT5,Restricted,GPT5-Restricted,0.5271964282497303,Human,0
GPT5,Restricted,GPT5-Restricted,0.13109351233472638,Human,0
GPT5,Restricted,GPT5-Restricted,0.30877390384349923,Human,0
GPT5,Restricted,GPT5-Restricted,0.17041093355342543,Human,0
GPT5,Restricted,GPT5-Restricted,0.1481368355158521,Human,0
GPT5,Restricted,GPT5-Restricted,0.15694624849994995,Human,0
GPT5,Restricted,GPT5-Restricted,0.3249892608381079,Human,0
GPT5,Restricted,GPT5-Restricted,0.22824157308458434,Human,0
GPT5,Restricted,GPT5-Restricted,0.13272797722020724,Human,0
GPT5,Restricted,GPT5-Restricted,0.43007090414682686,Human,0
GPT5,Restricted,GPT5-Restricted,0.07904563106742225,Human,0
GPT5,Restricted,GPT5-Restricted,0.554178203227497,Human,0
GPT5,Restricted,GPT5-Restricted,0.5835453797261064,Human,0
GPT5,Restricted,GPT5-Restricted,0.6835601872052587,Human,0
GPT5,Restricted,GPT5-Restricted,0.12744277656876046,Human,0
GPT5,Restricted,GPT5-Restricted,0.2840526749778749,Human,0
GPT5,Restricted,GPT5-Restricted,0.6265780962070983,Human,0
GPT5,Restricted,GPT5-Restricted,0.6188903671733723,Human,0
GPT5,Restricted,GPT5-Restricted,0.06964289860635296,Human,0
GPT5,Restricted,GPT5-Restricted,0.48092919554096375,Human,0
GPT5,Restricted,GPT5-Restricted,0.2453026569109093,Human,0
GPT5,Restricted,GPT5-Restricted,0.36840626148155253,Human,0
GPT5,Restricted,GPT5-Restricted,0.3337362957330258,Human,0
GPT5,Restricted,GPT5-Restricted,0.33042759180095893,Human,0
GPT5,Restricted,GPT5-Restricted,0.5196160826537383,Human,0
GPT5,Restricted,GPT5-Restricted,0.267907404404182,Human,0
GPT5,Restricted,GPT5-Restricted,0.5121481118206801,Human,0
GPT5,Restricted,GPT5-Restricted,0.38940789188621483,Human,0
GPT5,Restricted,GPT5-Restricted,0.6748446258464256,Human,0
GPT5,Restricted,GPT5-Restricted,0.8954561542913156,Human,0
GPT5,Restricted,GPT5-Restricted,0.41817561650429785,Human,0
GPT5,Restricted,GPT5-Restricted,0.8814774915757819,Human,0
GPT5,Restricted,GPT5-Restricted,0.11924535067020733,Human,0
GPT5,Restricted,GPT5-Restricted,0.30375711963419055,Human,0
GPT5,Restricted,GPT5-Restricted,0.19801678719888008,Human,0
GPT5,Restricted,GPT5-Restricted,0.6184387503462747,Human,0
GPT5,Restricted,GPT5-Restricted,0.41333024486684566,Human,0
GPT5,Restricted,GPT5-Restricted,0.27072671175282736,Human,0
GPT5,Restricted,GPT5-Restricted,0.3371692972103288,Human,0
GPT5,Restricted,GPT5-Restricted,0.45283677602223343,Human,0
GPT5,Restricted,GPT5-Restricted,0.20287937393210512,Human,0
GPT5,Restricted,GPT5-Restricted,0.5786532228689051,Human,0
GPT5,Restricted,GPT5-Restricted,0.32204286553068706,Human,0
GPT5,Restricted,GPT5-Restricted,0.13521068999153874,Human,0
GPT5,Restricted,GPT5-Restricted,0.5080618439799959,Human,0
GPT5,Restricted,GPT5-Restricted,0.6736017588017901,Human,0
GPT5,Restricted,GPT5-Restricted,0.48924575836501677,Human,0
GPT5,Restricted,GPT5-Restricted,0.20716883084528828,Human,0
GPT5,Restricted,GPT5-Restricted,0.06614172775371618,Human,0
GPT5,Restricted,GPT5-Restricted,0.537950607553382,Human,0
GPT5,Restricted,GPT5-Restricted,0.39436469711130845,Human,0
GPT5,Restricted,GPT5-Restricted,0.4735555756499586,Human,0
GPT5,Restricted,GPT5-Restricted,0.6390833119650713,Human,0
GPT5,Restricted,GPT5-Restricted,0.42933395004347996,Human,0
GPT5,Restricted,GPT5-Restricted,0.6148950587149328,Human,0
GPT5,Restricted,GPT5-Restricted,0.6218406166199929,Human,0
GPT5,Restricted,GPT5-Restricted,0.7460414040585428,Human,0
GPT5,Restricted,GPT5-Restricted,0.5916876267837994,Human,0
GPT5,Restricted,GPT5-Restricted,0.7370011319247771,Human,0
GPT5,Restricted,GPT5-Restricted,0.2631442849329592,Human,0
GPT5,Restricted,GPT5-Restricted,0.17846718886986215,Human,0
GPT5,Restricted,GPT5-Restricted,0.42419924215658333,Human,0
GPT5,Restricted,GPT5-Restricted,0.382918584664004,Human,0
GPT5,Restricted,GPT5-Restricted,0.34666072118781455,Human,0
GPT5,Restricted,GPT5-Restricted,0.3023280047282601,Human,0
GPT5,Restricted,GPT5-Restricted,0.39178781146011954,Human,0
GPT5,Restricted,GPT5-Restricted,0.07000456021397643,Human,0
GPT5,Restricted,GPT5-Restricted,0.5082213015282447,Human,0
GPT5,Restricted,GPT5-Restricted,0.878474479521824,Human,0
GPT5,Restricted,GPT5-Restricted,0.6095500370283214,Human,0
GPT5,Restricted,GPT5-Restricted,0.26374197314575426,Human,0
GPT5,Restricted,GPT5-Restricted,0.23762530048977518,Human,0
GPT5,Restricted,GPT5-Restricted,0.3033062501722182,Human,0
GPT5,Restricted,GPT5-Restricted,0.46628365806892386,Human,0
GPT5,Restricted,GPT5-Restricted,0.23043472647733992,Human,0
GPT5,Restricted,GPT5-Restricted,0.26664145587682014,Human,0
GPT5,Restricted,GPT5-Restricted,0.35717086210564,Human,0
GPT5,Restricted,GPT5-Restricted,0.8071910768959133,Human,0
GPT5,Restricted,GPT5-Restricted,0.7194729969701589,Human,0
GPT5,Restricted,GPT5-Restricted,0.9111306658922188,Human,0
GPT5,Restricted,GPT5-Restricted,0.797406708042086,Human,0
GPT5,Restricted,GPT5-Restricted,0.5974688058880003,Human,0
GPT5,Restricted,GPT5-Restricted,0.1531659575927407,Human,0
GPT5,Restricted,GPT5-Restricted,0.46497027423660914,Human,0
GPT5,Restricted,GPT5-Restricted,0.6997882671872336,Human,0
GPT5,Restricted,GPT5-Restricted,0.42142063235871097,Human,0
GPT5,Restricted,GPT5-Restricted,0.7007057058667965,Human,0
GPT5,Restricted,GPT5-Restricted,0.5051526277268502,Human,0
GPT5,Restricted,GPT5-Restricted,0.7862085123431056,Human,0
GPT5,Restricted,GPT5-Restricted,0.45297653536154936,Human,0
GPT5,Restricted,GPT5-Restricted,0.3485113944972988,Human,0
GPT5,Restricted,GPT5-Restricted,0.5130034553159878,Human,0
GPT5,Restricted,GPT5-Restricted,0.2695118872752719,Human,0
GPT5,Restricted,GPT5-Restricted,0.24282512315360807,Human,0
GPT5,Restricted,GPT5-Restricted,0.33816394065800154,Human,0
GPT5,Restricted,GPT5-Restricted,0.4051528125558831,Human,0
GPT5,Restricted,GPT5-Restricted,0.5392476901102627,Human,0
GPT5,Restricted,GPT5-Restricted,0.39960462383477624,Human,0
GPT5,Restricted,GPT5-Restricted,0.38132973965393807,Human,0
GPT5,Restricted,GPT5-Restricted,0.5821597917218198,Human,0
GPT5,Restricted,GPT5-Restricted,0.6967502289183998,Human,0
GPT5,Restricted,GPT5-Restricted,0.6972712417625296,Human,0
GPT5,Restricted,GPT5-Restricted,0.43456198813671726,Human,0
GPT5,Restricted,GPT5-Restricted,0.4047981571103512,Human,0
GPT5,Restricted,GPT5-Restricted,0.25982873614203683,Human,0
GPT5,Restricted,GPT5-Restricted,0.21857979283878912,Human,0
GPT5,Restricted,GPT5-Restricted,0.5558595872897334,Human,0
GPT5,Restricted,GPT5-Restricted,0.7534710177838495,Human,0
GPT5,Restricted,GPT5-Restricted,0.295866506758216,Human,0
GPT5,Restricted,GPT5-Restricted,0.3946272308230121,Human,0
GPT5,Restricted,GPT5-Restricted,0.7018143475804175,Human,0
GPT5,Restricted,GPT5-Restricted,0.927831952672897,Human,0
GPT5,Restricted,GPT5-Restricted,0.1704365430903545,Human,0
GPT5,Restricted,GPT5-Restricted,0.23987882897823104,Human,0
GPT5,Restricted,GPT5-Restricted,0.7233254503206834,Human,0
GPT5,Restricted,GPT5-Restricted,0.7515213668371953,Human,0
GPT5,Restricted,GPT5-Restricted,0.45520445660512826,Human,0
GPT5,Restricted,GPT5-Restricted,0.6496056830026603,Human,0
GPT5,Restricted,GPT5-Restricted,0.4943368435355422,Human,0
GPT5,Restricted,GPT5-Restricted,0.44491735426409396,Human,0
GPT5,Restricted,GPT5-Restricted,0.8231941922815498,Human,0
GPT5,Restricted,GPT5-Restricted,0.8197247146062772,Human,0
GPT5,Restricted,GPT5-Restricted,0.7534665801533783,Human,0
GPT5,Restricted,GPT5-Restricted,0.5014158968844916,Human,0
GPT5,Restricted,GPT5-Restricted,0.3068677550066191,Human,0
GPT5,Restricted,GPT5-Restricted,0.34264810531739515,Human,0
GPT5,Restricted,GPT5-Restricted,0.296214557528159,Human,0
GPT5,Restricted,GPT5-Restricted,0.2530501236343619,Human,0
GPT5,Restricted,GPT5-Restricted,0.15663534802768433,Human,0
GPT5,Restricted,GPT5-Restricted,0.2159684675305757,Human,0
GPT5,Restricted,GPT5-Restricted,0.21119849677338137,Human,0
GPT5,Restricted,GPT5-Restricted,0.20575356373238884,Human,0
GPT5,Restricted,GPT5-Restricted,0.40050775921412846,Human,0
GPT5,Restricted,GPT5-Restricted,0.7868133735355428,Human,0
GPT5,Restricted,GPT5-Restricted,0.6093290079221856,Human,0
GPT5,Restricted,GPT5-Restricted,0.7095913994135121,Human,0
GPT5,Restricted,GPT5-Restricted,0.739392637463736,Human,0
GPT5,Restricted,GPT5-Restricted,0.6978711311570703,Human,0
GPT5,Restricted,GPT5-Restricted,0.3740571008421395,Human,0
GPT5,Restricted,GPT5-Restricted,0.1572605149739896,Human,0
GPT5,Restricted,GPT5-Restricted,0.18590218991395407,Human,0
GPT5,Restricted,GPT5-Restricted,0.4834174760069307,Human,0
GPT5,Restricted,GPT5-Restricted,0.5921125586799314,Human,0
GPT5,Restricted,GPT5-Restricted,0.3668383874174669,Human,0
GPT5,Restricted,GPT5-Restricted,0.1253705917166382,Human,0
GPT5,Restricted,GPT5-Restricted,0.6376357073175165,Human,0
GPT5,Restricted,GPT5-Restricted,0.4172125216857334,Human,0
GPT5,Restricted,GPT5-Restricted,0.36529189440656645,Human,0
GPT5,Restricted,GPT5-Restricted,0.294045337055521,Human,0
GPT5,Restricted,GPT5-Restricted,0.30025425557834196,Human,0
GPT5,Restricted,GPT5-Restricted,0.7392113528850933,Human,0
GPT5,Restricted,GPT5-Restricted,0.240108633023862,Human,0
GPT5,Restricted,GPT5-Restricted,0.3055607614261395,Human,0
GPT5,Restricted,GPT5-Restricted,0.27441120625289533,Human,0
GPT5,Restricted,GPT5-Restricted,0.6131660340507956,Human,0
GPT5,Restricted,GPT5-Restricted,0.2646256552722744,Human,0
GPT5,Restricted,GPT5-Restricted,0.2904936247605763,Human,0
GPT5,Restricted,GPT5-Restricted,0.6637211510634612,Human,0
GPT5,Restricted,GPT5-Restricted,0.5189240720000002,Human,0
GPT5,Restricted,GPT5-Restricted,0.5804743279109432,Human,0
GPT5,Restricted,GPT5-Restricted,0.6777538849199474,Human,0
GPT5,Restricted,GPT5-Restricted,0.8505537479283471,Human,0
GPT5,Restricted,GPT5-Restricted,0.329485043017668,Human,0
GPT5,Restricted,GPT5-Restricted,0.19698123057845582,Human,0
GPT5,Restricted,GPT5-Restricted,0.6196013543345579,Human,0
GPT5,Restricted,GPT5-Restricted,0.4042173336644874,Human,0
GPT5,Restricted,GPT5-Restricted,0.44042407280165796,Human,0
GPT5,Restricted,GPT5-Restricted,0.6533641592330736,Human,0
GPT5,Restricted,GPT5-Restricted,0.17168003241190424,Human,0
GPT5,Restricted,GPT5-Restricted,0.4560433965068065,Human,0
GPT5,Restricted,GPT5-Restricted,0.3419447182174336,Human,0
GPT5,Restricted,GPT5-Restricted,0.5301897645399519,Human,0
GPT5,Restricted,GPT5-Restricted,0.7547073211577708,Human,0
GPT5,Restricted,GPT5-Restricted,0.7251929247643003,Human,0
GPT5,Restricted,GPT5-Restricted,0.4355259604465257,Human,0
GPT5,Restricted,GPT5-Restricted,0.5756636050083307,Human,0
GPT5,Restricted,GPT5-Restricted,0.4566392253302128,Human,0
GPT5,Restricted,GPT5-Restricted,0.3846006303795626,Human,0
GPT5,Restricted,GPT5-Restricted,0.7076558657959456,Human,0
GPT5,Restricted,GPT5-Restricted,0.5575279449495522,Human,0
GPT5,Restricted,GPT5-Restricted,0.6525010173941408,Human,0
GPT5,Restricted,GPT5-Restricted,0.6735359422606737,Human,0
GPT5,Restricted,GPT5-Restricted,0.6131194486336974,Human,0
GPT5,Restricted,GPT5-Restricted,0.49636729980341693,Human,0
GPT5,Restricted,GPT5-Restricted,0.152954533363728,Human,0
GPT5,Restricted,GPT5-Restricted,0.22372540458554963,Human,0
GPT5,Restricted,GPT5-Restricted,0.2517514061017071,Human,0
GPT5,Restricted,GPT5-Restricted,0.34077369082583114,Human,0
GPT5,Restricted,GPT5-Restricted,0.36435029204819264,Human,0
GPT5,Restricted,GPT5-Restricted,0.6448709307764716,Human,0
GPT5,Restricted,GPT5-Restricted,0.7204944679803185,Human,0
GPT5,Restricted,GPT5-Restricted,0.7002511594123394,Human,0
GPT5,Restricted,GPT5-Restricted,0.6892311374227222,Human,0
GPT5,Restricted,GPT5-Restricted,0.8562620216929956,Human,0
GPT5,Restricted,GPT5-Restricted,0.44328421048519445,Human,0
GPT5,Restricted,GPT5-Restricted,0.48841495972209603,Human,0
GPT5,Restricted,GPT5-Restricted,0.6191132474439468,Human,0
GPT5,Restricted,GPT5-Restricted,0.5806029886737205,Human,0
GPT5,Restricted,GPT5-Restricted,0.12257373605702344,Human,0
GPT5,Restricted,GPT5-Restricted,0.5261411137303174,Human,0
GPT5,Restricted,GPT5-Restricted,0.8208651112908419,Human,0
GPT5,Restricted,GPT5-Restricted,0.7142443480750914,Human,0
GPT5,Restricted,GPT5-Restricted,0.7479757508881808,Human,0
GPT5,Restricted,GPT5-Restricted,0.5692380155543539,Human,0
GPT5,Restricted,GPT5-Restricted,0.5937425580092569,Human,0
GPT5,Restricted,GPT5-Restricted,0.44268498963622815,Human,0
GPT5,Restricted,GPT5-Restricted,0.34607871613466423,Human,0
GPT5,Restricted,GPT5-Restricted,0.7721231590304398,Human,0
GPT5,Restricted,GPT5-Restricted,0.350679723748421,Human,0
GPT5,Restricted,GPT5-Restricted,0.4081625526708771,Human,0
GPT5,Restricted,GPT5-Restricted,0.18612724615802312,Human,0
GPT5,Restricted,GPT5-Restricted,0.7555447587791537,Human,0
GPT5,Restricted,GPT5-Restricted,0.25638439234637544,Human,0
GPT5,Restricted,GPT5-Restricted,0.6200321499258956,Human,0
GPT5,Restricted,GPT5-Restricted,0.19294805901504203,Human,0
GPT5,Restricted,GPT5-Restricted,0.577824182210661,Human,0
GPT5,Restricted,GPT5-Restricted,0.6893644105972537,Human,0
GPT5,Restricted,GPT5-Restricted,0.4931985809959469,Human,0
GPT5,Restricted,GPT5-Restricted,0.7059340777872284,Human,0
GPT5,Restricted,GPT5-Restricted,0.399004538009655,Human,0
GPT5,Restricted,GPT5-Restricted,0.31481390623742317,Human,0
GPT5,Restricted,GPT5-Restricted,0.46132752910746255,Human,0
GPT5,Restricted,GPT5-Restricted,0.659814299379852,Human,0
GPT5,Restricted,GPT5-Restricted,0.3680282895659887,Human,0
GPT5,Restricted,GPT5-Restricted,0.356710604369435,Human,0
GPT5,Restricted,GPT5-Restricted,0.6350530778030772,Human,0
GPT5,Restricted,GPT5-Restricted,0.3752953639352004,Human,0
GPT5,Restricted,GPT5-Restricted,0.5410292286941927,Human,0
GPT5,Restricted,GPT5-Restricted,0.7237672117982036,Human,0
GPT5,Restricted,GPT5-Restricted,0.48002989963416487,Human,0
GPT5,Restricted,GPT5-Restricted,0.7839583722413942,Human,0
GPT5,Restricted,GPT5-Restricted,0.4847168898436423,Human,0
GPT5,Restricted,GPT5-Restricted,0.5615902719950081,Human,0
GPT5,Restricted,GPT5-Restricted,0.5557195650479952,Human,0
GPT5,Restricted,GPT5-Restricted,0.6280509446647844,Human,0
GPT5,Restricted,GPT5-Restricted,0.6752923513431609,Human,0
GPT5,Restricted,GPT5-Restricted,0.15019826672083053,Human,0
GPT5,Restricted,GPT5-Restricted,0.46881673101408733,Human,0
GPT5,Restricted,GPT5-Restricted,0.3846328581272559,Human,0
GPT5,Restricted,GPT5-Restricted,0.5724504040388144,Human,0
GPT5,Restricted,GPT5-Restricted,0.7064901099198964,Human,0
GPT5,Restricted,GPT5-Restricted,0.570106809318007,Human,0
GPT5,Restricted,GPT5-Restricted,0.5902752973814533,Human,0
GPT5,Restricted,GPT5-Restricted,0.3104005826261594,Human,0
GPT5,Restricted,GPT5-Restricted,0.6809506282878222,Human,0
GPT5,Restricted,GPT5-Restricted,0.7419712892063569,Human,0
GPT5,Restricted,GPT5-Restricted,0.3070806537365123,Human,0
GPT5,Restricted,GPT5-Restricted,0.34449643243597317,Human,0
GPT5,Restricted,GPT5-Restricted,0.4159821287019861,Human,0
GPT5,Restricted,GPT5-Restricted,0.5754784863559302,Human,0
GPT5,Restricted,GPT5-Restricted,0.7382579029151932,Human,0
GPT5,Restricted,GPT5-Restricted,0.3596885110736818,Human,0
GPT5,Restricted,GPT5-Restricted,0.48769908325859945,Human,0
GPT5,Restricted,GPT5-Restricted,0.39894753997744725,Human,0
GPT5,Restricted,GPT5-Restricted,0.4997186564877152,Human,0
GPT5,Restricted,GPT5-Restricted,0.7613034341716384,Human,0
GPT5,Restricted,GPT5-Restricted,0.5365080851986858,Human,0
GPT5,Restricted,GPT5-Restricted,0.4428230504584461,Human,0
GPT5,Restricted,GPT5-Restricted,0.7349214599409747,Human,0
GPT5,Restricted,GPT5-Restricted,0.5961154191620688,Human,0
GPT5,Restricted,GPT5-Restricted,0.7096824553937376,Human,0
GPT5,Restricted,GPT5-Restricted,0.096649382585153,Human,0
GPT5,Restricted,GPT5-Restricted,0.21329682715769507,Human,0
GPT5,Restricted,GPT5-Restricted,0.38409874604207594,Human,0
GPT5,Restricted,GPT5-Restricted,0.5646671144584553,Human,0
GPT5,Restricted,GPT5-Restricted,0.624859034464121,Human,0
GPT5,Restricted,GPT5-Restricted,0.8336369245223327,Human,0
GPT5,Restricted,GPT5-Restricted,0.7171728145837851,Human,0
GPT5,Restricted,GPT5-Restricted,0.779015851866807,Human,0
GPT5,Restricted,GPT5-Restricted,0.6911809039887297,Human,0
GPT5,Restricted,GPT5-Restricted,0.5799157208032729,Human,0
GPT5,Restricted,GPT5-Restricted,0.5420456761986177,Human,0
GPT5,Restricted,GPT5-Restricted,0.9084899001133216,Human,0
GPT5,Restricted,GPT5-Restricted,0.6405070980704803,Human,0
GPT5,Restricted,GPT5-Restricted,0.4324681413843808,Human,0
GPT5,Restricted,GPT5-Restricted,0.2855471719821544,Human,0
GPT5,Restricted,GPT5-Restricted,0.49846449232063933,Human,0
GPT5,Restricted,GPT5-Restricted,0.254888915596885,Human,0
GPT5,Restricted,GPT5-Restricted,0.5773903058542321,Human,0
GPT5,Restricted,GPT5-Restricted,0.8046946980509949,Human,0
GPT5,Restricted,GPT5-Restricted,0.7195983832818589,Human,0
GPT5,Restricted,GPT5-Restricted,0.5762422647837309,Human,0
GPT5,Restricted,GPT5-Restricted,0.5421577153121148,Human,0
GPT5,Restricted,GPT5-Restricted,0.741928123558734,Human,0
GPT5,Restricted,GPT5-Restricted,0.7905376610304233,Human,0
GPT5,Restricted,GPT5-Restricted,0.7674488360298688,Human,0
GPT5,Restricted,GPT5-Restricted,0.2635894663945949,Human,0
GPT5,Restricted,GPT5-Restricted,0.5776095615160749,Human,0
GPT5,Restricted,GPT5-Restricted,0.6076085869445921,Human,0
GPT5,Restricted,GPT5-Restricted,0.5209163751231478,Human,0
GPT5,Restricted,GPT5-Restricted,0.7736904860100651,Human,0
GPT5,Restricted,GPT5-Restricted,0.6286122003108146,Human,0
GPT5,Restricted,GPT5-Restricted,0.2612409592455373,Human,0
GPT5,Restricted,GPT5-Restricted,0.7069891245870668,Human,0
GPT5,Restricted,GPT5-Restricted,0.4617770224870507,Human,0
GPT5,Restricted,GPT5-Restricted,0.533458616362328,Human,0
GPT5,Restricted,GPT5-Restricted,0.4396765847450702,Human,0
GPT5,Restricted,GPT5-Restricted,0.6732634214054157,Human,0
GPT5,Restricted,GPT5-Restricted,0.8461468656198815,Human,0
GPT5,Restricted,GPT5-Restricted,0.4703234396169217,Human,0
GPT5,Restricted,GPT5-Restricted,0.8921589204041288,Human,0
GPT5,Restricted,GPT5-Restricted,0.6039912102931568,Human,0
GPT5,Restricted,GPT5-Restricted,0.8420132289613693,Human,0
GPT5,Restricted,GPT5-Restricted,0.7827808377094695,Human,0
GPT5,Restricted,GPT5-Restricted,0.7297168204786344,Human,0
GPT5,Restricted,GPT5-Restricted,0.5245381004160565,Human,0
GPT5,Restricted,GPT5-Restricted,0.38687339464545545,Human,0
GPT5,Restricted,GPT5-Restricted,0.8334068823317275,Human,0
GPT5,Restricted,GPT5-Restricted,0.7494551979211725,Human,0
GPT5,Restricted,GPT5-Restricted,0.409637649196741,Human,0
GPT5,Restricted,GPT5-Restricted,0.3700255880851537,Human,0
GPT5,Restricted,GPT5-Restricted,0.49965607261507095,Human,0
GPT5,Restricted,GPT5-Restricted,0.6441932347550267,Human,0
GPT5,Restricted,GPT5-Restricted,0.31563585786119264,Human,0
GPT5,Restricted,GPT5-Restricted,0.7370454431637182,Human,0
GPT5,Restricted,GPT5-Restricted,0.4057142332558422,Human,0
GPT5,Restricted,GPT5-Restricted,0.30018886134903716,Human,0
GPT5,Restricted,GPT5-Restricted,0.6892256887380267,Human,0
GPT5,Restricted,GPT5-Restricted,0.5722295496294062,Human,0
GPT5,Restricted,GPT5-Restricted,0.8239596034384594,Human,0
GPT5,Restricted,GPT5-Restricted,0.6104048935251075,Human,0
GPT5,Restricted,GPT5-Restricted,0.5146041847991,Human,0
GPT5,Restricted,GPT5-Restricted,0.27000723488760014,Human,0
GPT5,Restricted,GPT5-Restricted,0.4740027664298477,Human,0
GPT5,Restricted,GPT5-Restricted,0.8776243664414413,Human,0
GPT5,Restricted,GPT5-Restricted,0.8221179083788209,Human,0
GPT5,Restricted,GPT5-Restricted,0.4319737466524164,Human,0
GPT5,Restricted,GPT5-Restricted,0.630889234128717,Human,0
GPT5,Restricted,GPT5-Restricted,0.47269626569524786,Human,0
GPT5,Restricted,GPT5-Restricted,0.6049440003406975,Human,0
GPT5,Restricted,GPT5-Restricted,0.3664867370838745,Human,0
GPT5,Restricted,GPT5-Restricted,0.41055808996512205,Human,0
GPT5,Restricted,GPT5-Restricted,0.4589746315422226,Human,0
GPT5,Restricted,GPT5-Restricted,0.8873701310394755,Human,0
GPT5,Restricted,GPT5-Restricted,0.6030095253541342,Human,0
GPT5,Restricted,GPT5-Restricted,0.26595707858157436,Human,0
GPT5,Restricted,GPT5-Restricted,0.4557964511271518,Human,0
GPT5,Restricted,GPT5-Restricted,0.6056713021818746,Human,0
GPT5,Restricted,GPT5-Restricted,0.8470659872349933,Human,0
GPT5,Restricted,GPT5-Restricted,0.44389797160467387,Human,0
GPT5,Restricted,GPT5-Restricted,0.4241681936475031,Human,0
GPT5,Restricted,GPT5-Restricted,0.5943055082999862,Human,0
GPT5,Restricted,GPT5-Restricted,0.8198721613104258,Human,0
GPT5,Restricted,GPT5-Restricted,0.3406592081123012,Human,0
GPT5,Restricted,GPT5-Restricted,0.8510167659973783,Human,0
GPT5,Restricted,GPT5-Restricted,0.5912312733177945,Human,0
GPT5,Restricted,GPT5-Restricted,0.6242804143955679,Human,0
GPT5,Restricted,GPT5-Restricted,0.18178415107195367,Human,0
GPT5,Restricted,GPT5-Restricted,0.5365879528325316,Human,0
GPT5,Restricted,GPT5-Restricted,0.3442100361096729,Human,0
GPT5,Restricted,GPT5-Restricted,0.900000568135457,Human,0
GPT5,Restricted,GPT5-Restricted,0.41929591131307486,Human,0
GPT5,Restricted,GPT5-Restricted,0.6263350890120897,Human,0
GPT5,Restricted,GPT5-Restricted,0.41292356169953676,Human,0
GPT5,Restricted,GPT5-Restricted,0.4907671142287474,Human,0
GPT5,Restricted,GPT5-Restricted,0.5015153263354655,Human,0
GPT5,Restricted,GPT5-Restricted,0.7285427972803199,Human,0
GPT5,Restricted,GPT5-Restricted,0.6946816524010703,Human,0
GPT5,Restricted,GPT5-Restricted,0.59148233066382,Human,0
GPT5,Restricted,GPT5-Restricted,0.35174941234723617,Human,0
GPT5,Restricted,GPT5-Restricted,0.4118254062703748,Human,0
GPT5,Restricted,GPT5-Restricted,0.21511872803928309,Human,0
GPT5,Restricted,GPT5-Restricted,0.7894495319035664,Human,0
GPT5,Restricted,GPT5-Restricted,0.500119860430081,Human,0
GPT5,Restricted,GPT5-Restricted,0.5191913613711622,Human,0
GPT5,Restricted,GPT5-Restricted,0.8687550235309153,Human,0
GPT5,Restricted,GPT5-Restricted,0.662044587502775,Human,0
GPT5,Restricted,GPT5-Restricted,0.5369427840732396,Human,0
GPT5,Restricted,GPT5-Restricted,0.21530946188179104,Human,0
GPT5,Restricted,GPT5-Restricted,0.30910238971175374,Human,0
GPT5,Restricted,GPT5-Restricted,0.2142011196172233,Human,0
GPT5,Restricted,GPT5-Restricted,0.29552483281533276,Human,0
GPT5,Restricted,GPT5-Restricted,0.8119166313042596,Human,0
GPT5,Restricted,GPT5-Restricted,0.40595122557738966,Human,0
GPT5,Restricted,GPT5-Restricted,0.3692044391592879,Human,0
GPT5,Restricted,GPT5-Restricted,0.36026392367514104,Human,0
GPT5,Restricted,GPT5-Restricted,0.5238534809958907,Human,0
GPT5,Restricted,GPT5-Restricted,0.32418087169816545,Human,0
GPT5,Restricted,GPT5-Restricted,0.3736552433556971,Human,0
GPT5,Restricted,GPT5-Restricted,0.3511567734301903,Human,0
GPT5,Restricted,GPT5-Restricted,0.45016390635748543,Human,0
GPT5,Restricted,GPT5-Restricted,0.368421495759301,Human,0
GPT5,Restricted,GPT5-Restricted,0.7234205798576946,Human,0
GPT5,Restricted,GPT5-Restricted,0.484800935758405,Human,0
GPT5,Restricted,GPT5-Restricted,0.6676094454880112,Human,0
GPT5,Restricted,GPT5-Restricted,0.3181494715928956,Human,0
GPT5,Restricted,GPT5-Restricted,0.30511401781576186,Human,0
GPT5,Restricted,GPT5-Restricted,0.30330596034851254,Human,0
GPT5,Restricted,GPT5-Restricted,0.5613247456730575,Human,0
GPT5,Restricted,GPT5-Restricted,0.7073691079621507,Human,0
GPT5,Restricted,GPT5-Restricted,0.5117427545777535,Human,0
GPT5,Restricted,GPT5-Restricted,0.594823457333549,Human,0
GPT5,Restricted,GPT5-Restricted,0.29215006261301296,Human,0
GPT5,Restricted,GPT5-Restricted,0.3810602957701641,Human,0
GPT5,Restricted,GPT5-Restricted,0.7583820839645667,Human,0
GPT5,Restricted,GPT5-Restricted,0.7110650705186883,Human,0
GPT5,Restricted,GPT5-Restricted,0.4673576853710576,Human,0
GPT5,Restricted,GPT5-Restricted,0.5084891167366148,Human,0
GPT5,Restricted,GPT5-Restricted,0.236439276729896,Human,0
GPT5,Restricted,GPT5-Restricted,0.2550710694187887,Human,0
GPT5,Restricted,GPT5-Restricted,0.3028779974386496,Human,0
GPT5,Restricted,GPT5-Restricted,0.24426111450965265,Human,0
GPT5,Restricted,GPT5-Restricted,0.33255640414772697,Human,0
GPT5,Restricted,GPT5-Restricted,0.4184049607695751,Human,0
GPT5,Restricted,GPT5-Restricted,0.346712863833145,Human,0
GPT5,Restricted,GPT5-Restricted,0.542242713845417,Human,0
GPT5,Restricted,GPT5-Restricted,0.7628845666571156,Human,0
GPT5,Restricted,GPT5-Restricted,0.3320288606204457,Human,0
GPT5,Restricted,GPT5-Restricted,0.3988721962349753,Human,0
GPT5,Restricted,GPT5-Restricted,0.315756578852518,Human,0
GPT5,Restricted,GPT5-Restricted,0.474208145613688,Human,0
GPT5,Restricted,GPT5-Restricted,0.4737269254963554,Human,0
GPT5,Restricted,GPT5-Restricted,0.27473495924559116,Human,0
GPT5,Restricted,GPT5-Restricted,0.4343532982488174,Human,0
GPT5,Restricted,GPT5-Restricted,0.5547249852362579,Human,0
GPT5,Restricted,GPT5-Restricted,0.6576452182023761,Human,0
GPT5,Restricted,GPT5-Restricted,0.5244659193306285,Human,0
GPT5,Restricted,GPT5-Restricted,0.500293799637914,Human,0
GPT5,Restricted,GPT5-Restricted,0.4395842311522244,Human,0
GPT5,Restricted,GPT5-Restricted,0.6606527849444354,Human,0
GPT5,Restricted,GPT5-Restricted,0.3256454544300055,Human,0
GPT5,Restricted,GPT5-Restricted,0.39252892117795973,Human,0
GPT5,Restricted,GPT5-Restricted,0.6581017042617642,Human,0
GPT5,Restricted,GPT5-Restricted,0.15530358882018394,Human,0
GPT5,Restricted,GPT5-Restricted,0.6444750269988974,Human,0
GPT5,Restricted,GPT5-Restricted,0.48135517272830397,Human,0
GPT5,Restricted,GPT5-Restricted,0.3647925941510508,Human,0
GPT5,Restricted,GPT5-Restricted,0.48204039563832973,Human,0
GPT5,Restricted,GPT5-Restricted,0.2423449509128949,Human,0
GPT5,Restricted,GPT5-Restricted,0.3517678727124841,Human,0
GPT5,Restricted,GPT5-Restricted,0.2455047932646502,Human,0
GPT5,Restricted,GPT5-Restricted,0.6365082693329815,Human,0
GPT5,Restricted,GPT5-Restricted,0.4961546013933078,Human,0
GPT5,Restricted,GPT5-Restricted,0.4889686572337896,Human,0
GPT5,Restricted,GPT5-Restricted,0.6827143238402281,Human,0
GPT5,Restricted,GPT5-Restricted,0.42177452395560733,Human,0
GPT5,Restricted,GPT5-Restricted,0.4811901054252511,Human,0
GPT5,Restricted,GPT5-Restricted,0.24103761455228898,Human,0
GPT5,Restricted,GPT5-Restricted,0.6483678620625721,Human,0
GPT5,Restricted,GPT5-Restricted,0.9298992428358142,Human,0
GPT5,Restricted,GPT5-Restricted,0.6075966950917431,Human,0
GPT5,Restricted,GPT5-Restricted,0.4010552981352718,Human,0
GPT5,Restricted,GPT5-Restricted,0.19651232608850314,Human,0
GPT5,Restricted,GPT5-Restricted,0.6800284036697906,Human,0
GPT5,Restricted,GPT5-Restricted,0.8850991341884751,Human,0
GPT5,Restricted,GPT5-Restricted,0.6035193459794816,Human,0
GPT5,Restricted,GPT5-Restricted,0.4937995969362234,Human,0
GPT5,Restricted,GPT5-Restricted,0.5453090787555445,Human,0
GPT5,Restricted,GPT5-Restricted,0.23015230487419672,Human,0
GPT5,Restricted,GPT5-Restricted,0.5038715086203349,Human,0
GPT5,Restricted,GPT5-Restricted,0.3855713340468907,Human,0
GPT5,Restricted,GPT5-Restricted,0.5624362750567853,Human,0
GPT5,Restricted,GPT5-Restricted,0.6403458999536795,Human,0
GPT5,Restricted,GPT5-Restricted,0.17574735732327137,AI,1
GPT5,Restricted,GPT5-Restricted,0.47623159093062706,AI,1
GPT5,Restricted,GPT5-Restricted,0.489441433351464,AI,1
GPT5,Restricted,GPT5-Restricted,0.2643129223851755,AI,1
GPT5,Restricted,GPT5-Restricted,0.48472588493159474,AI,1
GPT5,Restricted,GPT5-Restricted,0.6937838334641917,AI,1
GPT5,Restricted,GPT5-Restricted,0.7546398805760662,AI,1
GPT5,Restricted,GPT5-Restricted,0.7646025493177251,AI,1
GPT5,Restricted,GPT5-Restricted,0.8141088170861156,AI,1
GPT5,Restricted,GPT5-Restricted,0.20966491279793953,AI,1
GPT5,Restricted,GPT5-Restricted,0.6224458238593287,AI,1
GPT5,Restricted,GPT5-Restricted,0.7076935197049935,AI,1
GPT5,Restricted,GPT5-Restricted,0.6469713884851844,AI,1
GPT5,Restricted,GPT5-Restricted,0.6747296206735829,AI,1
GPT5,Restricted,GPT5-Restricted,0.7245556495393352,AI,1
GPT5,Restricted,GPT5-Restricted,0.8318121234347764,AI,1
GPT5,Restricted,GPT5-Restricted,0.4402737878888531,AI,1
GPT5,Restricted,GPT5-Restricted,0.3360589623055957,AI,1
GPT5,Restricted,GPT5-Restricted,0.6748901914535258,AI,1
GPT5,Restricted,GPT5-Restricted,0.36309196617903566,AI,1
GPT5,Restricted,GPT5-Restricted,0.8743922537023778,AI,1
GPT5,Restricted,GPT5-Restricted,0.5827401141767671,AI,1
GPT5,Restricted,GPT5-Restricted,0.8633252156424973,AI,1
GPT5,Restricted,GPT5-Restricted,0.7656840321135544,AI,1
GPT5,Restricted,GPT5-Restricted,0.31246303516835316,AI,1
GPT5,Restricted,GPT5-Restricted,0.38754961570136526,AI,1
GPT5,Restricted,GPT5-Restricted,0.3794337854010518,AI,1
GPT5,Restricted,GPT5-Restricted,0.7974995377114156,AI,1
GPT5,Restricted,GPT5-Restricted,0.7827384826966304,AI,1
GPT5,Restricted,GPT5-Restricted,0.8058909935464513,AI,1
GPT5,Restricted,GPT5-Restricted,0.51825921258169,AI,1
GPT5,Restricted,GPT5-Restricted,0.5522674411224884,AI,1
GPT5,Restricted,GPT5-Restricted,0.5768984688693648,AI,1
GPT5,Restricted,GPT5-Restricted,0.6836025998609767,AI,1
GPT5,Restricted,GPT5-Restricted,0.23792043748356126,AI,1
GPT5,Restricted,GPT5-Restricted,0.8163373365757569,AI,1
GPT5,Restricted,GPT5-Restricted,0.729776765744213,AI,1
GPT5,Restricted,GPT5-Restricted,0.2999579470169406,AI,1
GPT5,Restricted,GPT5-Restricted,0.3614847937128555,AI,1
GPT5,Restricted,GPT5-Restricted,0.605941474447192,AI,1
GPT5,Restricted,GPT5-Restricted,0.8189554011211311,AI,1
GPT5,Restricted,GPT5-Restricted,0.47052266994278164,AI,1
GPT5,Restricted,GPT5-Restricted,0.7158958402818166,AI,1
GPT5,Restricted,GPT5-Restricted,0.5126761530185838,AI,1
GPT5,Restricted,GPT5-Restricted,0.7490610973127567,AI,1
GPT5,Restricted,GPT5-Restricted,0.8111977258068481,AI,1
GPT5,Restricted,GPT5-Restricted,0.6841900389551019,AI,1
GPT5,Restricted,GPT5-Restricted,0.7029801112314803,AI,1
GPT5,Restricted,GPT5-Restricted,0.7989778547032748,AI,1
GPT5,Restricted,GPT5-Restricted,0.4439497362213064,AI,1
GPT5,Restricted,GPT5-Restricted,0.6516870452994756,AI,1
GPT5,Restricted,GPT5-Restricted,0.5227987318344044,AI,1
GPT5,Restricted,GPT5-Restricted,0.7291893045706662,AI,1
GPT5,Restricted,GPT5-Restricted,0.2508802577930084,AI,1
GPT5,Restricted,GPT5-Restricted,0.6071784460459836,AI,1
GPT5,Restricted,GPT5-Restricted,0.6313283575561931,AI,1
GPT5,Restricted,GPT5-Restricted,0.3412711758371538,AI,1
GPT5,Restricted,GPT5-Restricted,0.8589937741251504,AI,1
GPT5,Restricted,GPT5-Restricted,0.605694334355256,AI,1
GPT5,Restricted,GPT5-Restricted,0.8090579117679679,AI,1
GPT5,Restricted,GPT5-Restricted,0.8320837448064885,AI,1
GPT5,Restricted,GPT5-Restricted,0.7426600903756488,AI,1
GPT5,Restricted,GPT5-Restricted,0.24695422955243532,AI,1
GPT5,Restricted,GPT5-Restricted,0.35704963866324385,AI,1
GPT5,Restricted,GPT5-Restricted,0.5624166137561336,AI,1
GPT5,Restricted,GPT5-Restricted,0.7365893585412178,AI,1
GPT5,Restricted,GPT5-Restricted,0.43918728280737723,AI,1
GPT5,Restricted,GPT5-Restricted,0.874984363852334,AI,1
GPT5,Restricted,GPT5-Restricted,0.9286210577082861,AI,1
GPT5,Restricted,GPT5-Restricted,0.6472639169658401,AI,1
GPT5,Restricted,GPT5-Restricted,0.882091960019438,AI,1
GPT5,Restricted,GPT5-Restricted,0.4666758480112536,AI,1
GPT5,Restricted,GPT5-Restricted,0.377395885424689,AI,1
GPT5,Restricted,GPT5-Restricted,0.6539181392521438,AI,1
GPT5,Restricted,GPT5-Restricted,0.43339929124601706,AI,1
GPT5,Restricted,GPT5-Restricted,0.6894087189502824,AI,1
GPT5,Restricted,GPT5-Restricted,0.7428168334114736,AI,1
GPT5,Restricted,GPT5-Restricted,0.8486403778416325,AI,1
GPT5,Restricted,GPT5-Restricted,0.5298913120082795,AI,1
GPT5,Restricted,GPT5-Restricted,0.479792900222171,AI,1
GPT5,Restricted,GPT5-Restricted,0.37985590387375356,AI,1
GPT5,Restricted,GPT5-Restricted,0.9016164199291823,AI,1
GPT5,Restricted,GPT5-Restricted,0.5481257161862831,AI,1
GPT5,Restricted,GPT5-Restricted,0.6278763200046151,AI,1
GPT5,Restricted,GPT5-Restricted,0.1581121425502346,AI,1
GPT5,Restricted,GPT5-Restricted,0.45649701219192784,AI,1
GPT5,Restricted,GPT5-Restricted,0.37544321366901384,AI,1
GPT5,Restricted,GPT5-Restricted,0.5168344821205462,AI,1
GPT5,Restricted,GPT5-Restricted,0.5504592106587308,AI,1
GPT5,Restricted,GPT5-Restricted,0.7376188008843446,AI,1
GPT5,Restricted,GPT5-Restricted,0.752712873037863,AI,1
GPT5,Restricted,GPT5-Restricted,0.4891607963744875,AI,1
GPT5,Restricted,GPT5-Restricted,0.9026016069958225,AI,1
GPT5,Restricted,GPT5-Restricted,0.6900348451202284,AI,1
GPT5,Restricted,GPT5-Restricted,0.8496599674717441,AI,1
GPT5,Restricted,GPT5-Restricted,0.6098150213143185,AI,1
GPT5,Restricted,GPT5-Restricted,0.2365005726248355,AI,1
GPT5,Restricted,GPT5-Restricted,0.661052886419851,AI,1
GPT5,Restricted,GPT5-Restricted,0.38824319716523426,AI,1
GPT5,Restricted,GPT5-Restricted,0.6016620320166748,AI,1
GPT5,Restricted,GPT5-Restricted,0.9074305496189651,AI,1
GPT5,Restricted,GPT5-Restricted,0.838156929106949,AI,1
GPT5,Restricted,GPT5-Restricted,0.5301993565612966,AI,1
GPT5,Restricted,GPT5-Restricted,0.8310626890434555,AI,1
GPT5,Restricted,GPT5-Restricted,0.7538148617347141,AI,1
GPT5,Restricted,GPT5-Restricted,0.9469337660876939,AI,1
GPT5,Restricted,GPT5-Restricted,0.7431730700149518,AI,1
GPT5,Restricted,GPT5-Restricted,0.5529203616279341,AI,1
GPT5,Restricted,GPT5-Restricted,0.8972356492828418,AI,1
GPT5,Restricted,GPT5-Restricted,0.7502663600505477,AI,1
GPT5,Restricted,GPT5-Restricted,0.7285004978234998,AI,1
GPT5,Restricted,GPT5-Restricted,0.28372596068127504,AI,1
GPT5,Restricted,GPT5-Restricted,0.845046870962121,AI,1
GPT5,Restricted,GPT5-Restricted,0.8239234932952987,AI,1
GPT5,Restricted,GPT5-Restricted,0.5190927689420055,AI,1
GPT5,Restricted,GPT5-Restricted,0.8187891652631965,AI,1
GPT5,Restricted,GPT5-Restricted,0.24534896359328479,AI,1
GPT5,Restricted,GPT5-Restricted,0.39685860252643573,AI,1
GPT5,Restricted,GPT5-Restricted,0.7505689474510239,AI,1
GPT5,Restricted,GPT5-Restricted,0.6949437735069447,AI,1
GPT5,Restricted,GPT5-Restricted,0.38555483682160074,AI,1
GPT5,Restricted,GPT5-Restricted,0.7747394221722063,AI,1
GPT5,Restricted,GPT5-Restricted,0.52981266543378,AI,1
GPT5,Restricted,GPT5-Restricted,0.7158779225096844,AI,1
GPT5,Restricted,GPT5-Restricted,0.6568446071809552,AI,1
GPT5,Restricted,GPT5-Restricted,0.19212371964155137,AI,1
GPT5,Restricted,GPT5-Restricted,0.6502379962392412,AI,1
GPT5,Restricted,GPT5-Restricted,0.743162595608876,AI,1
GPT5,Restricted,GPT5-Restricted,0.9067352917862268,AI,1
GPT5,Restricted,GPT5-Restricted,0.7475839139622367,AI,1
GPT5,Restricted,GPT5-Restricted,0.8929444116506344,AI,1
GPT5,Restricted,GPT5-Restricted,0.40757280006538277,AI,1
GPT5,Restricted,GPT5-Restricted,0.8743195496751675,AI,1
GPT5,Restricted,GPT5-Restricted,0.9356334524768462,AI,1
GPT5,Restricted,GPT5-Restricted,0.7653575706145738,AI,1
GPT5,Restricted,GPT5-Restricted,0.8604850123251212,AI,1
GPT5,Restricted,GPT5-Restricted,0.8343539052802224,AI,1
GPT5,Restricted,GPT5-Restricted,0.8839891077883828,AI,1
GPT5,Restricted,GPT5-Restricted,0.8653998262678749,AI,1
GPT5,Restricted,GPT5-Restricted,0.7746776282893886,AI,1
GPT5,Restricted,GPT5-Restricted,0.9197511816053331,AI,1
GPT5,Restricted,GPT5-Restricted,0.5957442070051674,AI,1
GPT5,Restricted,GPT5-Restricted,0.4483980596745021,AI,1
GPT5,Restricted,GPT5-Restricted,0.826668659830852,AI,1
GPT5,Restricted,GPT5-Restricted,0.2886061010498475,AI,1
GPT5,Restricted,GPT5-Restricted,0.7461970557501302,AI,1
GPT5,Restricted,GPT5-Restricted,0.5089566628165447,AI,1
GPT5,Restricted,GPT5-Restricted,0.7392378654178581,AI,1
GPT5,Restricted,GPT5-Restricted,0.8746225032972607,AI,1
GPT5,Restricted,GPT5-Restricted,0.6067156002626696,AI,1
GPT5,Restricted,GPT5-Restricted,0.42340871316576495,AI,1
GPT5,Restricted,GPT5-Restricted,0.7410559890899071,AI,1
GPT5,Restricted,GPT5-Restricted,0.7751584943128204,AI,1
GPT5,Restricted,GPT5-Restricted,0.49126787969802915,AI,1
GPT5,Restricted,GPT5-Restricted,0.5608362885664444,AI,1
GPT5,Restricted,GPT5-Restricted,0.4018113584738837,AI,1
GPT5,Restricted,GPT5-Restricted,0.8770830643645084,AI,1
GPT5,Restricted,GPT5-Restricted,0.49385893903503064,AI,1
GPT5,Restricted,GPT5-Restricted,0.8269945400712411,AI,1
GPT5,Restricted,GPT5-Restricted,0.7094840113440231,AI,1
GPT5,Restricted,GPT5-Restricted,0.6292856133855638,AI,1
GPT5,Restricted,GPT5-Restricted,0.6596204049249856,AI,1
GPT5,Restricted,GPT5-Restricted,0.7203061111997331,AI,1
GPT5,Restricted,GPT5-Restricted,0.715890527190091,AI,1
GPT5,Restricted,GPT5-Restricted,0.7025629594823446,AI,1
GPT5,Restricted,GPT5-Restricted,0.7577475663010842,AI,1
GPT5,Restricted,GPT5-Restricted,0.6997054996426538,AI,1
GPT5,Restricted,GPT5-Restricted,0.6549612775233813,AI,1
GPT5,Restricted,GPT5-Restricted,0.513505240426196,AI,1
GPT5,Restricted,GPT5-Restricted,0.6524913149464578,AI,1
GPT5,Restricted,GPT5-Restricted,0.7441267246879335,AI,1
GPT5,Restricted,GPT5-Restricted,0.3452195634362243,AI,1
GPT5,Restricted,GPT5-Restricted,0.6114669643933976,AI,1
GPT5,Restricted,GPT5-Restricted,0.8754712045157212,AI,1
GPT5,Restricted,GPT5-Restricted,0.5363837988458602,AI,1
GPT5,Restricted,GPT5-Restricted,0.524148456836658,AI,1
GPT5,Restricted,GPT5-Restricted,0.7011126077110592,AI,1
GPT5,Restricted,GPT5-Restricted,0.7253602158264555,AI,1
GPT5,Restricted,GPT5-Restricted,0.9569347214462729,AI,1
GPT5,Restricted,GPT5-Restricted,0.8399910210446099,AI,1
GPT5,Restricted,GPT5-Restricted,0.7468692322927074,AI,1
GPT5,Restricted,GPT5-Restricted,0.7373873556866363,AI,1
GPT5,Restricted,GPT5-Restricted,0.6614059287491494,AI,1
GPT5,Restricted,GPT5-Restricted,0.7787099481206785,AI,1
GPT5,Restricted,GPT5-Restricted,0.3978889020028051,AI,1
GPT5,Restricted,GPT5-Restricted,0.7807490448999028,AI,1
GPT5,Restricted,GPT5-Restricted,0.7749831427107556,AI,1
GPT5,Restricted,GPT5-Restricted,0.920718172264796,AI,1
GPT5,Restricted,GPT5-Restricted,0.7859761360979864,AI,1
GPT5,Restricted,GPT5-Restricted,0.8104212369022853,AI,1
GPT5,Restricted,GPT5-Restricted,0.6606042834940895,AI,1
GPT5,Restricted,GPT5-Restricted,0.9392033269229044,AI,1
GPT5,Restricted,GPT5-Restricted,0.7178091811028406,AI,1
GPT5,Restricted,GPT5-Restricted,0.9089978448979398,AI,1
GPT5,Restricted,GPT5-Restricted,0.8088479282621072,AI,1
GPT5,Restricted,GPT5-Restricted,0.9823203618555912,AI,1
GPT5,Restricted,GPT5-Restricted,0.5447849590706647,AI,1
GPT5,Restricted,GPT5-Restricted,0.8137975391055434,AI,1
GPT5,Restricted,GPT5-Restricted,0.13744539450203205,AI,1
GPT5,Restricted,GPT5-Restricted,0.33646039476244743,AI,1
GPT5,Restricted,GPT5-Restricted,0.14125562644629627,AI,1
GPT5,Restricted,GPT5-Restricted,0.2225164285724419,AI,1
GPT5,Restricted,GPT5-Restricted,0.4533818074822986,AI,1
GPT5,Restricted,GPT5-Restricted,0.6972390385587348,AI,1
GPT5,Restricted,GPT5-Restricted,0.5238705702916204,AI,1
GPT5,Restricted,GPT5-Restricted,0.7726054800338275,AI,1
GPT5,Restricted,GPT5-Restricted,0.4521601894492091,AI,1
GPT5,Restricted,GPT5-Restricted,0.3258603171125489,AI,1
GPT5,Restricted,GPT5-Restricted,0.505379975358987,AI,1
GPT5,Restricted,GPT5-Restricted,0.37550726739839674,AI,1
GPT5,Restricted,GPT5-Restricted,0.22798632754791853,AI,1
GPT5,Restricted,GPT5-Restricted,0.09938844559206389,AI,1
GPT5,Restricted,GPT5-Restricted,0.26634521042572845,AI,1
GPT5,Restricted,GPT5-Restricted,0.15438049062365994,AI,1
GPT5,Restricted,GPT5-Restricted,0.5333767910025343,AI,1
GPT5,Restricted,GPT5-Restricted,0.49872435231777634,AI,1
GPT5,Restricted,GPT5-Restricted,0.2994894475327966,AI,1
GPT5,Restricted,GPT5-Restricted,0.11053009945178623,AI,1
GPT5,Restricted,GPT5-Restricted,0.17292019711148265,AI,1
GPT5,Restricted,GPT5-Restricted,0.6480403120891894,AI,1
GPT5,Restricted,GPT5-Restricted,0.5529753017446811,AI,1
GPT5,Restricted,GPT5-Restricted,0.17866296287456337,AI,1
GPT5,Restricted,GPT5-Restricted,0.42182600364595524,AI,1
GPT5,Restricted,GPT5-Restricted,0.5339630857356287,AI,1
GPT5,Restricted,GPT5-Restricted,0.7361620815934641,AI,1
GPT5,Restricted,GPT5-Restricted,0.7861634710879105,AI,1
GPT5,Restricted,GPT5-Restricted,0.8224644043967846,AI,1
GPT5,Restricted,GPT5-Restricted,0.3878173633580939,AI,1
GPT5,Restricted,GPT5-Restricted,0.6570430210125284,AI,1
GPT5,Restricted,GPT5-Restricted,0.538998489893903,AI,1
GPT5,Restricted,GPT5-Restricted,0.6466600228495153,AI,1
GPT5,Restricted,GPT5-Restricted,0.26851797525679416,AI,1
GPT5,Restricted,GPT5-Restricted,0.6145484665115666,AI,1
GPT5,Restricted,GPT5-Restricted,0.21710021068559457,AI,1
GPT5,Restricted,GPT5-Restricted,0.33997509936238307,AI,1
GPT5,Restricted,GPT5-Restricted,0.45692365280705133,AI,1
GPT5,Restricted,GPT5-Restricted,0.6333229285831481,AI,1
GPT5,Restricted,GPT5-Restricted,0.27935878141254744,AI,1
GPT5,Restricted,GPT5-Restricted,0.9130588231397145,AI,1
GPT5,Restricted,GPT5-Restricted,0.6287025731746789,AI,1
GPT5,Restricted,GPT5-Restricted,0.11736315608244757,AI,1
GPT5,Restricted,GPT5-Restricted,0.7934940361807516,AI,1
GPT5,Restricted,GPT5-Restricted,0.6956752663700932,AI,1
GPT5,Restricted,GPT5-Restricted,0.4321871222850674,AI,1
GPT5,Restricted,GPT5-Restricted,0.3015071836206195,AI,1
GPT5,Restricted,GPT5-Restricted,0.3099710134384298,AI,1
GPT5,Restricted,GPT5-Restricted,0.4589684008510488,AI,1
GPT5,Restricted,GPT5-Restricted,0.8232352896067957,AI,1
GPT5,Restricted,GPT5-Restricted,0.4798012045991585,AI,1
GPT5,Restricted,GPT5-Restricted,0.2876064390514452,AI,1
GPT5,Restricted,GPT5-Restricted,0.6454704484313843,AI,1
GPT5,Restricted,GPT5-Restricted,0.4118578602745343,AI,1
GPT5,Restricted,GPT5-Restricted,0.6174352127143936,AI,1
GPT5,Restricted,GPT5-Restricted,0.3299172326776101,AI,1
GPT5,Restricted,GPT5-Restricted,0.28834624734045783,AI,1
GPT5,Restricted,GPT5-Restricted,0.7760001382844579,AI,1
GPT5,Restricted,GPT5-Restricted,0.4401694007836517,AI,1
GPT5,Restricted,GPT5-Restricted,0.3902641109449838,AI,1
GPT5,Restricted,GPT5-Restricted,0.7672416374378356,AI,1
GPT5,Restricted,GPT5-Restricted,0.3383505373034718,AI,1
GPT5,Restricted,GPT5-Restricted,0.6012716208290425,AI,1
GPT5,Restricted,GPT5-Restricted,0.5141673938066513,AI,1
GPT5,Restricted,GPT5-Restricted,0.5330958741923939,AI,1
GPT5,Restricted,GPT5-Restricted,0.5717621847446527,AI,1
GPT5,Restricted,GPT5-Restricted,0.3579867253252589,AI,1
GPT5,Restricted,GPT5-Restricted,0.5173382021108051,AI,1
GPT5,Restricted,GPT5-Restricted,0.6839096866442834,AI,1
GPT5,Restricted,GPT5-Restricted,0.674684471317015,AI,1
GPT5,Restricted,GPT5-Restricted,0.15272436282664797,AI,1
GPT5,Restricted,GPT5-Restricted,0.8446874112300657,AI,1
GPT5,Restricted,GPT5-Restricted,0.5974827752045703,AI,1
GPT5,Restricted,GPT5-Restricted,0.9099761647715358,AI,1
GPT5,Restricted,GPT5-Restricted,0.5655575826418399,AI,1
GPT5,Restricted,GPT5-Restricted,0.6487654156189968,AI,1
GPT5,Restricted,GPT5-Restricted,0.13933000904866283,AI,1
GPT5,Restricted,GPT5-Restricted,0.2904298331597312,AI,1
GPT5,Restricted,GPT5-Restricted,0.1819971052233901,AI,1
GPT5,Restricted,GPT5-Restricted,0.342256117059126,AI,1
GPT5,Restricted,GPT5-Restricted,0.20560932524851513,AI,1
GPT5,Restricted,GPT5-Restricted,0.38392059008397916,AI,1
GPT5,Restricted,GPT5-Restricted,0.44399731039064577,AI,1
GPT5,Restricted,GPT5-Restricted,0.004396841214655729,AI,1
GPT5,Restricted,GPT5-Restricted,0.2035847087580046,AI,1
GPT5,Restricted,GPT5-Restricted,0.46472633646819156,AI,1
GPT5,Restricted,GPT5-Restricted,0.637536562330271,AI,1
GPT5,Restricted,GPT5-Restricted,0.13721854762073013,AI,1
GPT5,Restricted,GPT5-Restricted,0.8975551721195731,AI,1
GPT5,Restricted,GPT5-Restricted,0.6157962264946992,AI,1
GPT5,Restricted,GPT5-Restricted,0.6604160567388389,AI,1
GPT5,Restricted,GPT5-Restricted,0.2435091936142057,AI,1
GPT5,Restricted,GPT5-Restricted,0.3291299296827525,AI,1
GPT5,Restricted,GPT5-Restricted,0.3515950505263248,AI,1
GPT5,Restricted,GPT5-Restricted,0.33508150710175116,AI,1
GPT5,Restricted,GPT5-Restricted,0.23192281980406967,AI,1
GPT5,Restricted,GPT5-Restricted,0.472654835938084,AI,1
GPT5,Restricted,GPT5-Restricted,0.08398189593308271,AI,1
GPT5,Restricted,GPT5-Restricted,0.8328797997198676,AI,1
GPT5,Restricted,GPT5-Restricted,0.26201851089378747,AI,1
GPT5,Restricted,GPT5-Restricted,0.6654911666698681,AI,1
GPT5,Restricted,GPT5-Restricted,0.33700441045405743,AI,1
GPT5,Restricted,GPT5-Restricted,0.18959393986105283,AI,1
GPT5,Restricted,GPT5-Restricted,0.866249572973276,AI,1
GPT5,Restricted,GPT5-Restricted,0.49705684989115073,AI,1
GPT5,Restricted,GPT5-Restricted,0.7331637446101857,AI,1
GPT5,Restricted,GPT5-Restricted,0.019434618027675737,AI,1
GPT5,Restricted,GPT5-Restricted,0.7193664761151604,AI,1
GPT5,Restricted,GPT5-Restricted,0.9011767373216476,AI,1
GPT5,Restricted,GPT5-Restricted,0.6214413116662575,AI,1
GPT5,Restricted,GPT5-Restricted,0.07232440747173215,AI,1
GPT5,Restricted,GPT5-Restricted,0.571845587898967,AI,1
GPT5,Restricted,GPT5-Restricted,0.6659617028578763,AI,1
GPT5,Restricted,GPT5-Restricted,0.8482087616543376,AI,1
GPT5,Restricted,GPT5-Restricted,0.6182114677162742,AI,1
GPT5,Restricted,GPT5-Restricted,0.7695349979300282,AI,1
GPT5,Restricted,GPT5-Restricted,0.8029769462171125,AI,1
GPT5,Restricted,GPT5-Restricted,0.5251106390312081,AI,1
GPT5,Restricted,GPT5-Restricted,0.2752652051947285,AI,1
GPT5,Restricted,GPT5-Restricted,0.5830370724441564,AI,1
GPT5,Restricted,GPT5-Restricted,0.685436330112799,AI,1
GPT5,Restricted,GPT5-Restricted,0.8908466082989578,AI,1
GPT5,Restricted,GPT5-Restricted,0.8013486438802425,AI,1
GPT5,Restricted,GPT5-Restricted,0.2858507447172431,AI,1
GPT5,Restricted,GPT5-Restricted,0.37644176414379493,AI,1
GPT5,Restricted,GPT5-Restricted,0.36207990128114714,AI,1
GPT5,Restricted,GPT5-Restricted,0.5104267604980459,AI,1
GPT5,Restricted,GPT5-Restricted,0.2687051557691642,AI,1
GPT5,Restricted,GPT5-Restricted,0.7876356388783652,AI,1
GPT5,Restricted,GPT5-Restricted,0.39845604144538194,AI,1
GPT5,Restricted,GPT5-Restricted,0.553729105984326,AI,1
GPT5,Restricted,GPT5-Restricted,0.7705574012003602,AI,1
GPT5,Restricted,GPT5-Restricted,0.5609892270712974,AI,1
GPT5,Restricted,GPT5-Restricted,0.40198538772926673,AI,1
GPT5,Restricted,GPT5-Restricted,0.8084353472873564,AI,1
GPT5,Restricted,GPT5-Restricted,0.8178941257150434,AI,1
GPT5,Restricted,GPT5-Restricted,0.7179414979975299,AI,1
GPT5,Restricted,GPT5-Restricted,0.46571752999533395,AI,1
GPT5,Restricted,GPT5-Restricted,0.9049684472888403,AI,1
GPT5,Restricted,GPT5-Restricted,0.8631704248819901,AI,1
GPT5,Restricted,GPT5-Restricted,0.6448087264681778,AI,1
GPT5,Restricted,GPT5-Restricted,0.13919675559886863,AI,1
GPT5,Restricted,GPT5-Restricted,0.7432279081105984,AI,1
GPT5,Restricted,GPT5-Restricted,0.7583985441757125,AI,1
GPT5,Restricted,GPT5-Restricted,0.535226734402767,AI,1
GPT5,Restricted,GPT5-Restricted,0.6671600937219642,AI,1
GPT5,Restricted,GPT5-Restricted,0.17623948971041684,AI,1
GPT5,Restricted,GPT5-Restricted,0.6554840096522714,AI,1
GPT5,Restricted,GPT5-Restricted,0.6429965237753442,AI,1
GPT5,Restricted,GPT5-Restricted,0.7853701853011924,AI,1
GPT5,Restricted,GPT5-Restricted,0.4772096298508439,AI,1
GPT5,Restricted,GPT5-Restricted,0.46130093392886273,AI,1
GPT5,Restricted,GPT5-Restricted,0.3563495626234758,AI,1
GPT5,Restricted,GPT5-Restricted,0.8034873268478654,AI,1
GPT5,Restricted,GPT5-Restricted,0.4809982772017539,AI,1
GPT5,Restricted,GPT5-Restricted,0.35291689068622134,AI,1
GPT5,Restricted,GPT5-Restricted,0.4254028603959613,AI,1
GPT5,Restricted,GPT5-Restricted,0.7685480099853368,AI,1
GPT5,Restricted,GPT5-Restricted,0.7647888491941541,AI,1
GPT5,Restricted,GPT5-Restricted,0.8612610133546726,AI,1
GPT5,Restricted,GPT5-Restricted,0.6994762428746545,AI,1
GPT5,Restricted,GPT5-Restricted,0.41770970907736527,AI,1
GPT5,Restricted,GPT5-Restricted,0.41147411318948446,AI,1
GPT5,Restricted,GPT5-Restricted,0.2320568360673387,AI,1
GPT5,Restricted,GPT5-Restricted,0.780486149042373,AI,1
GPT5,Restricted,GPT5-Restricted,0.8608675978257198,AI,1
GPT5,Restricted,GPT5-Restricted,0.42913060022216226,AI,1
GPT5,Restricted,GPT5-Restricted,0.8322292744082099,AI,1
GPT5,Restricted,GPT5-Restricted,0.675943631630831,AI,1
GPT5,Restricted,GPT5-Restricted,0.25972387488397153,AI,1
GPT5,Restricted,GPT5-Restricted,0.5143460016288626,AI,1
GPT5,Restricted,GPT5-Restricted,0.6226473208977857,AI,1
GPT5,Restricted,GPT5-Restricted,0.6794767280004091,AI,1
GPT5,Restricted,GPT5-Restricted,0.4225211344221877,AI,1
GPT5,Restricted,GPT5-Restricted,0.7307930724004826,AI,1
GPT5,Restricted,GPT5-Restricted,0.8030598276725245,AI,1
GPT5,Restricted,GPT5-Restricted,0.6119797440049578,AI,1
GPT5,Restricted,GPT5-Restricted,0.8792280550685587,AI,1
GPT5,Restricted,GPT5-Restricted,0.42483741336937264,AI,1
GPT5,Restricted,GPT5-Restricted,0.8352252544340416,AI,1
GPT5,Restricted,GPT5-Restricted,0.38954092068703206,AI,1
GPT5,Restricted,GPT5-Restricted,0.7347225319222571,AI,1
GPT5,Restricted,GPT5-Restricted,0.31756116534585443,AI,1
GPT5,Restricted,GPT5-Restricted,0.4383266389847636,AI,1
GPT5,Restricted,GPT5-Restricted,0.8101442772748363,AI,1
GPT5,Restricted,GPT5-Restricted,0.6143203203161944,AI,1
GPT5,Restricted,GPT5-Restricted,0.8500986009704562,AI,1
GPT5,Restricted,GPT5-Restricted,0.32193562635393963,AI,1
GPT5,Restricted,GPT5-Restricted,0.5890091999577034,AI,1
GPT5,Restricted,GPT5-Restricted,0.8249422062099269,AI,1
GPT5,Restricted,GPT5-Restricted,0.6975590610318727,AI,1
GPT5,Restricted,GPT5-Restricted,0.6594624569814683,AI,1
GPT5,Restricted,GPT5-Restricted,0.8759885414403672,AI,1
GPT5,Restricted,GPT5-Restricted,0.889526794844308,AI,1
GPT5,Restricted,GPT5-Restricted,0.6312789804327861,AI,1
GPT5,Restricted,GPT5-Restricted,0.5461757819622469,AI,1
GPT5,Restricted,GPT5-Restricted,0.5676214920220307,AI,1
GPT5,Restricted,GPT5-Restricted,0.4851164197434095,AI,1
GPT5,Restricted,GPT5-Restricted,0.2667556471100099,AI,1
GPT5,Restricted,GPT5-Restricted,0.20641546626278348,AI,1
GPT5,Restricted,GPT5-Restricted,0.4664451265175897,AI,1
GPT5,Restricted,GPT5-Restricted,0.5293171849262537,AI,1
GPT5,Restricted,GPT5-Restricted,0.7440254136097595,AI,1
GPT5,Restricted,GPT5-Restricted,0.32658301696809827,AI,1
GPT5,Restricted,GPT5-Restricted,0.8212393867873662,AI,1
GPT5,Restricted,GPT5-Restricted,0.6337864565738103,AI,1
GPT5,Restricted,GPT5-Restricted,0.8040129023821184,AI,1
GPT5,Restricted,GPT5-Restricted,0.5594679957470935,AI,1
GPT5,Restricted,GPT5-Restricted,0.6798294249449542,AI,1
GPT5,Restricted,GPT5-Restricted,0.5320387840233272,AI,1
GPT5,Restricted,GPT5-Restricted,0.15174505012607833,AI,1
GPT5,Restricted,GPT5-Restricted,0.1568162017441322,AI,1
GPT5,Restricted,GPT5-Restricted,0.743815503089746,AI,1
GPT5,Restricted,GPT5-Restricted,0.2944828402260544,AI,1
GPT5,Restricted,GPT5-Restricted,0.5455420087927613,AI,1
GPT5,Restricted,GPT5-Restricted,0.5866371419806066,AI,1
GPT5,Restricted,GPT5-Restricted,0.5869626045910301,AI,1
GPT5,Restricted,GPT5-Restricted,0.6286457535679911,AI,1
GPT5,Restricted,GPT5-Restricted,0.5337170279006943,AI,1
GPT5,Restricted,GPT5-Restricted,0.46642016650686724,AI,1
GPT5,Restricted,GPT5-Restricted,0.6458769128122506,AI,1
GPT5,Restricted,GPT5-Restricted,0.5780165664944124,AI,1
GPT5,Restricted,GPT5-Restricted,0.2487882737975189,AI,1
GPT5,Restricted,GPT5-Restricted,0.042623615832108365,AI,1
GPT5,Restricted,GPT5-Restricted,0.1934760544856106,AI,1
GPT5,Restricted,GPT5-Restricted,0.4783417265261195,AI,1
GPT5,Restricted,GPT5-Restricted,0.376198883923975,AI,1
GPT5,Restricted,GPT5-Restricted,0.6848319910849191,AI,1
GPT5,Restricted,GPT5-Restricted,0.4035351709494701,AI,1
GPT5,Restricted,GPT5-Restricted,0.12375869515451794,AI,1
GPT5,Restricted,GPT5-Restricted,0.27183340550764035,AI,1
GPT5,Restricted,GPT5-Restricted,0.24149580945466997,AI,1
GPT5,Restricted,GPT5-Restricted,0.7822129062054484,AI,1
GPT5,Restricted,GPT5-Restricted,0.3560217744302442,AI,1
GPT5,Restricted,GPT5-Restricted,0.2862287353214231,AI,1
GPT5,Restricted,GPT5-Restricted,0.5274229058258456,AI,1
GPT5,Restricted,GPT5-Restricted,0.548694412178513,AI,1
GPT5,Restricted,GPT5-Restricted,0.2077073691869501,AI,1
GPT5,Restricted,GPT5-Restricted,0.30595563961517735,AI,1
GPT5,Restricted,GPT5-Restricted,0.34531947403741153,AI,1
GPT5,Restricted,GPT5-Restricted,0.5056915069318205,AI,1
GPT5,Restricted,GPT5-Restricted,0.26775197638355586,AI,1
GPT5,Restricted,GPT5-Restricted,0.7977073678625947,AI,1
GPT5,Restricted,GPT5-Restricted,0.1108383696215551,AI,1
GPT5,Restricted,GPT5-Restricted,0.8815403410108108,AI,1
GPT5,Restricted,GPT5-Restricted,0.4200570076762908,AI,1
GPT5,Restricted,GPT5-Restricted,0.8997722490790692,AI,1
GPT5,Restricted,GPT5-Restricted,0.4620986709834309,AI,1
GPT5,Restricted,GPT5-Restricted,0.41191761552884204,AI,1
GPT5,Restricted,GPT5-Restricted,0.2613615210197713,AI,1
GPT5,Restricted,GPT5-Restricted,0.3970094838055648,AI,1
GPT5,Restricted,GPT5-Restricted,0.4359236489344505,AI,1
GPT5,Restricted,GPT5-Restricted,0.6851954558043715,AI,1
GPT5,Restricted,GPT5-Restricted,0.6557447684364887,AI,1
GPT5,Restricted,GPT5-Restricted,0.788217498768277,AI,1
GPT5,Restricted,GPT5-Restricted,0.43867507886136975,AI,1
GPT5,Restricted,GPT5-Restricted,0.6530859205672471,AI,1
GPT5,Restricted,GPT5-Restricted,0.6363123529675889,AI,1
GPT5,Restricted,GPT5-Restricted,0.5533186056948765,AI,1
GPT5,Restricted,GPT5-Restricted,0.8384588241264178,AI,1
GPT5,Restricted,GPT5-Restricted,0.6192297637971977,AI,1
GPT5,Restricted,GPT5-Restricted,0.8418101063671787,AI,1
GPT5,Restricted,GPT5-Restricted,0.698176085788203,AI,1
GPT5,Restricted,GPT5-Restricted,0.4783224017958485,AI,1
GPT5,Restricted,GPT5-Restricted,0.20982163348696983,AI,1
GPT5,Restricted,GPT5-Restricted,0.404204614986836,AI,1
GPT5,Restricted,GPT5-Restricted,0.24636111157608298,AI,1
GPT5,Restricted,GPT5-Restricted,0.38690593127924827,AI,1
GPT5,Restricted,GPT5-Restricted,0.8170874393951946,AI,1
GPT5,Restricted,GPT5-Restricted,0.519497675904729,AI,1
GPT5,Restricted,GPT5-Restricted,0.2390900632985641,AI,1
GPT5,Restricted,GPT5-Restricted,0.26104915047314375,AI,1
GPT5,Restricted,GPT5-Restricted,0.5504376670659941,AI,1
GPT5,Restricted,GPT5-Restricted,0.16264311450811364,AI,1
GPT5,Restricted,GPT5-Restricted,0.5626709817177801,AI,1
GPT5,Restricted,GPT5-Restricted,0.41707724107331917,AI,1
GPT5,Restricted,GPT5-Restricted,0.36903166098128243,AI,1
GPT5,Restricted,GPT5-Restricted,0.10342367724452742,AI,1
GPT5,Restricted,GPT5-Restricted,0.41759365962642636,AI,1
GPT5,Restricted,GPT5-Restricted,0.16803012626320457,AI,1
GPT5,Restricted,GPT5-Restricted,0.21566945431686074,AI,1
GPT5,Restricted,GPT5-Restricted,0.20939598509044272,AI,1
GPT5,Restricted,GPT5-Restricted,0.8843544328858579,AI,1
GPT5,Restricted,GPT5-Restricted,0.47532532920556575,AI,1
GPT5,Restricted,GPT5-Restricted,0.3678458838474005,AI,1
GPT5,Restricted,GPT5-Restricted,0.5669631586669751,AI,1
GPT5,Restricted,GPT5-Restricted,0.7204828196043531,AI,1
GPT5,Restricted,GPT5-Restricted,0.44118972790427285,AI,1
GPT5,Restricted,GPT5-Restricted,0.08832681343527969,AI,1
GPT5,Restricted,GPT5-Restricted,0.016349574061003607,AI,1
GPT5,Restricted,GPT5-Restricted,0.2574829727880134,AI,1
GPT5,Restricted,GPT5-Restricted,0.5826902842699838,AI,1
GPT5,Restricted,GPT5-Restricted,0.376843300026671,AI,1
GPT5,Restricted,GPT5-Restricted,0.21734100736676357,AI,1
GPT5,Restricted,GPT5-Restricted,0.17517443616970524,AI,1
GPT5,Restricted,GPT5-Restricted,0.36188950930196867,AI,1
GPT5,Restricted,GPT5-Restricted,0.25671505688872304,AI,1
GPT5,Restricted,GPT5-Restricted,0.874438297421206,AI,1
GPT5,Restricted,GPT5-Restricted,0.5576329421351012,AI,1
GPT5,Restricted,GPT5-Restricted,0.6171474644358732,AI,1
GPT5,Restricted,GPT5-Restricted,0.7198503084088032,AI,1
GPT5,Restricted,GPT5-Restricted,0.15677350162348128,AI,1
GPT5,Restricted,GPT5-Restricted,0.6577255935390278,AI,1
GPT5,Restricted,GPT5-Restricted,0.529676550475742,AI,1
GPT5,Restricted,GPT5-Restricted,0.5747212616734798,AI,1
GPT5,Restricted,GPT5-Restricted,0.5907565720854974,AI,1
GPT5,Restricted,GPT5-Restricted,0.5725631663418601,AI,1
GPT5,Restricted,GPT5-Restricted,0.3313291843453773,AI,1
GPT5,Restricted,GPT5-Restricted,0.5605959223347302,AI,1
GPT5,Restricted,GPT5-Restricted,0.42554291259262256,AI,1
GPT5,Restricted,GPT5-Restricted,0.6491214585008549,AI,1
GPT5,Restricted,GPT5-Restricted,0.5029808945802559,AI,1
GPT5,Restricted,GPT5-Restricted,0.8356201615605071,AI,1
GPT5,Restricted,GPT5-Restricted,0.6150965986310769,AI,1
GPT5,Restricted,GPT5-Restricted,0.5688846940008999,AI,1
GPT5,Restricted,GPT5-Restricted,0.0656241208483598,AI,1
GPT5,Restricted,GPT5-Restricted,0.4650474362248277,AI,1
GPT5,Restricted,GPT5-Restricted,0.6109447417562507,AI,1
GPT5,Restricted,GPT5-Restricted,0.5969241555426924,AI,1
GPT5,Restricted,GPT5-Restricted,0.6823237816513973,AI,1
GPT5,Restricted,GPT5-Restricted,0.5588403178571679,AI,1
GPT5,Restricted,GPT5-Restricted,0.24414399849520999,AI,1
GPT5,Restricted,GPT5-Restricted,0.10260390411087215,AI,1
GPT5,Restricted,GPT5-Restricted,0.48655928438998325,AI,1
GPT5,Restricted,GPT5-Restricted,0.2434899231318402,AI,1
GPT5,Restricted,GPT5-Restricted,0.6361092582200558,AI,1
GPT5,Restricted,GPT5-Restricted,0.11981703161959859,AI,1
GPT5,Restricted,GPT5-Restricted,0.24880336311319795,AI,1
GPT5,Restricted,GPT5-Restricted,0.3228413691888449,AI,1
GPT5,Restricted,GPT5-Restricted,0.43592274840687917,AI,1
GPT5,Restricted,GPT5-Restricted,0.41537552053193955,AI,1
GPT5,Restricted,GPT5-Restricted,0.3384312273047716,AI,1
GPT5,Restricted,GPT5-Restricted,0.7650967761869635,AI,1
GPT5,Restricted,GPT5-Restricted,0.47797710104010077,AI,1
GPT5,Restricted,GPT5-Restricted,0.7549799332357139,AI,1
GPT5,Restricted,GPT5-Restricted,0.572753397121316,AI,1
GPT5,Restricted,GPT5-Restricted,0.24783023779409435,AI,1
GPT5,Restricted,GPT5-Restricted,0.5617418473462972,AI,1
GPT5,Restricted,GPT5-Restricted,0.5755016062448748,AI,1
GPT5,Restricted,GPT5-Restricted,0.3025828374578202,AI,1
GPT5,Restricted,GPT5-Restricted,0.35420283946805914,AI,1
GPT5,Restricted,GPT5-Restricted,0.1938428031229197,AI,1
GPT5,Restricted,GPT5-Restricted,0.35343387957500644,AI,1
GPT5,Restricted,GPT5-Restricted,0.5265036271837494,AI,1
GPT5,Restricted,GPT5-Restricted,0.7292252581724764,AI,1
GPT5,Restricted,GPT5-Restricted,0.6458749492528205,AI,1
GPT5,Restricted,GPT5-Restricted,0.21504117015356677,AI,1
GPT5,Restricted,GPT5-Restricted,0.4607626500447375,AI,1
GPT5,Restricted,GPT5-Restricted,0.6274449880079893,AI,1
GPT5,Restricted,GPT5-Restricted,0.5539880614035024,AI,1
GPT5,Restricted,GPT5-Restricted,0.3958410839611325,AI,1
GPT5,Restricted,GPT5-Restricted,0.6373132433137922,AI,1
GPT5,Restricted,GPT5-Restricted,0.8234593177882619,AI,1
GPT5,Restricted,GPT5-Restricted,0.3323767380179513,AI,1
GPT5,Restricted,GPT5-Restricted,0.6272840396663524,AI,1
GPT5,Restricted,GPT5-Restricted,0.6633612383618064,AI,1
GPT5,Restricted,GPT5-Restricted,0.6907141129661325,AI,1
GPT5,Restricted,GPT5-Restricted,0.6420159459944024,AI,1
GPT5,Restricted,GPT5-Restricted,0.19117807145152868,AI,1
GPT5,Restricted,GPT5-Restricted,0.5365930974401132,AI,1
GPT5,Restricted,GPT5-Restricted,0.7614781857845985,AI,1
GPT5,Restricted,GPT5-Restricted,0.06203258155301802,AI,1
GPT5,Restricted,GPT5-Restricted,0.21126597066224168,AI,1
GPT5,Restricted,GPT5-Restricted,0.7729876032742103,AI,1
GPT5,Restricted,GPT5-Restricted,0.48542178706573313,AI,1
GPT5,Restricted,GPT5-Restricted,0.43871325218244744,AI,1
GPT5,Restricted,GPT5-Restricted,0.601339051224132,AI,1
GPT5,Restricted,GPT5-Restricted,0.4474748512005948,AI,1
GPT5,Restricted,GPT5-Restricted,0.16844431863512285,AI,1
GPT5,Restricted,GPT5-Restricted,0.4606689459655622,AI,1
GPT5,Restricted,GPT5-Restricted,0.4703013279947482,AI,1
GPT5,Restricted,GPT5-Restricted,0.6248750257727829,AI,1
GPT5,Restricted,GPT5-Restricted,0.6602425332277613,AI,1
GPT5,Restricted,GPT5-Restricted,0.40416696830731036,AI,1
GPT5,Restricted,GPT5-Restricted,0.34904598867361847,AI,1
GPT5,Restricted,GPT5-Restricted,0.5611903203679142,AI,1
GPT5,Restricted,GPT5-Restricted,0.6729334423902474,AI,1
GPT5,Restricted,GPT5-Restricted,0.8048847749177477,AI,1
GPT5,Restricted,GPT5-Restricted,0.48406202271563287,AI,1
GPT5,Restricted,GPT5-Restricted,0.027620065107781824,AI,1
GPT5,Restricted,GPT5-Restricted,0.0087494478446897,AI,1
GPT5,Restricted,GPT5-Restricted,0.35516616937255013,AI,1
GPT5,Restricted,GPT5-Restricted,0.34002971580680236,AI,1
GPT5,Restricted,GPT5-Restricted,0.6987697733101069,AI,1
GPT5,Restricted,GPT5-Restricted,0.03833440099186268,AI,1
GPT5,Restricted,GPT5-Restricted,0.11623682007459324,AI,1
GPT5,Restricted,GPT5-Restricted,0.6626569426855774,AI,1
GPT5,Restricted,GPT5-Restricted,0.25643608984499666,AI,1
GPT5,Restricted,GPT5-Restricted,0.20290538683942144,AI,1
GPT5,Restricted,GPT5-Restricted,0.2981021375817709,AI,1
GPT5,Restricted,GPT5-Restricted,0.7465682990559879,AI,1
GPT5,Restricted,GPT5-Restricted,0.31763679987386684,AI,1
GPT5,Restricted,GPT5-Restricted,0.15640584375979052,AI,1
GPT5,Restricted,GPT5-Restricted,0.2259634617781103,AI,1
GPT5,Restricted,GPT5-Restricted,0.27560802355341213,AI,1
GPT5,Restricted,GPT5-Restricted,0.37318245446040177,AI,1
GPT5,Restricted,GPT5-Restricted,0.6412902726883384,AI,1
GPT5,Restricted,GPT5-Restricted,0.7182628399550005,AI,1
GPT5,Restricted,GPT5-Restricted,0.2606365327476545,AI,1
GPT5,Restricted,GPT5-Restricted,0.551426402009984,AI,1
GPT5,Restricted,GPT5-Restricted,0.320411706216823,AI,1
GPT5,Restricted,GPT5-Restricted,0.34135823269884,AI,1
GPT5,Restricted,GPT5-Restricted,0.2736691544162276,AI,1
GPT5,Restricted,GPT5-Restricted,0.20435392045198275,AI,1
GPT5,Restricted,GPT5-Restricted,0.6570322371414764,AI,1
GPT5,Restricted,GPT5-Restricted,0.5199527937507321,AI,1
GPT5,Restricted,GPT5-Restricted,0.37217783365215007,AI,1
GPT5,Restricted,GPT5-Restricted,0.4842501958399175,AI,1
GPT5,Restricted,GPT5-Restricted,0.908718897273693,AI,1
GPT5,Restricted,GPT5-Restricted,0.3036891305552672,AI,1
GPT5,Restricted,GPT5-Restricted,0.08148957573678994,AI,1
GPT5,Restricted,GPT5-Restricted,0.21948935059272429,AI,1
GPT5,Restricted,GPT5-Restricted,0.21430831222954302,AI,1
GPT5,Restricted,GPT5-Restricted,0.4255125842159345,AI,1
GPT5,Restricted,GPT5-Restricted,0.48726090226631,AI,1
GPT5,Restricted,GPT5-Restricted,0.929772744416569,AI,1
GPT5,Restricted,GPT5-Restricted,0.825995549892521,AI,1
GPT5,Restricted,GPT5-Restricted,0.4530244306456314,AI,1
GPT5,Restricted,GPT5-Restricted,0.5284100395436505,AI,1
GPT5,Restricted,GPT5-Restricted,0.22659523126981562,AI,1
GPT5,Restricted,GPT5-Restricted,0.6154375435104845,AI,1
GPT5,Restricted,GPT5-Restricted,0.21307712658939773,AI,1
GPT5,Restricted,GPT5-Restricted,0.492929284110795,AI,1
GPT5,Restricted,GPT5-Restricted,0.2915688869881837,AI,1
GPT5,Restricted,GPT5-Restricted,0.3821212354854658,AI,1
GPT5,Restricted,GPT5-Restricted,0.36324546235622646,AI,1
GPT5,Restricted,GPT5-Restricted,0.03865898579851499,AI,1
GPT5,Restricted,GPT5-Restricted,0.6702213389890628,AI,1
GPT5,Restricted,GPT5-Restricted,0.7595968587052512,AI,1
GPT5,Restricted,GPT5-Restricted,0.4776345173477071,AI,1
GPT5,Restricted,GPT5-Restricted,0.313641053072666,AI,1
GPT5,Restricted,GPT5-Restricted,0.35998321228233326,AI,1
GPT5,Restricted,GPT5-Restricted,0.5744416520212989,AI,1
GPT5,Restricted,GPT5-Restricted,0.8453618066064782,AI,1
GPT5,Restricted,GPT5-Restricted,0.5355603067379362,AI,1
GPT5,Restricted,GPT5-Restricted,0.26209884920419607,AI,1
GPT5,Restricted,GPT5-Restricted,0.2626836067993819,AI,1
GPT5,Restricted,GPT5-Restricted,0.3798732279404249,AI,1
GPT5,Restricted,GPT5-Restricted,0.06762372448883924,AI,1
GPT5,Restricted,GPT5-Restricted,0.5844262269205094,AI,1
GPT5,Restricted,GPT5-Restricted,0.0752362751571011,AI,1
GPT5,Restricted,GPT5-Restricted,0.08446550907411833,AI,1
GPT5,Restricted,GPT5-Restricted,0.4862912335110046,AI,1
GPT5,Restricted,GPT5-Restricted,0.3281914568753955,AI,1
GPT5,Restricted,GPT5-Restricted,0.17846290953692215,AI,1
GPT5,Restricted,GPT5-Restricted,0.32273281937973275,AI,1
GPT5,Restricted,GPT5-Restricted,0.21848240354564236,AI,1
GPT5,Restricted,GPT5-Restricted,0.6666589953788092,AI,1
GPT5,Restricted,GPT5-Restricted,0.2394680991100371,AI,1
GPT5,Restricted,GPT5-Restricted,0.3049332835745615,AI,1
GPT5,Restricted,GPT5-Restricted,0.26217015210891437,AI,1
GPT5,Restricted,GPT5-Restricted,0.31350261611746544,AI,1
GPT5,Restricted,GPT5-Restricted,0.34417279104148485,AI,1
GPT5,Restricted,GPT5-Restricted,0.5032422129363349,AI,1
GPT5,Restricted,GPT5-Restricted,0.35516913391745863,AI,1
GPT5,Restricted,GPT5-Restricted,0.22482129041629298,AI,1
GPT5,Restricted,GPT5-Restricted,0.30729989971548355,AI,1
GPT5,Restricted,GPT5-Restricted,0.03962188563547753,AI,1
GPT5,Restricted,GPT5-Restricted,0.600658521377531,AI,1
GPT5,Restricted,GPT5-Restricted,0.20336679208598568,AI,1
GPT5,Restricted,GPT5-Restricted,0.15368880416435143,AI,1
GPT5,Restricted,GPT5-Restricted,0.060737868496240646,AI,1
GPT5,Restricted,GPT5-Restricted,0.4844053951106133,AI,1
GPT5,Restricted,GPT5-Restricted,0.1990267060093716,AI,1
GPT5,Restricted,GPT5-Restricted,0.3161015974627027,AI,1
GPT5,Restricted,GPT5-Restricted,0.5227516589055533,AI,1
GPT5,Restricted,GPT5-Restricted,0.2558602957568119,AI,1
GPT5,Restricted,GPT5-Restricted,0.44498953294073634,AI,1
GPT5,Restricted,GPT5-Restricted,0.5171467040363373,AI,1
GPT5,Restricted,GPT5-Restricted,0.47947456904768593,AI,1
GPT5,Restricted,GPT5-Restricted,0.23245073688877324,AI,1
GPT5,Restricted,GPT5-Restricted,0.2750465392226185,AI,1
GPT5,Restricted,GPT5-Restricted,0.5455529902765199,AI,1
GPT5,Restricted,GPT5-Restricted,0.553639879015246,AI,1
GPT5,Restricted,GPT5-Restricted,0.4178147576546563,AI,1
GPT5,Restricted,GPT5-Restricted,0.6130268066472225,AI,1
GPT5,Restricted,GPT5-Restricted,0.28759530380943693,AI,1
GPT5,Restricted,GPT5-Restricted,0.6397323610764918,AI,1
GPT5,Restricted,GPT5-Restricted,0.5274957331941643,AI,1
GPT5,Restricted,GPT5-Restricted,0.12790658140891123,AI,1
GPT5,Restricted,GPT5-Restricted,0.7525327221238812,AI,1
GPT5,Restricted,GPT5-Restricted,0.46882618027192413,AI,1
GPT5,Restricted,GPT5-Restricted,0.6156095846916592,AI,1
GPT5,Restricted,GPT5-Restricted,0.4817452507164487,AI,1
GPT5,Restricted,GPT5-Restricted,0.04296574882942991,AI,1
GPT5,Restricted,GPT5-Restricted,0.3013983471965375,AI,1
GPT5,Restricted,GPT5-Restricted,0.1809359855073022,AI,1
GPT5,Restricted,GPT5-Restricted,0.2521346325423788,AI,1
GPT5,Restricted,GPT5-Restricted,0.698430411610056,AI,1
GPT5,Restricted,GPT5-Restricted,0.5835840912101176,AI,1
GPT5,Restricted,GPT5-Restricted,0.3323218933724146,AI,1
GPT5,Restricted,GPT5-Restricted,0.255628020852591,AI,1
GPT5,Restricted,GPT5-Restricted,0.1370074650749357,AI,1
GPT5,Restricted,GPT5-Restricted,0.8219652831496584,AI,1
GPT5,Restricted,GPT5-Restricted,0.5746656007841572,AI,1
GPT5,Restricted,GPT5-Restricted,0.6815998396995058,AI,1
GPT5,Restricted,GPT5-Restricted,0.02353701453988372,AI,1
GPT5,Restricted,GPT5-Restricted,0.3129889038077478,AI,1
GPT5,Restricted,GPT5-Restricted,0.26026223974020024,AI,1
GPT5,Restricted,GPT5-Restricted,0.2578957162410935,AI,1
GPT5,Restricted,GPT5-Restricted,0.23327503717758372,AI,1
GPT5,Restricted,GPT5-Restricted,0.3086518827188027,AI,1
GPT5,Restricted,GPT5-Restricted,0.5495315445787434,AI,1
GPT5,Restricted,GPT5-Restricted,0.6267886043699112,AI,1
GPT5,Restricted,GPT5-Restricted,0.8690055622761682,AI,1
GPT5,Restricted,GPT5-Restricted,0.7037736739511875,AI,1
GPT5,Restricted,GPT5-Restricted,0.6195200378467601,AI,1
GPT5,Restricted,GPT5-Restricted,0.3977345916428383,AI,1
GPT5,Restricted,GPT5-Restricted,0.5651607253985308,AI,1
GPT5,Restricted,GPT5-Restricted,0.4065255614761765,AI,1
GPT5,Restricted,GPT5-Restricted,0.6080348498305104,AI,1
GPT5,Restricted,GPT5-Restricted,0.38769375551130353,AI,1
GPT5,Restricted,GPT5-Restricted,0.6610187400899892,AI,1
GPT5,Restricted,GPT5-Restricted,0.3068332461030235,AI,1
GPT5,Restricted,GPT5-Restricted,0.19928809643740303,AI,1
GPT5,Restricted,GPT5-Restricted,0.6273622558022246,AI,1
GPT5,Restricted,GPT5-Restricted,0.4031243866353818,AI,1
GPT5,Restricted,GPT5-Restricted,0.11459490218362998,AI,1
GPT5,Restricted,GPT5-Restricted,0.4173518232077624,AI,1
GPT5,Restricted,GPT5-Restricted,0.8540040117928007,AI,1
GPT5,Restricted,GPT5-Restricted,0.17281192552909128,AI,1
GPT5,Restricted,GPT5-Restricted,0.4069659687648111,AI,1
GPT5,Restricted,GPT5-Restricted,0.7540860980505876,AI,1
GPT5,Restricted,GPT5-Restricted,0.5575834923753544,AI,1
GPT5,Restricted,GPT5-Restricted,0.6419835777301011,AI,1
GPT5,Restricted,GPT5-Restricted,0.38827727112254123,AI,1
GPT5,Restricted,GPT5-Restricted,0.5837054861340447,AI,1
GPT5,Restricted,GPT5-Restricted,0.6866523541449236,AI,1
GPT5,Restricted,GPT5-Restricted,0.6937962073141772,AI,1
GPT5,Restricted,GPT5-Restricted,0.753017198217414,AI,1
GPT5,Restricted,GPT5-Restricted,0.5064303827971441,AI,1
GPT5,Restricted,GPT5-Restricted,0.3967854926440277,AI,1
GPT5,Restricted,GPT5-Restricted,0.5116670296929798,AI,1
GPT5,Restricted,GPT5-Restricted,0.618205461682734,AI,1
GPT5,Restricted,GPT5-Restricted,0.8521954335197776,AI,1
GPT5,Restricted,GPT5-Restricted,0.17255869071789345,AI,1
GPT5,Restricted,GPT5-Restricted,0.39370064506449926,AI,1
GPT5,Restricted,GPT5-Restricted,0.4838734089627815,AI,1
GPT5,Restricted,GPT5-Restricted,0.28983178177395386,AI,1
GPT5,Restricted,GPT5-Restricted,0.3259424422826889,AI,1
GPT5,Restricted,GPT5-Restricted,0.09454978090421803,AI,1
GPT5,Restricted,GPT5-Restricted,0.7060739255790612,AI,1
GPT5,Restricted,GPT5-Restricted,0.24458009697898186,AI,1
GPT5,Restricted,GPT5-Restricted,0.22650081902298438,AI,1
GPT5,Restricted,GPT5-Restricted,0.20030680191364095,AI,1
GPT5,Restricted,GPT5-Restricted,0.20749792993386199,AI,1
GPT5,Restricted,GPT5-Restricted,0.46213090126628253,AI,1
GPT5,Restricted,GPT5-Restricted,0.42990083261204126,AI,1
GPT5,Restricted,GPT5-Restricted,0.5332043594697077,AI,1
GPT5,Restricted,GPT5-Restricted,0.3772733836630202,AI,1
GPT5,Restricted,GPT5-Restricted,0.7192429221543898,AI,1
GPT5,Restricted,GPT5-Restricted,0.7520415651879178,AI,1
GPT5,Restricted,GPT5-Restricted,0.46228183476087525,AI,1
GPT5,Restricted,GPT5-Restricted,0.45012285685396436,AI,1
GPT5,Restricted,GPT5-Restricted,0.14576652834832754,AI,1
GPT5,Restricted,GPT5-Restricted,0.2939429858151961,AI,1
GPT5,Restricted,GPT5-Restricted,0.03700302456911301,AI,1
GPT5,Restricted,GPT5-Restricted,0.17319065471350095,AI,1
GPT5,Restricted,GPT5-Restricted,0.18131989199852752,AI,1
GPT5,Restricted,GPT5-Restricted,0.1702122809417494,AI,1
GPT5,Restricted,GPT5-Restricted,0.07026714366058619,AI,1
GPT5,Restricted,GPT5-Restricted,0.45186339562689876,AI,1
GPT5,Restricted,GPT5-Restricted,0.26233592450627363,AI,1
GPT5,Restricted,GPT5-Restricted,0.5971829076050005,AI,1
GPT5,Restricted,GPT5-Restricted,0.4615387262019212,AI,1
GPT5,Restricted,GPT5-Restricted,0.3198705669803298,AI,1
GPT5,Restricted,GPT5-Restricted,0.5454624968104765,AI,1
GPT5,Restricted,GPT5-Restricted,0.40278899885655794,AI,1
GPT5,Restricted,GPT5-Restricted,0.7137575524164703,AI,1
GPT5,Restricted,GPT5-Restricted,0.5202662301268812,AI,1
GPT5,Restricted,GPT5-Restricted,0.8635960197620632,AI,1
GPT5,Restricted,GPT5-Restricted,0.4220120056243326,AI,1
GPT5,Restricted,GPT5-Restricted,0.4582050327367808,AI,1
GPT5,Restricted,GPT5-Restricted,0.6392256805255068,AI,1
GPT5,Restricted,GPT5-Restricted,0.16607352705652348,AI,1
GPT5,Restricted,GPT5-Restricted,0.7764787014626481,AI,1
GPT5,Restricted,GPT5-Restricted,0.607783627133502,AI,1
GPT5,Restricted,GPT5-Restricted,0.40880808422227366,AI,1
GPT5,Restricted,GPT5-Restricted,0.4537173776330625,AI,1
GPT5,Restricted,GPT5-Restricted,0.42998126565011713,AI,1
GPT5,Restricted,GPT5-Restricted,0.7658381675632698,AI,1
GPT5,Restricted,GPT5-Restricted,0.6083060620568779,AI,1
GPT5,Restricted,GPT5-Restricted,0.7388743866377462,AI,1
GPT5,Restricted,GPT5-Restricted,0.19708425876571314,AI,1
GPT5,Restricted,GPT5-Restricted,0.15620406635269446,AI,1
GPT5,Restricted,GPT5-Restricted,0.11140835875222095,AI,1
GPT5,Restricted,GPT5-Restricted,0.46829581485970295,AI,1
GPT5,Restricted,GPT5-Restricted,0.629953261628575,AI,1
GPT5,Restricted,GPT5-Restricted,0.8461544582330328,AI,1
GPT5,Restricted,GPT5-Restricted,0.31684609654129275,AI,1
GPT5,Restricted,GPT5-Restricted,0.5966992435835446,AI,1
GPT5,Restricted,GPT5-Restricted,0.38423883853440094,AI,1
GPT5,Restricted,GPT5-Restricted,0.5786295221323225,AI,1
GPT5,Restricted,GPT5-Restricted,0.0340757344870132,AI,1
GPT5,Restricted,GPT5-Restricted,0.4679979435801961,AI,1
GPT5,Restricted,GPT5-Restricted,0.2683822057856505,AI,1
GPT5,Restricted,GPT5-Restricted,0.49118842948272834,AI,1
GPT5,Restricted,GPT5-Restricted,0.3050754057555547,AI,1
GPT5,Restricted,GPT5-Restricted,0.5790640735421037,AI,1
GPT5,Restricted,GPT5-Restricted,0.5901015616319021,AI,1
GPT5,Restricted,GPT5-Restricted,0.4010549210534367,AI,1
GPT5,Restricted,GPT5-Restricted,0.24314889082340546,AI,1
GPT5,Restricted,GPT5-Restricted,0.6571275305447473,AI,1
GPT5,Restricted,GPT5-Restricted,0.4234933410459202,AI,1
GPT5,Restricted,GPT5-Restricted,0.6927573431222713,AI,1
GPT5,Restricted,GPT5-Restricted,0.7024757559958669,AI,1
GPT5,Restricted,GPT5-Restricted,0.19780675875426723,AI,1
GPT5,Restricted,GPT5-Restricted,0.6693522517373715,AI,1
GPT5,Restricted,GPT5-Restricted,0.5774973916329119,AI,1
GPT5,Restricted,GPT5-Restricted,0.5825598736195231,AI,1
GPT5,Restricted,GPT5-Restricted,0.2678026892587395,AI,1
GPT5,Restricted,GPT5-Restricted,0.5476196951827826,AI,1
GPT5,Restricted,GPT5-Restricted,0.37460141970751115,AI,1
GPT5,Restricted,GPT5-Restricted,0.4076993412612733,AI,1
GPT5,Restricted,GPT5-Restricted,0.6804586227109066,AI,1
GPT5,Restricted,GPT5-Restricted,0.3867221977843268,AI,1
GPT5,Restricted,GPT5-Restricted,0.767884172875015,AI,1
GPT5,Restricted,GPT5-Restricted,0.3286868699485511,AI,1
GPT5,Restricted,GPT5-Restricted,0.10691475803157482,AI,1
GPT5,Restricted,GPT5-Restricted,0.5911157308316052,AI,1
GPT5,Restricted,GPT5-Restricted,0.8280856752068736,AI,1
GPT5,Restricted,GPT5-Restricted,0.42199393091893495,AI,1
GPT5,Restricted,GPT5-Restricted,0.09658738151889251,AI,1
GPT5,Restricted,GPT5-Restricted,0.08133839383054907,AI,1
GPT5,Restricted,GPT5-Restricted,0.4317146846121176,AI,1
GPT5,Restricted,GPT5-Restricted,0.3243363297098206,AI,1
GPT5,Restricted,GPT5-Restricted,0.300778385752852,AI,1
GPT5,Restricted,GPT5-Restricted,0.4901376486546938,AI,1
GPT5,Restricted,GPT5-Restricted,0.2924222596199866,AI,1
GPT5,Restricted,GPT5-Restricted,0.09005700683900475,AI,1
GPT5,Restricted,GPT5-Restricted,0.4804193644829458,AI,1
GPT5,Restricted,GPT5-Restricted,0.6986583915739422,AI,1
GPT5,Restricted,GPT5-Restricted,0.8127652651603664,AI,1
GPT5,Restricted,GPT5-Restricted,0.11470020611488826,AI,1
GPT5,Restricted,GPT5-Restricted,0.06403171128149085,AI,1
GPT5,Restricted,GPT5-Restricted,0.40075741387309355,AI,1
GPT5,Restricted,GPT5-Restricted,0.5067418514434759,AI,1
GPT5,Restricted,GPT5-Restricted,0.42008817879583427,AI,1
GPT5,Restricted,GPT5-Restricted,0.6413300400739887,AI,1
GPT5,Restricted,GPT5-Restricted,0.7588177594677409,AI,1
GPT5,Restricted,GPT5-Restricted,0.45451692714232883,AI,1
GPT5,Restricted,GPT5-Restricted,0.30527441353747586,AI,1
GPT5,Restricted,GPT5-Restricted,0.16362122440186208,AI,1
GPT5,Restricted,GPT5-Restricted,0.33896197648858684,AI,1
GPT5,Restricted,GPT5-Restricted,0.617415817765724,AI,1
GPT5,Restricted,GPT5-Restricted,0.42661510220334115,AI,1
GPT5,Restricted,GPT5-Restricted,0.8307472340011174,AI,1
GPT5,Restricted,GPT5-Restricted,0.2509888455809091,AI,1
GPT5,Restricted,GPT5-Restricted,0.5497212292688103,AI,1
GPT5,Restricted,GPT5-Restricted,0.6781818848873328,AI,1
GPT5,Restricted,GPT5-Restricted,0.3822263924953412,AI,1
GPT5,Restricted,GPT5-Restricted,0.6978712561479625,AI,1
GPT5,Restricted,GPT5-Restricted,0.11296905389144384,AI,1
GPT5,Restricted,GPT5-Restricted,0.4368630587434234,AI,1
GPT5,Restricted,GPT5-Restricted,0.46153888729017406,AI,1
GPT5,Restricted,GPT5-Restricted,0.6675578611442953,AI,1
GPT5,Restricted,GPT5-Restricted,0.5945199309520393,AI,1
GPT5,Restricted,GPT5-Restricted,0.5037387346167824,AI,1
GPT5,Restricted,GPT5-Restricted,0.761734383883057,AI,1
GPT5,Restricted,GPT5-Restricted,0.6853609221893643,AI,1
GPT5,Restricted,GPT5-Restricted,0.24509191934508082,AI,1
GPT5,Restricted,GPT5-Restricted,0.8856130123719766,AI,1
GPT5,Restricted,GPT5-Restricted,0.45146049374368574,AI,1
GPT5,Restricted,GPT5-Restricted,0.36001805210568866,AI,1
GPT5,Restricted,GPT5-Restricted,0.7236462420358207,AI,1
GPT5,Restricted,GPT5-Restricted,0.7679810527243077,AI,1
GPT5,Restricted,GPT5-Restricted,0.9214380346634323,AI,1
GPT5,Restricted,GPT5-Restricted,0.41218876220368306,AI,1
GPT5,Restricted,GPT5-Restricted,0.636092251170769,AI,1
GPT5,Restricted,GPT5-Restricted,0.8139997520753014,AI,1
GPT5,Restricted,GPT5-Restricted,0.4589240767919229,AI,1
GPT5,Restricted,GPT5-Restricted,0.5064341379815341,AI,1
GPT5,Restricted,GPT5-Restricted,0.2163967907566523,AI,1
GPT5,Restricted,GPT5-Restricted,0.596002884739834,AI,1
GPT5,Restricted,GPT5-Restricted,0.2786792436119905,AI,1
GPT5,Restricted,GPT5-Restricted,0.20623728113464948,AI,1
GPT5,Restricted,GPT5-Restricted,0.42555599326028276,AI,1
GPT5,Restricted,GPT5-Restricted,0.3644216880471249,AI,1
GPT5,Restricted,GPT5-Restricted,0.2586429194034668,AI,1
GPT5,Restricted,GPT5-Restricted,0.20497693024263033,AI,1
GPT5,Restricted,GPT5-Restricted,0.7708604413429299,AI,1
GPT5,Restricted,GPT5-Restricted,0.12503359011345,AI,1
GPT5,Restricted,GPT5-Restricted,0.6412970901351314,AI,1
GPT5,Restricted,GPT5-Restricted,0.6875204299223814,AI,1
GPT5,Restricted,GPT5-Restricted,0.8447188578834972,AI,1
GPT5,Restricted,GPT5-Restricted,0.368966224332448,AI,1
GPT5,Restricted,GPT5-Restricted,0.6197514826431902,AI,1
GPT5,Restricted,GPT5-Restricted,0.47308286236127145,AI,1
GPT5,Restricted,GPT5-Restricted,0.734709654076673,AI,1
GPT5,Restricted,GPT5-Restricted,0.4080937988253978,AI,1
GPT5,Restricted,GPT5-Restricted,0.533445915990941,AI,1
GPT5,Restricted,GPT5-Restricted,0.5907659963531945,AI,1
GPT5,Restricted,GPT5-Restricted,0.47805754125368244,AI,1
GPT5,Restricted,GPT5-Restricted,0.2945317698392732,AI,1
GPT5,Restricted,GPT5-Restricted,0.4796388425359755,AI,1
GPT5,Restricted,GPT5-Restricted,0.6250897734426882,AI,1
GPT5,Restricted,GPT5-Restricted,0.25762319160173436,AI,1
GPT5,Restricted,GPT5-Restricted,0.5777713960182254,AI,1
GPT5,Restricted,GPT5-Restricted,0.6982588745520992,AI,1
GPT5,Restricted,GPT5-Restricted,0.8016789110443926,AI,1
GPT5,Restricted,GPT5-Restricted,0.8464143607295334,AI,1
GPT5,Restricted,GPT5-Restricted,0.43550566095203225,AI,1
GPT5,Restricted,GPT5-Restricted,0.8766828660986438,AI,1
GPT5,Restricted,GPT5-Restricted,0.2463327455828546,AI,1
GPT5,Restricted,GPT5-Restricted,0.41112556479303936,AI,1
GPT5,Restricted,GPT5-Restricted,0.3986544755395458,AI,1
GPT5,Restricted,GPT5-Restricted,0.5349179467769761,AI,1
GPT5,Restricted,GPT5-Restricted,0.5624199974157627,AI,1
GPT5,Restricted,GPT5-Restricted,0.22655624791154233,AI,1
GPT5,Restricted,GPT5-Restricted,0.4924866042543575,AI,1
GPT5,Restricted,GPT5-Restricted,0.5154346349091303,AI,1
GPT5,Restricted,GPT5-Restricted,0.38709187529173184,AI,1
GPT5,Restricted,GPT5-Restricted,0.6668883788719122,AI,1
GPT5,Restricted,GPT5-Restricted,0.4123132489014589,AI,1
GPT5,Restricted,GPT5-Restricted,0.14871938498494375,AI,1
GPT5,Restricted,GPT5-Restricted,0.4141140887967782,AI,1
GPT5,Restricted,GPT5-Restricted,0.7025853999489311,AI,1
GPT5,Restricted,GPT5-Restricted,0.5091522999324691,AI,1
GPT5,Restricted,GPT5-Restricted,0.4066495881693852,AI,1
GPT5,Restricted,GPT5-Restricted,0.20060523182958828,AI,1
GPT5,Restricted,GPT5-Restricted,0.8113775434667387,AI,1
GPT5,Restricted,GPT5-Restricted,0.5653665039547912,AI,1
GPT5,Restricted,GPT5-Restricted,0.6295477008813447,AI,1
GPT5,Restricted,GPT5-Restricted,0.8985281341482834,AI,1
GPT5,Restricted,GPT5-Restricted,0.5085272562384298,AI,1
GPT5,Restricted,GPT5-Restricted,0.916344655374296,AI,1
GPT5,Restricted,GPT5-Restricted,0.9261887679547111,AI,1
GPT5,Restricted,GPT5-Restricted,0.853873422965765,AI,1
GPT5,Restricted,GPT5-Restricted,0.773254242995415,AI,1
GPT5,Restricted,GPT5-Restricted,0.8138068036468379,AI,1
GPT5,Restricted,GPT5-Restricted,0.6806116864462779,AI,1
GPT5,Restricted,GPT5-Restricted,0.5137613863764555,AI,1
GPT5,Restricted,GPT5-Restricted,0.6123377894404219,AI,1
GPT5,Restricted,GPT5-Restricted,0.2686798122708993,AI,1
GPT5,Restricted,GPT5-Restricted,0.3958669200274845,AI,1
GPT5,Restricted,GPT5-Restricted,0.28943542674821837,AI,1
GPT5,Restricted,GPT5-Restricted,0.37072132502204413,AI,1
GPT5,Restricted,GPT5-Restricted,0.0765978076996492,AI,1
GPT5,Restricted,GPT5-Restricted,0.6660152444954042,AI,1
GPT5,Restricted,GPT5-Restricted,0.9332068873155541,AI,1
GPT5,Restricted,GPT5-Restricted,0.6832095261818228,AI,1
GPT5,Restricted,GPT5-Restricted,0.3905679314543167,AI,1
GPT5,Restricted,GPT5-Restricted,0.4728259375696387,AI,1
GPT5,Restricted,GPT5-Restricted,0.32047600239766016,AI,1
GPT5,Restricted,GPT5-Restricted,0.49732938846732166,AI,1
GPT5,Restricted,GPT5-Restricted,0.3894938631020566,AI,1
GPT5,Restricted,GPT5-Restricted,0.3094236698995838,AI,1
GPT5,Restricted,GPT5-Restricted,0.4227976051827149,AI,1
GPT5,Restricted,GPT5-Restricted,0.8670302269486247,AI,1
GPT5,Restricted,GPT5-Restricted,0.9109228181245467,AI,1
GPT5,Restricted,GPT5-Restricted,0.9212203147011186,AI,1
GPT5,Restricted,GPT5-Restricted,0.8884488282274315,AI,1
GPT5,Restricted,GPT5-Restricted,0.7259602691065205,AI,1
GPT5,Restricted,GPT5-Restricted,0.18720496512635862,AI,1
GPT5,Restricted,GPT5-Restricted,0.44356775394705983,AI,1
GPT5,Restricted,GPT5-Restricted,0.7741267716704325,AI,1
GPT5,Restricted,GPT5-Restricted,0.7265277118507367,AI,1
GPT5,Restricted,GPT5-Restricted,0.8341375365620974,AI,1
GPT5,Restricted,GPT5-Restricted,0.48390321250314994,AI,1
GPT5,Restricted,GPT5-Restricted,0.9011658589623937,AI,1
GPT5,Restricted,GPT5-Restricted,0.539269455364426,AI,1
GPT5,Restricted,GPT5-Restricted,0.7460511457588173,AI,1
GPT5,Restricted,GPT5-Restricted,0.6912484440942571,AI,1
GPT5,Restricted,GPT5-Restricted,0.644091430102371,AI,1
GPT5,Restricted,GPT5-Restricted,0.6942766540094261,AI,1
GPT5,Restricted,GPT5-Restricted,0.5858512059448326,AI,1
GPT5,Restricted,GPT5-Restricted,0.4662574492481716,AI,1
GPT5,Restricted,GPT5-Restricted,0.4719624095642672,AI,1
GPT5,Restricted,GPT5-Restricted,0.5386118899068062,AI,1
GPT5,Restricted,GPT5-Restricted,0.6357078149086667,AI,1
GPT5,Restricted,GPT5-Restricted,0.7435834565796561,AI,1
GPT5,Restricted,GPT5-Restricted,0.6496578903533735,AI,1
GPT5,Restricted,GPT5-Restricted,0.9323636141594692,AI,1
GPT5,Restricted,GPT5-Restricted,0.6864875905109329,AI,1
GPT5,Restricted,GPT5-Restricted,0.7270066288190812,AI,1
GPT5,Restricted,GPT5-Restricted,0.40553311460072083,AI,1
GPT5,Restricted,GPT5-Restricted,0.40171630222383065,AI,1
GPT5,Restricted,GPT5-Restricted,0.6399774489394477,AI,1
GPT5,Restricted,GPT5-Restricted,0.7950381119887067,AI,1
GPT5,Restricted,GPT5-Restricted,0.46733789287028465,AI,1
GPT5,Restricted,GPT5-Restricted,0.4188042617297773,AI,1
GPT5,Restricted,GPT5-Restricted,0.6597185377612694,AI,1
GPT5,Restricted,GPT5-Restricted,0.9100853368992506,AI,1
GPT5,Restricted,GPT5-Restricted,0.23169909461293636,AI,1
GPT5,Restricted,GPT5-Restricted,0.5893816642039627,AI,1
GPT5,Restricted,GPT5-Restricted,0.8612362777551518,AI,1
GPT5,Restricted,GPT5-Restricted,0.7248411726153051,AI,1
GPT5,Restricted,GPT5-Restricted,0.7499273849428557,AI,1
GPT5,Restricted,GPT5-Restricted,0.4336664304898388,AI,1
GPT5,Restricted,GPT5-Restricted,0.7106075254648644,AI,1
GPT5,Restricted,GPT5-Restricted,0.5424655672269739,AI,1
GPT5,Restricted,GPT5-Restricted,0.8961984711445433,AI,1
GPT5,Restricted,GPT5-Restricted,0.7477231659273483,AI,1
GPT5,Restricted,GPT5-Restricted,0.6731129677078521,AI,1
GPT5,Restricted,GPT5-Restricted,0.5670816887494142,AI,1
GPT5,Restricted,GPT5-Restricted,0.4722769645060264,AI,1
GPT5,Restricted,GPT5-Restricted,0.7305606836406658,AI,1
GPT5,Restricted,GPT5-Restricted,0.38859896284353185,AI,1
GPT5,Restricted,GPT5-Restricted,0.5295028522493314,AI,1
GPT5,Restricted,GPT5-Restricted,0.46285692706225523,AI,1
GPT5,Restricted,GPT5-Restricted,0.34061495514691875,AI,1
GPT5,Restricted,GPT5-Restricted,0.3881799589068859,AI,1
GPT5,Restricted,GPT5-Restricted,0.2563256545976343,AI,1
GPT5,Restricted,GPT5-Restricted,0.657769245885117,AI,1
GPT5,Restricted,GPT5-Restricted,0.8609779409511096,AI,1
GPT5,Restricted,GPT5-Restricted,0.760034264125838,AI,1
GPT5,Restricted,GPT5-Restricted,0.9362080234289206,AI,1
GPT5,Restricted,GPT5-Restricted,0.9514950161518538,AI,1
GPT5,Restricted,GPT5-Restricted,0.6866307005668849,AI,1
GPT5,Restricted,GPT5-Restricted,0.6074451306046934,AI,1
GPT5,Restricted,GPT5-Restricted,0.27061927309672945,AI,1
GPT5,Restricted,GPT5-Restricted,0.6822689128513169,AI,1
GPT5,Restricted,GPT5-Restricted,0.8491798154829945,AI,1
GPT5,Restricted,GPT5-Restricted,0.8622095186607728,AI,1
GPT5,Restricted,GPT5-Restricted,0.5557912869999456,AI,1
GPT5,Restricted,GPT5-Restricted,0.5385077724682353,AI,1
GPT5,Restricted,GPT5-Restricted,0.7094702978686864,AI,1
GPT5,Restricted,GPT5-Restricted,0.4650577569454455,AI,1
GPT5,Restricted,GPT5-Restricted,0.5340608173442059,AI,1
GPT5,Restricted,GPT5-Restricted,0.31766586226731736,AI,1
GPT5,Restricted,GPT5-Restricted,0.5340955395106166,AI,1
GPT5,Restricted,GPT5-Restricted,0.7886614166984167,AI,1
GPT5,Restricted,GPT5-Restricted,0.4570052945363773,AI,1
GPT5,Restricted,GPT5-Restricted,0.3963024579516862,AI,1
GPT5,Restricted,GPT5-Restricted,0.6319202342237501,AI,1
GPT5,Restricted,GPT5-Restricted,0.8208075422790723,AI,1
GPT5,Restricted,GPT5-Restricted,0.34011295776282036,AI,1
GPT5,Restricted,GPT5-Restricted,0.6022069013377012,AI,1
GPT5,Restricted,GPT5-Restricted,0.7644779819020062,AI,1
GPT5,Restricted,GPT5-Restricted,0.7231282666232196,AI,1
GPT5,Restricted,GPT5-Restricted,0.9341311418706971,AI,1
GPT5,Restricted,GPT5-Restricted,0.8047858280120131,AI,1
GPT5,Restricted,GPT5-Restricted,0.9317360411239719,AI,1
GPT5,Restricted,GPT5-Restricted,0.5576837785037939,AI,1
GPT5,Restricted,GPT5-Restricted,0.48832456540845676,AI,1
GPT5,Restricted,GPT5-Restricted,0.7595847005223042,AI,1
GPT5,Restricted,GPT5-Restricted,0.5930982752956147,AI,1
GPT5,Restricted,GPT5-Restricted,0.5235290467119125,AI,1
GPT5,Restricted,GPT5-Restricted,0.9236142403102469,AI,1
GPT5,Restricted,GPT5-Restricted,0.4056365091634344,AI,1
GPT5,Restricted,GPT5-Restricted,0.6505955821556237,AI,1
GPT5,Restricted,GPT5-Restricted,0.7765255956328235,AI,1
GPT5,Restricted,GPT5-Restricted,0.7571050972674277,AI,1
GPT5,Restricted,GPT5-Restricted,0.7585935792558627,AI,1
GPT5,Restricted,GPT5-Restricted,0.7177467196140623,AI,1
GPT5,Restricted,GPT5-Restricted,0.5400945868234805,AI,1
GPT5,Restricted,GPT5-Restricted,0.6617270938062172,AI,1
GPT5,Restricted,GPT5-Restricted,0.43530528853990014,AI,1
GPT5,Restricted,GPT5-Restricted,0.5287583544381409,AI,1
GPT5,Restricted,GPT5-Restricted,0.7917164583310268,AI,1
GPT5,Restricted,GPT5-Restricted,0.6517826832337206,AI,1
GPT5,Restricted,GPT5-Restricted,0.6422510835276989,AI,1
GPT5,Restricted,GPT5-Restricted,0.8423043240898219,AI,1
GPT5,Restricted,GPT5-Restricted,0.8103070453324018,AI,1
GPT5,Restricted,GPT5-Restricted,0.7690347398490519,AI,1
GPT5,Restricted,GPT5-Restricted,0.2942344140812052,AI,1
GPT5,Restricted,GPT5-Restricted,0.7674746323004232,AI,1
GPT5,Restricted,GPT5-Restricted,0.25998602775151397,AI,1
GPT5,Restricted,GPT5-Restricted,0.7237932142317354,AI,1
GPT5,Restricted,GPT5-Restricted,0.18659074090597713,AI,1
GPT5,Restricted,GPT5-Restricted,0.6451441906579408,AI,1
GPT5,Restricted,GPT5-Restricted,0.7893982088028663,AI,1
GPT5,Restricted,GPT5-Restricted,0.8835066253532332,AI,1
GPT5,Restricted,GPT5-Restricted,0.8667778984179679,AI,1
GPT5,Restricted,GPT5-Restricted,0.9360448512067764,AI,1
GPT5,Restricted,GPT5-Restricted,0.6422952159129134,AI,1
GPT5,Restricted,GPT5-Restricted,0.4878227623088255,AI,1
GPT5,Restricted,GPT5-Restricted,0.795942578033058,AI,1
GPT5,Restricted,GPT5-Restricted,0.7018554382828385,AI,1
GPT5,Restricted,GPT5-Restricted,0.4182884396581496,AI,1
GPT5,Restricted,GPT5-Restricted,0.5795428532810778,AI,1
GPT5,Restricted,GPT5-Restricted,0.9281916526280917,AI,1
GPT5,Restricted,GPT5-Restricted,0.8158383259139814,AI,1
GPT5,Restricted,GPT5-Restricted,0.8075796726334478,AI,1
GPT5,Restricted,GPT5-Restricted,0.784281876249103,AI,1
GPT5,Restricted,GPT5-Restricted,0.6402467581228501,AI,1
GPT5,Restricted,GPT5-Restricted,0.6069754622436441,AI,1
GPT5,Restricted,GPT5-Restricted,0.43446009463933566,AI,1
GPT5,Restricted,GPT5-Restricted,0.85402929332388,AI,1
GPT5,Restricted,GPT5-Restricted,0.8294676568893283,AI,1
GPT5,Restricted,GPT5-Restricted,0.6205877682201107,AI,1
GPT5,Restricted,GPT5-Restricted,0.33651205893543534,AI,1
GPT5,Restricted,GPT5-Restricted,0.8465816099942322,AI,1
GPT5,Restricted,GPT5-Restricted,0.4742353993188144,AI,1
GPT5,Restricted,GPT5-Restricted,0.8253965602710832,AI,1
GPT5,Restricted,GPT5-Restricted,0.6561201481020325,AI,1
GPT5,Restricted,GPT5-Restricted,0.7854265300600467,AI,1
GPT5,Restricted,GPT5-Restricted,0.7839010695478028,AI,1
GPT5,Restricted,GPT5-Restricted,0.6069520864119885,AI,1
GPT5,Restricted,GPT5-Restricted,0.7297346329276606,AI,1
GPT5,Restricted,GPT5-Restricted,0.6244681018312827,AI,1
GPT5,Restricted,GPT5-Restricted,0.8592513336252099,AI,1
GPT5,Restricted,GPT5-Restricted,0.6760587537916654,AI,1
GPT5,Restricted,GPT5-Restricted,0.8068341950950749,AI,1
GPT5,Restricted,GPT5-Restricted,0.5103540730042099,AI,1
GPT5,Restricted,GPT5-Restricted,0.39348332561301996,AI,1
GPT5,Restricted,GPT5-Restricted,0.7382004625509553,AI,1
GPT5,Restricted,GPT5-Restricted,0.6106955654996489,AI,1
GPT5,Restricted,GPT5-Restricted,0.7528221288149987,AI,1
GPT5,Restricted,GPT5-Restricted,0.8860485931927,AI,1
GPT5,Restricted,GPT5-Restricted,0.6274409466967484,AI,1
GPT5,Restricted,GPT5-Restricted,0.7774149752628509,AI,1
GPT5,Restricted,GPT5-Restricted,0.7429427007294409,AI,1
GPT5,Restricted,GPT5-Restricted,0.4784607180979305,AI,1
GPT5,Restricted,GPT5-Restricted,0.802494139647578,AI,1
GPT5,Restricted,GPT5-Restricted,0.6947189027519024,AI,1
GPT5,Restricted,GPT5-Restricted,0.9299537901521524,AI,1
GPT5,Restricted,GPT5-Restricted,0.22310505402418293,AI,1
GPT5,Restricted,GPT5-Restricted,0.6074155672852016,AI,1
GPT5,Restricted,GPT5-Restricted,0.4820831505499783,AI,1
GPT5,Restricted,GPT5-Restricted,0.5905060023417124,AI,1
GPT5,Restricted,GPT5-Restricted,0.8628852664118382,AI,1
GPT5,Restricted,GPT5-Restricted,0.859029593011106,AI,1
GPT5,Restricted,GPT5-Restricted,0.655356112274823,AI,1
GPT5,Restricted,GPT5-Restricted,0.5146385963523843,AI,1
GPT5,Restricted,GPT5-Restricted,0.8180532292484339,AI,1
GPT5,Restricted,GPT5-Restricted,0.8797585854993492,AI,1
GPT5,Restricted,GPT5-Restricted,0.6507926862886901,AI,1
GPT5,Restricted,GPT5-Restricted,0.5551722613337174,AI,1
GPT5,Restricted,GPT5-Restricted,0.5314004750087494,AI,1
GPT5,Restricted,GPT5-Restricted,0.7433658442413367,AI,1
GPT5,Restricted,GPT5-Restricted,0.7445968709129012,AI,1
GPT5,Restricted,GPT5-Restricted,0.7494942849910085,AI,1
GPT5,Restricted,GPT5-Restricted,0.7545114676321925,AI,1
GPT5,Restricted,GPT5-Restricted,0.7479516467328291,AI,1
GPT5,Restricted,GPT5-Restricted,0.7726689258696189,AI,1
GPT5,Restricted,GPT5-Restricted,0.7996041383665534,AI,1
GPT5,Restricted,GPT5-Restricted,0.8741754105103521,AI,1
GPT5,Restricted,GPT5-Restricted,0.575876299287367,AI,1
GPT5,Restricted,GPT5-Restricted,0.7096911934286083,AI,1
GPT5,Restricted,GPT5-Restricted,0.7097743157918152,AI,1
GPT5,Restricted,GPT5-Restricted,0.8490570355247029,AI,1
GPT5,Restricted,GPT5-Restricted,0.14313331204780297,AI,1
GPT5,Restricted,GPT5-Restricted,0.19331249069008968,AI,1
GPT5,Restricted,GPT5-Restricted,0.7494359472381297,AI,1
GPT5,Restricted,GPT5-Restricted,0.7276096420984405,AI,1
GPT5,Restricted,GPT5-Restricted,0.8176603565593863,AI,1
GPT5,Restricted,GPT5-Restricted,0.8697271579468867,AI,1
GPT5,Restricted,GPT5-Restricted,0.8534759016017675,AI,1
GPT5,Restricted,GPT5-Restricted,0.8879253283127106,AI,1
GPT5,Restricted,GPT5-Restricted,0.7327805557611676,AI,1
GPT5,Restricted,GPT5-Restricted,0.7093582297382662,AI,1
GPT5,Restricted,GPT5-Restricted,0.662396234258981,AI,1
GPT5,Restricted,GPT5-Restricted,0.9019870097067139,AI,1
GPT5,Restricted,GPT5-Restricted,0.6526281176944841,AI,1
GPT5,Restricted,GPT5-Restricted,0.6115562096521859,AI,1
GPT5,Restricted,GPT5-Restricted,0.5184420091770964,AI,1
GPT5,Restricted,GPT5-Restricted,0.6784336670560722,AI,1
GPT5,Restricted,GPT5-Restricted,0.3757577055606109,AI,1
GPT5,Restricted,GPT5-Restricted,0.833976674919807,AI,1
GPT5,Restricted,GPT5-Restricted,0.8132334850176579,AI,1
GPT5,Restricted,GPT5-Restricted,0.761275075606305,AI,1
GPT5,Restricted,GPT5-Restricted,0.4799843291764549,AI,1
GPT5,Restricted,GPT5-Restricted,0.775129052761093,AI,1
GPT5,Restricted,GPT5-Restricted,0.929259743420106,AI,1
GPT5,Restricted,GPT5-Restricted,0.8687106524133694,AI,1
GPT5,Restricted,GPT5-Restricted,0.8201398302489051,AI,1
GPT5,Restricted,GPT5-Restricted,0.44255139311660247,AI,1
GPT5,Restricted,GPT5-Restricted,0.654393870273188,AI,1
GPT5,Restricted,GPT5-Restricted,0.6541676546153034,AI,1
GPT5,Restricted,GPT5-Restricted,0.6625696329453886,AI,1
GPT5,Restricted,GPT5-Restricted,0.8903016880692919,AI,1
GPT5,Restricted,GPT5-Restricted,0.806865018207633,AI,1
GPT5,Restricted,GPT5-Restricted,0.764224462821452,AI,1
GPT5,Restricted,GPT5-Restricted,0.7725468244058548,AI,1
GPT5,Restricted,GPT5-Restricted,0.33114641633750813,AI,1
GPT5,Restricted,GPT5-Restricted,0.7293334234624098,AI,1
GPT5,Restricted,GPT5-Restricted,0.5198558289675007,AI,1
GPT5,Restricted,GPT5-Restricted,0.7854864304880453,AI,1
GPT5,Restricted,GPT5-Restricted,0.9045905132206211,AI,1
GPT5,Restricted,GPT5-Restricted,0.6465924906492141,AI,1
GPT5,Restricted,GPT5-Restricted,0.943943514861324,AI,1
GPT5,Restricted,GPT5-Restricted,0.8185651810085042,AI,1
GPT5,Restricted,GPT5-Restricted,0.9175264225514846,AI,1
GPT5,Restricted,GPT5-Restricted,0.8983840514735653,AI,1
GPT5,Restricted,GPT5-Restricted,0.6735956832059707,AI,1
GPT5,Restricted,GPT5-Restricted,0.6740791532244927,AI,1
GPT5,Restricted,GPT5-Restricted,0.516902329846478,AI,1
GPT5,Restricted,GPT5-Restricted,0.8876359710986484,AI,1
GPT5,Restricted,GPT5-Restricted,0.8905339155396527,AI,1
GPT5,Restricted,GPT5-Restricted,0.7607492659984285,AI,1
GPT5,Restricted,GPT5-Restricted,0.5543581750438265,AI,1
GPT5,Restricted,GPT5-Restricted,0.5950618953322786,AI,1
GPT5,Restricted,GPT5-Restricted,0.7972578489720299,AI,1
GPT5,Restricted,GPT5-Restricted,0.3957607419517024,AI,1
GPT5,Restricted,GPT5-Restricted,0.8478772081079923,AI,1
GPT5,Restricted,GPT5-Restricted,0.6060192341308409,AI,1
GPT5,Restricted,GPT5-Restricted,0.5177295642637311,AI,1
GPT5,Restricted,GPT5-Restricted,0.7823451813608916,AI,1
GPT5,Restricted,GPT5-Restricted,0.7280345706784861,AI,1
GPT5,Restricted,GPT5-Restricted,0.9026829326414014,AI,1
GPT5,Restricted,GPT5-Restricted,0.8213948509957453,AI,1
GPT5,Restricted,GPT5-Restricted,0.39787061108669053,AI,1
GPT5,Restricted,GPT5-Restricted,0.5012732631556002,AI,1
GPT5,Restricted,GPT5-Restricted,0.5734663535517925,AI,1
GPT5,Restricted,GPT5-Restricted,0.9797051933385679,AI,1
GPT5,Restricted,GPT5-Restricted,0.9415702978166045,AI,1
GPT5,Restricted,GPT5-Restricted,0.7179796647446666,AI,1
GPT5,Restricted,GPT5-Restricted,0.8632036887199896,AI,1
GPT5,Restricted,GPT5-Restricted,0.7345562355162947,AI,1
GPT5,Restricted,GPT5-Restricted,0.6950463100038382,AI,1
GPT5,Restricted,GPT5-Restricted,0.7233462921577565,AI,1
GPT5,Restricted,GPT5-Restricted,0.6979567113014421,AI,1
GPT5,Restricted,GPT5-Restricted,0.4390746869170208,AI,1
GPT5,Restricted,GPT5-Restricted,0.953498509418581,AI,1
GPT5,Restricted,GPT5-Restricted,0.8413784445945416,AI,1
GPT5,Restricted,GPT5-Restricted,0.4761287491006662,AI,1
GPT5,Restricted,GPT5-Restricted,0.6461013729654951,AI,1
GPT5,Restricted,GPT5-Restricted,0.7177265408094504,AI,1
GPT5,Restricted,GPT5-Restricted,0.8056463806991506,AI,1
GPT5,Restricted,GPT5-Restricted,0.6720069662237744,AI,1
GPT5,Restricted,GPT5-Restricted,0.5974698092971917,AI,1
GPT5,Restricted,GPT5-Restricted,0.7349036748836455,AI,1
GPT5,Restricted,GPT5-Restricted,0.8924187022836606,AI,1
GPT5,Restricted,GPT5-Restricted,0.8807012468845241,AI,1
GPT5,Restricted,GPT5-Restricted,0.9010344200744952,AI,1
GPT5,Restricted,GPT5-Restricted,0.700661194659938,AI,1
GPT5,Restricted,GPT5-Restricted,0.7942274920414151,AI,1
GPT5,Restricted,GPT5-Restricted,0.3920908840661142,AI,1
GPT5,Restricted,GPT5-Restricted,0.7637336991258643,AI,1
GPT5,Restricted,GPT5-Restricted,0.5220078334772179,AI,1
GPT5,Restricted,GPT5-Restricted,0.9206439517193036,AI,1
GPT5,Restricted,GPT5-Restricted,0.7574080584340175,AI,1
GPT5,Restricted,GPT5-Restricted,0.6715463549826445,AI,1
GPT5,Restricted,GPT5-Restricted,0.7415399439790432,AI,1
GPT5,Restricted,GPT5-Restricted,0.6658780440327794,AI,1
GPT5,Restricted,GPT5-Restricted,0.7976469136171344,AI,1
GPT5,Restricted,GPT5-Restricted,0.8506166933352606,AI,1
GPT5,Restricted,GPT5-Restricted,0.8802707060664445,AI,1
GPT5,Restricted,GPT5-Restricted,0.8053468275530511,AI,1
GPT5,Restricted,GPT5-Restricted,0.37046426097019275,AI,1
GPT5,Restricted,GPT5-Restricted,0.6978885771817951,AI,1
GPT5,Restricted,GPT5-Restricted,0.661067169329622,AI,1
GPT5,Restricted,GPT5-Restricted,0.8542988725845035,AI,1
GPT5,Restricted,GPT5-Restricted,0.7126214451473111,AI,1
GPT5,Restricted,GPT5-Restricted,0.7336654112677237,AI,1
GPT5,Restricted,GPT5-Restricted,0.9536898452446301,AI,1
GPT5,Restricted,GPT5-Restricted,0.6993044122180342,AI,1
GPT5,Restricted,GPT5-Restricted,0.4765440798289205,AI,1
GPT5,Restricted,GPT5-Restricted,0.6318078891712837,AI,1
GPT5,Restricted,GPT5-Restricted,0.6127498252334005,AI,1
GPT5,Restricted,GPT5-Restricted,0.2753124904909814,AI,1
GPT5,Restricted,GPT5-Restricted,0.5642309224003315,AI,1
GPT5,Restricted,GPT5-Restricted,0.9053814673807153,AI,1
GPT5,Restricted,GPT5-Restricted,0.5342339671228716,AI,1
GPT5,Restricted,GPT5-Restricted,0.5024692795370632,AI,1
GPT5,Restricted,GPT5-Restricted,0.7023884175472043,AI,1
GPT5,Restricted,GPT5-Restricted,0.6652868305826408,AI,1
GPT5,Restricted,GPT5-Restricted,0.3228015928082239,AI,1
GPT5,Restricted,GPT5-Restricted,0.5572336904480851,AI,1
GPT5,Restricted,GPT5-Restricted,0.7320449748720881,AI,1
GPT5,Restricted,GPT5-Restricted,0.637645849025226,AI,1
GPT5,Restricted,GPT5-Restricted,0.8789368240679225,AI,1
GPT5,Restricted,GPT5-Restricted,0.6940187296399473,AI,1
GPT5,Restricted,GPT5-Restricted,0.6114825695281044,AI,1
GPT5,Restricted,GPT5-Restricted,0.776152250225912,AI,1
GPT5,Restricted,GPT5-Restricted,0.4001859341762442,AI,1
GPT5,Restricted,GPT5-Restricted,0.47213839107164923,AI,1
GPT5,Restricted,GPT5-Restricted,0.7597940022957642,AI,1
GPT5,Restricted,GPT5-Restricted,0.7192214049369786,AI,1
GPT5,Restricted,GPT5-Restricted,0.768719883606157,AI,1
GPT5,Restricted,GPT5-Restricted,0.5596395331931526,AI,1
GPT5,Restricted,GPT5-Restricted,0.6972567060078915,AI,1
GPT5,Restricted,GPT5-Restricted,0.6740004632347583,AI,1
GPT5,Restricted,GPT5-Restricted,0.8332754776540104,AI,1
GPT5,Restricted,GPT5-Restricted,0.8852675273601056,AI,1
GPT5,Restricted,GPT5-Restricted,0.8152470891965278,AI,1
GPT5,Restricted,GPT5-Restricted,0.535182083247029,AI,1
GPT5,Restricted,GPT5-Restricted,0.8389817764446765,AI,1
GPT5,Restricted,GPT5-Restricted,0.33413407285806684,AI,1
GPT5,Restricted,GPT5-Restricted,0.44705418006744696,AI,1
GPT5,Restricted,GPT5-Restricted,0.7627052981025247,AI,1
GPT5,Restricted,GPT5-Restricted,0.5637596128447645,AI,1
GPT5,Restricted,GPT5-Restricted,0.6024579377842566,AI,1
GPT5,Restricted,GPT5-Restricted,0.7079447627935219,AI,1
GPT5,Restricted,GPT5-Restricted,0.7804240750721388,AI,1
GPT5,Restricted,GPT5-Restricted,0.8819948387253881,AI,1
GPT5,Restricted,GPT5-Restricted,0.8737329556888983,AI,1
GPT5,Restricted,GPT5-Restricted,0.3702784239814176,AI,1
GPT5,Restricted,GPT5-Restricted,0.6741649264538346,AI,1
GPT5,Restricted,GPT5-Restricted,0.4915188458658607,AI,1
GPT5,Restricted,GPT5-Restricted,0.7787059460773855,AI,1
GPT5,Restricted,GPT5-Restricted,0.8299419779871174,AI,1
GPT5,Restricted,GPT5-Restricted,0.47201209526011345,AI,1
GPT5,Restricted,GPT5-Restricted,0.5043747346882074,AI,1
GPT5,Restricted,GPT5-Restricted,0.6656073123327021,AI,1
GPT5,Restricted,GPT5-Restricted,0.8162582576182303,AI,1
GPT5,Restricted,GPT5-Restricted,0.800925563768976,AI,1
GPT5,Restricted,GPT5-Restricted,0.4512652989274104,AI,1
GPT5,Restricted,GPT5-Restricted,0.604731939636845,AI,1
GPT5,Restricted,GPT5-Restricted,0.6780003672170214,AI,1
GPT5,Restricted,GPT5-Restricted,0.7535606982107984,AI,1
GPT5,Restricted,GPT5-Restricted,0.5786145767214905,AI,1
GPT5,Restricted,GPT5-Restricted,0.8200361355694703,AI,1
GPT5,Restricted,GPT5-Restricted,0.502769762744968,AI,1
GPT5,Restricted,GPT5-Restricted,0.7205590774068937,AI,1
GPT5,Restricted,GPT5-Restricted,0.6073719691709106,AI,1
GPT5,Restricted,GPT5-Restricted,0.7761146946662204,AI,1
GPT5,Restricted,GPT5-Restricted,0.6139973509821315,AI,1
GPT5,Restricted,GPT5-Restricted,0.37804719347691784,AI,1
GPT5,Restricted,GPT5-Restricted,0.42340641540657004,AI,1
GPT5,Restricted,GPT5-Restricted,0.4011302608456905,AI,1
GPT5,Restricted,GPT5-Restricted,0.784140386132582,AI,1
GPT5,Restricted,GPT5-Restricted,0.7121847645314129,AI,1
GPT5,Restricted,GPT5-Restricted,0.8215695820912066,AI,1
GPT5,Restricted,GPT5-Restricted,0.6835216596146023,AI,1
GPT5,Restricted,GPT5-Restricted,0.46660682524324293,AI,1
GPT5,Restricted,GPT5-Restricted,0.580576999298007,AI,1
GPT5,Restricted,GPT5-Restricted,0.3459982332590618,AI,1
GPT5,Restricted,GPT5-Restricted,0.6795807085316363,AI,1
GPT5,Restricted,GPT5-Restricted,0.9581328465655928,AI,1
GPT5,Restricted,GPT5-Restricted,0.7133078702095605,AI,1
GPT5,Restricted,GPT5-Restricted,0.5997089193217441,AI,1
GPT5,Restricted,GPT5-Restricted,0.7622365399177303,AI,1
GPT5,Restricted,GPT5-Restricted,0.8350202751252158,AI,1
GPT5,Restricted,GPT5-Restricted,0.9353510339272741,AI,1
GPT5,Restricted,GPT5-Restricted,0.7274209067402119,AI,1
GPT5,Restricted,GPT5-Restricted,0.6011161073004334,AI,1
GPT5,Restricted,GPT5-Restricted,0.7850278340498275,AI,1
GPT5,Restricted,GPT5-Restricted,0.6173141798816728,AI,1
GPT5,Restricted,GPT5-Restricted,0.8109882971360474,AI,1
GPT5,Restricted,GPT5-Restricted,0.8211649901910562,AI,1
GPT5,Restricted,GPT5-Restricted,0.652806329256002,AI,1
GPT5,Restricted,GPT5-Restricted,0.8562184603488108,AI,1
